This is pdfTeX, Version 3.141592653-2.6-1.40.25 (MiKTeX 23.12) (preloaded format=pdflatex 2024.1.9)  14 AUG 2026 08:42
entering extended mode
 restricted \write18 enabled.
 file:line:error style messages enabled.
 %&-line parsing enabled.
**D:/Yogesh/GitHub/TeachingDataScience/LaTeX/Main_Course_MachineLearning_Presen
tation.tex

(D:/Yogesh/GitHub/TeachingDataScience/LaTeX/Main_Course_MachineLearning_Present
ation.tex
LaTeX2e <2023-11-01>
L3 programming layer <2024-01-04>
(C:\Users\yoges\AppData\Local\Programs\MiKTeX\tex/latex/beamer\beamer.cls
Document Class: beamer 2024/01/06 v3.71 A class for typesetting presentations

(C:\Users\yoges\AppData\Local\Programs\MiKTeX\tex/latex/beamer\beamerbasemodes.
sty (C:\Users\yoges\AppData\Local\Programs\MiKTeX\tex/latex/etoolbox\etoolbox.s
ty
Package: etoolbox 2020/10/05 v2.5k e-TeX tools for LaTeX (JAW)
\etb@tempcnta=\count187
)
\beamer@tempbox=\box51
\beamer@tempcount=\count188
\c@beamerpauses=\count189

(C:\Users\yoges\AppData\Local\Programs\MiKTeX\tex/latex/beamer\beamerbasedecode
.sty
\beamer@slideinframe=\count190
\beamer@minimum=\count191
\beamer@decode@box=\box52
)
\beamer@commentbox=\box53
\beamer@modecount=\count192
) (C:\Users\yoges\AppData\Local\Programs\MiKTeX\tex/generic/iftex\iftex.sty
Package: iftex 2022/02/03 v1.0f TeX engine tests
)
\headdp=\dimen140
\footheight=\dimen141
\sidebarheight=\dimen142
\beamer@tempdim=\dimen143
\beamer@finalheight=\dimen144
\beamer@animht=\dimen145
\beamer@animdp=\dimen146
\beamer@animwd=\dimen147
\beamer@leftmargin=\dimen148
\beamer@rightmargin=\dimen149
\beamer@leftsidebar=\dimen150
\beamer@rightsidebar=\dimen151
\beamer@boxsize=\dimen152
\beamer@vboxoffset=\dimen153
\beamer@descdefault=\dimen154
\beamer@descriptionwidth=\dimen155
\beamer@lastskip=\skip48
\beamer@areabox=\box54
\beamer@animcurrent=\box55
\beamer@animshowbox=\box56
\beamer@sectionbox=\box57
\beamer@logobox=\box58
\beamer@linebox=\box59
\beamer@sectioncount=\count193
\beamer@subsubsectionmax=\count194
\beamer@subsectionmax=\count195
\beamer@sectionmax=\count196
\beamer@totalheads=\count197
\beamer@headcounter=\count198
\beamer@partstartpage=\count199
\beamer@sectionstartpage=\count266
\beamer@subsectionstartpage=\count267
\beamer@animationtempa=\count268
\beamer@animationtempb=\count269
\beamer@xpos=\count270
\beamer@ypos=\count271
\beamer@ypos@offset=\count272
\beamer@showpartnumber=\count273
\beamer@currentsubsection=\count274
\beamer@coveringdepth=\count275
\beamer@sectionadjust=\count276
\beamer@toclastsection=\count277
\beamer@tocsectionnumber=\count278

(C:\Users\yoges\AppData\Local\Programs\MiKTeX\tex/latex/beamer\beamerbaseoption
s.sty (C:\Users\yoges\AppData\Local\Programs\MiKTeX\tex/latex/graphics\keyval.s
ty
Package: keyval 2022/05/29 v1.15 key=value parser (DPC)
\KV@toks@=\toks17
))
\beamer@paperwidth=\skip49
\beamer@paperheight=\skip50
(C:\Users\yoges\AppData\Local\Programs\MiKTeX\tex/latex/geometry\geometry.sty
Package: geometry 2020/01/02 v5.9 Page Geometry
(C:\Users\yoges\AppData\Local\Programs\MiKTeX\tex/generic/iftex\ifvtex.sty
Package: ifvtex 2019/10/25 v1.7 ifvtex legacy package. Use iftex instead.
)
\Gm@cnth=\count279
\Gm@cntv=\count280
\c@Gm@tempcnt=\count281
\Gm@bindingoffset=\dimen156
\Gm@wd@mp=\dimen157
\Gm@odd@mp=\dimen158
\Gm@even@mp=\dimen159
\Gm@layoutwidth=\dimen160
\Gm@layoutheight=\dimen161
\Gm@layouthoffset=\dimen162
\Gm@layoutvoffset=\dimen163
\Gm@dimlist=\toks18
(C:\Users\yoges\AppData\Local\Programs\MiKTeX\tex/latex/geometry\geometry.cfg))
(C:\Users\yoges\AppData\Local\Programs\MiKTeX\tex/latex/pgf/math\pgfmath.sty
(C:\Users\yoges\AppData\Local\Programs\MiKTeX\tex/latex/pgf/utilities\pgfrcs.st
y
(C:\Users\yoges\AppData\Local\Programs\MiKTeX\tex/generic/pgf/utilities\pgfutil
-common.tex
\pgfutil@everybye=\toks19
\pgfutil@tempdima=\dimen164
\pgfutil@tempdimb=\dimen165
)
(C:\Users\yoges\AppData\Local\Programs\MiKTeX\tex/generic/pgf/utilities\pgfutil
-latex.def
\pgfutil@abb=\box60
)
(C:\Users\yoges\AppData\Local\Programs\MiKTeX\tex/generic/pgf/utilities\pgfrcs.
code.tex (C:\Users\yoges\AppData\Local\Programs\MiKTeX\tex/generic/pgf\pgf.revi
sion.tex)
Package: pgfrcs 2023-01-15 v3.1.10 (3.1.10)
))
(C:\Users\yoges\AppData\Local\Programs\MiKTeX\tex/latex/pgf/utilities\pgfkeys.s
ty
(C:\Users\yoges\AppData\Local\Programs\MiKTeX\tex/generic/pgf/utilities\pgfkeys
.code.tex
\pgfkeys@pathtoks=\toks20
\pgfkeys@temptoks=\toks21

(C:\Users\yoges\AppData\Local\Programs\MiKTeX\tex/generic/pgf/utilities\pgfkeys
libraryfiltered.code.tex
\pgfkeys@tmptoks=\toks22
)))
(C:\Users\yoges\AppData\Local\Programs\MiKTeX\tex/generic/pgf/math\pgfmath.code
.tex
(C:\Users\yoges\AppData\Local\Programs\MiKTeX\tex/generic/pgf/math\pgfmathutil.
code.tex
\pgf@x=\dimen166
\pgf@xa=\dimen167
\pgf@xb=\dimen168
\pgf@xc=\dimen169
\pgf@y=\dimen170
\pgf@ya=\dimen171
\pgf@yb=\dimen172
\pgf@yc=\dimen173
\c@pgf@counta=\count282
\c@pgf@countb=\count283
\c@pgf@countc=\count284
\c@pgf@countd=\count285
)
(C:\Users\yoges\AppData\Local\Programs\MiKTeX\tex/generic/pgf/math\pgfmathparse
r.code.tex
\pgfmath@dimen=\dimen174
\pgfmath@count=\count286
\pgfmath@box=\box61
\pgfmath@toks=\toks23
\pgfmath@stack@operand=\toks24
\pgfmath@stack@operation=\toks25
)
(C:\Users\yoges\AppData\Local\Programs\MiKTeX\tex/generic/pgf/math\pgfmathfunct
ions.code.tex)
(C:\Users\yoges\AppData\Local\Programs\MiKTeX\tex/generic/pgf/math\pgfmathfunct
ions.basic.code.tex)
(C:\Users\yoges\AppData\Local\Programs\MiKTeX\tex/generic/pgf/math\pgfmathfunct
ions.trigonometric.code.tex)
(C:\Users\yoges\AppData\Local\Programs\MiKTeX\tex/generic/pgf/math\pgfmathfunct
ions.random.code.tex)
(C:\Users\yoges\AppData\Local\Programs\MiKTeX\tex/generic/pgf/math\pgfmathfunct
ions.comparison.code.tex)
(C:\Users\yoges\AppData\Local\Programs\MiKTeX\tex/generic/pgf/math\pgfmathfunct
ions.base.code.tex)
(C:\Users\yoges\AppData\Local\Programs\MiKTeX\tex/generic/pgf/math\pgfmathfunct
ions.round.code.tex)
(C:\Users\yoges\AppData\Local\Programs\MiKTeX\tex/generic/pgf/math\pgfmathfunct
ions.misc.code.tex)
(C:\Users\yoges\AppData\Local\Programs\MiKTeX\tex/generic/pgf/math\pgfmathfunct
ions.integerarithmetics.code.tex)
(C:\Users\yoges\AppData\Local\Programs\MiKTeX\tex/generic/pgf/math\pgfmathcalc.
code.tex)
(C:\Users\yoges\AppData\Local\Programs\MiKTeX\tex/generic/pgf/math\pgfmathfloat
.code.tex
\c@pgfmathroundto@lastzeros=\count287
))) (C:\Users\yoges\AppData\Local\Programs\MiKTeX\tex/latex/extsizes\size9.clo
File: size9.clo 1999/11/11 v1.4a NON-Standard LaTeX file (size option)
)
(C:\Users\yoges\AppData\Local\Programs\MiKTeX\tex/latex/pgf/basiclayer\pgfcore.
sty (C:\Users\yoges\AppData\Local\Programs\MiKTeX\tex/latex/graphics\graphicx.s
ty
Package: graphicx 2021/09/16 v1.2d Enhanced LaTeX Graphics (DPC,SPQR)
(C:\Users\yoges\AppData\Local\Programs\MiKTeX\tex/latex/graphics\graphics.sty
Package: graphics 2022/03/10 v1.4e Standard LaTeX Graphics (DPC,SPQR)
(C:\Users\yoges\AppData\Local\Programs\MiKTeX\tex/latex/graphics\trig.sty
Package: trig 2021/08/11 v1.11 sin cos tan (DPC)
)
(C:\Users\yoges\AppData\Local\Programs\MiKTeX\tex/latex/graphics-cfg\graphics.c
fg
File: graphics.cfg 2016/06/04 v1.11 sample graphics configuration
)
Package graphics Info: Driver file: pdftex.def on input line 107.

(C:\Users\yoges\AppData\Local\Programs\MiKTeX\tex/latex/graphics-def\pdftex.def
File: pdftex.def 2022/09/22 v1.2b Graphics/color driver for pdftex
))
\Gin@req@height=\dimen175
\Gin@req@width=\dimen176
)
(C:\Users\yoges\AppData\Local\Programs\MiKTeX\tex/latex/pgf/systemlayer\pgfsys.
sty
(C:\Users\yoges\AppData\Local\Programs\MiKTeX\tex/generic/pgf/systemlayer\pgfsy
s.code.tex
Package: pgfsys 2023-01-15 v3.1.10 (3.1.10)
\pgf@x=\dimen177
\pgf@y=\dimen178
\pgf@xa=\dimen179
\pgf@ya=\dimen180
\pgf@xb=\dimen181
\pgf@yb=\dimen182
\pgf@xc=\dimen183
\pgf@yc=\dimen184
\pgf@xd=\dimen185
\pgf@yd=\dimen186
\w@pgf@writea=\write3
\r@pgf@reada=\read2
\c@pgf@counta=\count288
\c@pgf@countb=\count289
\c@pgf@countc=\count290
\c@pgf@countd=\count291
\t@pgf@toka=\toks26
\t@pgf@tokb=\toks27
\t@pgf@tokc=\toks28
\pgf@sys@id@count=\count292

(C:\Users\yoges\AppData\Local\Programs\MiKTeX\tex/generic/pgf/systemlayer\pgf.c
fg
File: pgf.cfg 2023-01-15 v3.1.10 (3.1.10)
)
Driver file for pgf: pgfsys-pdftex.def

(C:\Users\yoges\AppData\Local\Programs\MiKTeX\tex/generic/pgf/systemlayer\pgfsy
s-pdftex.def
File: pgfsys-pdftex.def 2023-01-15 v3.1.10 (3.1.10)

(C:\Users\yoges\AppData\Local\Programs\MiKTeX\tex/generic/pgf/systemlayer\pgfsy
s-common-pdf.def
File: pgfsys-common-pdf.def 2023-01-15 v3.1.10 (3.1.10)
)))
(C:\Users\yoges\AppData\Local\Programs\MiKTeX\tex/generic/pgf/systemlayer\pgfsy
ssoftpath.code.tex
File: pgfsyssoftpath.code.tex 2023-01-15 v3.1.10 (3.1.10)
\pgfsyssoftpath@smallbuffer@items=\count293
\pgfsyssoftpath@bigbuffer@items=\count294
)
(C:\Users\yoges\AppData\Local\Programs\MiKTeX\tex/generic/pgf/systemlayer\pgfsy
sprotocol.code.tex
File: pgfsysprotocol.code.tex 2023-01-15 v3.1.10 (3.1.10)
)) (C:\Users\yoges\AppData\Local\Programs\MiKTeX\tex/latex/xcolor\xcolor.sty
Package: xcolor 2023/11/15 v3.01 LaTeX color extensions (UK)
(C:\Users\yoges\AppData\Local\Programs\MiKTeX\tex/latex/graphics-cfg\color.cfg
File: color.cfg 2016/01/02 v1.6 sample color configuration
)
Package xcolor Info: Driver file: pdftex.def on input line 274.
(C:\Users\yoges\AppData\Local\Programs\MiKTeX\tex/latex/graphics\mathcolor.ltx)
Package xcolor Info: Model `cmy' substituted by `cmy0' on input line 1350.
Package xcolor Info: Model `hsb' substituted by `rgb' on input line 1354.
Package xcolor Info: Model `RGB' extended on input line 1366.
Package xcolor Info: Model `HTML' substituted by `rgb' on input line 1368.
Package xcolor Info: Model `Hsb' substituted by `hsb' on input line 1369.
Package xcolor Info: Model `tHsb' substituted by `hsb' on input line 1370.
Package xcolor Info: Model `HSB' substituted by `hsb' on input line 1371.
Package xcolor Info: Model `Gray' substituted by `gray' on input line 1372.
Package xcolor Info: Model `wave' substituted by `hsb' on input line 1373.
) (C:\Users\yoges\AppData\Local\Programs\MiKTeX\tex/latex/graphics\dvipsnam.def
File: dvipsnam.def 2016/06/17 v3.0m Driver-dependent file (DPC,SPQR)
)
(C:\Users\yoges\AppData\Local\Programs\MiKTeX\tex/generic/pgf/basiclayer\pgfcor
e.code.tex
Package: pgfcore 2023-01-15 v3.1.10 (3.1.10)

(C:\Users\yoges\AppData\Local\Programs\MiKTeX\tex/generic/pgf/math\pgfint.code.
tex)
(C:\Users\yoges\AppData\Local\Programs\MiKTeX\tex/generic/pgf/basiclayer\pgfcor
epoints.code.tex
File: pgfcorepoints.code.tex 2023-01-15 v3.1.10 (3.1.10)
\pgf@picminx=\dimen187
\pgf@picmaxx=\dimen188
\pgf@picminy=\dimen189
\pgf@picmaxy=\dimen190
\pgf@pathminx=\dimen191
\pgf@pathmaxx=\dimen192
\pgf@pathminy=\dimen193
\pgf@pathmaxy=\dimen194
\pgf@xx=\dimen195
\pgf@xy=\dimen196
\pgf@yx=\dimen197
\pgf@yy=\dimen198
\pgf@zx=\dimen199
\pgf@zy=\dimen256
)
(C:\Users\yoges\AppData\Local\Programs\MiKTeX\tex/generic/pgf/basiclayer\pgfcor
epathconstruct.code.tex
File: pgfcorepathconstruct.code.tex 2023-01-15 v3.1.10 (3.1.10)
\pgf@path@lastx=\dimen257
\pgf@path@lasty=\dimen258
)
(C:\Users\yoges\AppData\Local\Programs\MiKTeX\tex/generic/pgf/basiclayer\pgfcor
epathusage.code.tex
File: pgfcorepathusage.code.tex 2023-01-15 v3.1.10 (3.1.10)
\pgf@shorten@end@additional=\dimen259
\pgf@shorten@start@additional=\dimen260
)
(C:\Users\yoges\AppData\Local\Programs\MiKTeX\tex/generic/pgf/basiclayer\pgfcor
escopes.code.tex
File: pgfcorescopes.code.tex 2023-01-15 v3.1.10 (3.1.10)
\pgfpic=\box62
\pgf@hbox=\box63
\pgf@layerbox@main=\box64
\pgf@picture@serial@count=\count295
)
(C:\Users\yoges\AppData\Local\Programs\MiKTeX\tex/generic/pgf/basiclayer\pgfcor
egraphicstate.code.tex
File: pgfcoregraphicstate.code.tex 2023-01-15 v3.1.10 (3.1.10)
\pgflinewidth=\dimen261
)
(C:\Users\yoges\AppData\Local\Programs\MiKTeX\tex/generic/pgf/basiclayer\pgfcor
etransformations.code.tex
File: pgfcoretransformations.code.tex 2023-01-15 v3.1.10 (3.1.10)
\pgf@pt@x=\dimen262
\pgf@pt@y=\dimen263
\pgf@pt@temp=\dimen264
)
(C:\Users\yoges\AppData\Local\Programs\MiKTeX\tex/generic/pgf/basiclayer\pgfcor
equick.code.tex
File: pgfcorequick.code.tex 2023-01-15 v3.1.10 (3.1.10)
)
(C:\Users\yoges\AppData\Local\Programs\MiKTeX\tex/generic/pgf/basiclayer\pgfcor
eobjects.code.tex
File: pgfcoreobjects.code.tex 2023-01-15 v3.1.10 (3.1.10)
)
(C:\Users\yoges\AppData\Local\Programs\MiKTeX\tex/generic/pgf/basiclayer\pgfcor
epathprocessing.code.tex
File: pgfcorepathprocessing.code.tex 2023-01-15 v3.1.10 (3.1.10)
)
(C:\Users\yoges\AppData\Local\Programs\MiKTeX\tex/generic/pgf/basiclayer\pgfcor
earrows.code.tex
File: pgfcorearrows.code.tex 2023-01-15 v3.1.10 (3.1.10)
\pgfarrowsep=\dimen265
)
(C:\Users\yoges\AppData\Local\Programs\MiKTeX\tex/generic/pgf/basiclayer\pgfcor
eshade.code.tex
File: pgfcoreshade.code.tex 2023-01-15 v3.1.10 (3.1.10)
\pgf@max=\dimen266
\pgf@sys@shading@range@num=\count296
\pgf@shadingcount=\count297
)
(C:\Users\yoges\AppData\Local\Programs\MiKTeX\tex/generic/pgf/basiclayer\pgfcor
eimage.code.tex
File: pgfcoreimage.code.tex 2023-01-15 v3.1.10 (3.1.10)
)
(C:\Users\yoges\AppData\Local\Programs\MiKTeX\tex/generic/pgf/basiclayer\pgfcor
eexternal.code.tex
File: pgfcoreexternal.code.tex 2023-01-15 v3.1.10 (3.1.10)
\pgfexternal@startupbox=\box65
)
(C:\Users\yoges\AppData\Local\Programs\MiKTeX\tex/generic/pgf/basiclayer\pgfcor
elayers.code.tex
File: pgfcorelayers.code.tex 2023-01-15 v3.1.10 (3.1.10)
)
(C:\Users\yoges\AppData\Local\Programs\MiKTeX\tex/generic/pgf/basiclayer\pgfcor
etransparency.code.tex
File: pgfcoretransparency.code.tex 2023-01-15 v3.1.10 (3.1.10)
)
(C:\Users\yoges\AppData\Local\Programs\MiKTeX\tex/generic/pgf/basiclayer\pgfcor
epatterns.code.tex
File: pgfcorepatterns.code.tex 2023-01-15 v3.1.10 (3.1.10)
)
(C:\Users\yoges\AppData\Local\Programs\MiKTeX\tex/generic/pgf/basiclayer\pgfcor
erdf.code.tex
File: pgfcorerdf.code.tex 2023-01-15 v3.1.10 (3.1.10)
)))
(C:\Users\yoges\AppData\Local\Programs\MiKTeX\tex/latex/pgf/utilities\xxcolor.s
ty
Package: xxcolor 2003/10/24 ver 0.1
\XC@nummixins=\count298
\XC@countmixins=\count299
) (C:\Users\yoges\AppData\Local\Programs\MiKTeX\tex/latex/base\atbegshi-ltx.sty
Package: atbegshi-ltx 2021/01/10 v1.0c Emulation of the original atbegshi
package with kernel methods
) (C:\Users\yoges\AppData\Local\Programs\MiKTeX\tex/latex/hyperref\hyperref.sty
Package: hyperref 2023-11-26 v7.01g Hypertext links for LaTeX

(C:\Users\yoges\AppData\Local\Programs\MiKTeX\tex/generic/infwarerr\infwarerr.s
ty
Package: infwarerr 2019/12/03 v1.5 Providing info/warning/error messages (HO)
)
(C:\Users\yoges\AppData\Local\Programs\MiKTeX\tex/latex/kvsetkeys\kvsetkeys.sty
Package: kvsetkeys 2022-10-05 v1.19 Key value parser (HO)
)
(C:\Users\yoges\AppData\Local\Programs\MiKTeX\tex/generic/kvdefinekeys\kvdefine
keys.sty
Package: kvdefinekeys 2019-12-19 v1.6 Define keys (HO)
)
(C:\Users\yoges\AppData\Local\Programs\MiKTeX\tex/generic/pdfescape\pdfescape.s
ty
Package: pdfescape 2019/12/09 v1.15 Implements pdfTeX's escape features (HO)
(C:\Users\yoges\AppData\Local\Programs\MiKTeX\tex/generic/ltxcmds\ltxcmds.sty
Package: ltxcmds 2023-12-04 v1.26 LaTeX kernel commands for general use (HO)
)
(C:\Users\yoges\AppData\Local\Programs\MiKTeX\tex/generic/pdftexcmds\pdftexcmds
.sty
Package: pdftexcmds 2020-06-27 v0.33 Utility functions of pdfTeX for LuaTeX (HO
)
Package pdftexcmds Info: \pdf@primitive is available.
Package pdftexcmds Info: \pdf@ifprimitive is available.
Package pdftexcmds Info: \pdfdraftmode found.
)) (C:\Users\yoges\AppData\Local\Programs\MiKTeX\tex/latex/hycolor\hycolor.sty
Package: hycolor 2020-01-27 v1.10 Color options for hyperref/bookmark (HO)
)
(C:\Users\yoges\AppData\Local\Programs\MiKTeX\tex/latex/letltxmacro\letltxmacro
.sty
Package: letltxmacro 2019/12/03 v1.6 Let assignment for LaTeX macros (HO)
) (C:\Users\yoges\AppData\Local\Programs\MiKTeX\tex/latex/auxhook\auxhook.sty
Package: auxhook 2019-12-17 v1.6 Hooks for auxiliary files (HO)
) (C:\Users\yoges\AppData\Local\Programs\MiKTeX\tex/latex/hyperref\nameref.sty
Package: nameref 2023-11-26 v2.56 Cross-referencing by name of section
(C:\Users\yoges\AppData\Local\Programs\MiKTeX\tex/latex/refcount\refcount.sty
Package: refcount 2019/12/15 v3.6 Data extraction from label references (HO)
)
(C:\Users\yoges\AppData\Local\Programs\MiKTeX\tex/generic/gettitlestring\gettit
lestring.sty
Package: gettitlestring 2019/12/15 v1.6 Cleanup title references (HO)

(C:\Users\yoges\AppData\Local\Programs\MiKTeX\tex/latex/kvoptions\kvoptions.sty
Package: kvoptions 2022-06-15 v3.15 Key value format for package options (HO)
))
\c@section@level=\count300
)
\@linkdim=\dimen267
\Hy@linkcounter=\count301
\Hy@pagecounter=\count302
(C:\Users\yoges\AppData\Local\Programs\MiKTeX\tex/latex/hyperref\pd1enc.def
File: pd1enc.def 2023-11-26 v7.01g Hyperref: PDFDocEncoding definition (HO)
Now handling font encoding PD1 ...
... no UTF-8 mapping file for font encoding PD1
) (C:\Users\yoges\AppData\Local\Programs\MiKTeX\tex/generic/intcalc\intcalc.sty
Package: intcalc 2019/12/15 v1.3 Expandable calculations with integers (HO)
)
\Hy@SavedSpaceFactor=\count303
(C:\Users\yoges\AppData\Local\Programs\MiKTeX\tex/latex/hyperref\puenc.def
File: puenc.def 2023-11-26 v7.01g Hyperref: PDF Unicode definition (HO)
Now handling font encoding PU ...
... no UTF-8 mapping file for font encoding PU
)
Package hyperref Info: Option `bookmarks' set `true' on input line 4064.
Package hyperref Info: Option `bookmarksopen' set `true' on input line 4064.
Package hyperref Info: Option `implicit' set `false' on input line 4064.
Package hyperref Info: Hyper figures OFF on input line 4181.
Package hyperref Info: Link nesting OFF on input line 4186.
Package hyperref Info: Hyper index ON on input line 4189.
Package hyperref Info: Plain pages OFF on input line 4196.
Package hyperref Info: Backreferencing OFF on input line 4201.
Package hyperref Info: Implicit mode OFF; no redefinition of LaTeX internals.
Package hyperref Info: Bookmarks ON on input line 4448.
\c@Hy@tempcnt=\count304
(C:\Users\yoges\AppData\Local\Programs\MiKTeX\tex/latex/url\url.sty
\Urlmuskip=\muskip16
Package: url 2013/09/16  ver 3.4  Verb mode for urls, etc.
)
LaTeX Info: Redefining \url on input line 4786.
\XeTeXLinkMargin=\dimen268
(C:\Users\yoges\AppData\Local\Programs\MiKTeX\tex/generic/bitset\bitset.sty
Package: bitset 2019/12/09 v1.3 Handle bit-vector datatype (HO)

(C:\Users\yoges\AppData\Local\Programs\MiKTeX\tex/generic/bigintcalc\bigintcalc
.sty
Package: bigintcalc 2019/12/15 v1.5 Expandable calculations on big integers (HO
)
))
\Fld@menulength=\count305
\Field@Width=\dimen269
\Fld@charsize=\dimen270
Package hyperref Info: Hyper figures OFF on input line 6065.
Package hyperref Info: Link nesting OFF on input line 6070.
Package hyperref Info: Hyper index ON on input line 6073.
Package hyperref Info: backreferencing OFF on input line 6080.
Package hyperref Info: Link coloring OFF on input line 6085.
Package hyperref Info: Link coloring with OCG OFF on input line 6090.
Package hyperref Info: PDF/A mode OFF on input line 6095.
\Hy@abspage=\count306

Package hyperref Message: Stopped early.

)
Package hyperref Info: Driver (autodetected): hpdftex.
(C:\Users\yoges\AppData\Local\Programs\MiKTeX\tex/latex/hyperref\hpdftex.def
File: hpdftex.def 2023-11-26 v7.01g Hyperref driver for pdfTeX
(C:\Users\yoges\AppData\Local\Programs\MiKTeX\tex/latex/base\atveryend-ltx.sty
Package: atveryend-ltx 2020/08/19 v1.0a Emulation of the original atveryend pac
kage
with kernel methods
)
\Fld@listcount=\count307
\c@bookmark@seq@number=\count308

(C:\Users\yoges\AppData\Local\Programs\MiKTeX\tex/latex/rerunfilecheck\rerunfil
echeck.sty
Package: rerunfilecheck 2022-07-10 v1.10 Rerun checks for auxiliary files (HO)

(C:\Users\yoges\AppData\Local\Programs\MiKTeX\tex/generic/uniquecounter\uniquec
ounter.sty
Package: uniquecounter 2019/12/15 v1.4 Provide unlimited unique counter (HO)
)
Package uniquecounter Info: New unique counter `rerunfilecheck' on input line 2
85.
))
(C:\Users\yoges\AppData\Local\Programs\MiKTeX\tex/latex/beamer\beamerbaserequir
es.sty
(C:\Users\yoges\AppData\Local\Programs\MiKTeX\tex/latex/beamer\beamerbasecompat
ibility.sty)
(C:\Users\yoges\AppData\Local\Programs\MiKTeX\tex/latex/beamer\beamerbasefont.s
ty (C:\Users\yoges\AppData\Local\Programs\MiKTeX\tex/latex/amsfonts\amssymb.sty
Package: amssymb 2013/01/14 v3.01 AMS font symbols
(C:\Users\yoges\AppData\Local\Programs\MiKTeX\tex/latex/amsfonts\amsfonts.sty
Package: amsfonts 2013/01/14 v3.01 Basic AMSFonts support
\@emptytoks=\toks29
\symAMSa=\mathgroup4
\symAMSb=\mathgroup5
LaTeX Font Info:    Redeclaring math symbol \hbar on input line 98.
LaTeX Font Info:    Overwriting math alphabet `\mathfrak' in version `bold'
(Font)                  U/euf/m/n --> U/euf/b/n on input line 106.
))
(C:\Users\yoges\AppData\Local\Programs\MiKTeX\tex/latex/sansmathaccent\sansmath
accent.sty
Package: sansmathaccent 2020/01/31

(C:\Users\yoges\AppData\Local\Programs\MiKTeX\tex/latex/koma-script\scrlfile.st
y
Package: scrlfile 2023/07/07 v3.41 KOMA-Script package (file load hooks)

(C:\Users\yoges\AppData\Local\Programs\MiKTeX\tex/latex/koma-script\scrlfile-ho
ok.sty
Package: scrlfile-hook 2023/07/07 v3.41 KOMA-Script package (using LaTeX hooks)


(C:\Users\yoges\AppData\Local\Programs\MiKTeX\tex/latex/koma-script\scrlogo.sty
Package: scrlogo 2023/07/07 v3.41 KOMA-Script package (logo)
)))))
(C:\Users\yoges\AppData\Local\Programs\MiKTeX\tex/latex/beamer\beamerbasetransl
ator.sty
(C:\Users\yoges\AppData\Local\Programs\MiKTeX\tex/latex/translator\translator.s
ty
Package: translator 2021-05-31 v1.12d Easy translation of strings in LaTeX
))
(C:\Users\yoges\AppData\Local\Programs\MiKTeX\tex/latex/beamer\beamerbasemisc.s
ty)
(C:\Users\yoges\AppData\Local\Programs\MiKTeX\tex/latex/beamer\beamerbasetwoscr
eens.sty)
(C:\Users\yoges\AppData\Local\Programs\MiKTeX\tex/latex/beamer\beamerbaseoverla
y.sty
\beamer@argscount=\count309
\beamer@lastskipcover=\skip51
\beamer@trivlistdepth=\count310
)
(C:\Users\yoges\AppData\Local\Programs\MiKTeX\tex/latex/beamer\beamerbasetitle.
sty)
(C:\Users\yoges\AppData\Local\Programs\MiKTeX\tex/latex/beamer\beamerbasesectio
n.sty
\c@lecture=\count311
\c@part=\count312
\c@section=\count313
\c@subsection=\count314
\c@subsubsection=\count315
)
(C:\Users\yoges\AppData\Local\Programs\MiKTeX\tex/latex/beamer\beamerbaseframe.
sty
\beamer@framebox=\box66
\beamer@frametitlebox=\box67
\beamer@zoombox=\box68
\beamer@zoomcount=\count316
\beamer@zoomframecount=\count317
\beamer@frametextheight=\dimen271
\c@subsectionslide=\count318
\beamer@frametopskip=\skip52
\beamer@framebottomskip=\skip53
\beamer@frametopskipautobreak=\skip54
\beamer@framebottomskipautobreak=\skip55
\beamer@envbody=\toks30
\framewidth=\dimen272
\c@framenumber=\count319
)
(C:\Users\yoges\AppData\Local\Programs\MiKTeX\tex/latex/beamer\beamerbaseverbat
im.sty
\beamer@verbatimfileout=\write4
)
(C:\Users\yoges\AppData\Local\Programs\MiKTeX\tex/latex/beamer\beamerbaseframes
ize.sty
\beamer@splitbox=\box69
\beamer@autobreakcount=\count320
\beamer@autobreaklastheight=\dimen273
\beamer@frametitletoks=\toks31
\beamer@framesubtitletoks=\toks32
)
(C:\Users\yoges\AppData\Local\Programs\MiKTeX\tex/latex/beamer\beamerbaseframec
omponents.sty
\beamer@footins=\box70
)
(C:\Users\yoges\AppData\Local\Programs\MiKTeX\tex/latex/beamer\beamerbasecolor.
sty)
(C:\Users\yoges\AppData\Local\Programs\MiKTeX\tex/latex/beamer\beamerbasenotes.
sty
\beamer@frameboxcopy=\box71
)
(C:\Users\yoges\AppData\Local\Programs\MiKTeX\tex/latex/beamer\beamerbasetoc.st
y)
(C:\Users\yoges\AppData\Local\Programs\MiKTeX\tex/latex/beamer\beamerbasetempla
tes.sty
\beamer@sbttoks=\toks33

(C:\Users\yoges\AppData\Local\Programs\MiKTeX\tex/latex/beamer\beamerbaseauxtem
plates.sty
(C:\Users\yoges\AppData\Local\Programs\MiKTeX\tex/latex/beamer\beamerbaseboxes.
sty
\bmb@box=\box72
\bmb@colorbox=\box73
\bmb@boxwidth=\dimen274
\bmb@boxheight=\dimen275
\bmb@prevheight=\dimen276
\bmb@temp=\dimen277
\bmb@dima=\dimen278
\bmb@dimb=\dimen279
\bmb@prevheight=\dimen280
)
\beamer@blockheadheight=\dimen281
))
(C:\Users\yoges\AppData\Local\Programs\MiKTeX\tex/latex/beamer\beamerbaselocals
tructure.sty (C:\Users\yoges\AppData\Local\Programs\MiKTeX\tex/latex/tools\enum
erate.sty
Package: enumerate 2023/07/04 v3.00 enumerate extensions (DPC)
\@enLab=\toks34
)
\beamer@bibiconwidth=\skip56
\c@figure=\count321
\c@table=\count322
\abovecaptionskip=\skip57
\belowcaptionskip=\skip58
)
(C:\Users\yoges\AppData\Local\Programs\MiKTeX\tex/latex/beamer\beamerbasenaviga
tion.sty
(C:\Users\yoges\AppData\Local\Programs\MiKTeX\tex/latex/beamer\beamerbasenaviga
tionsymbols.tex)
\beamer@section@min@dim=\dimen282
)
(C:\Users\yoges\AppData\Local\Programs\MiKTeX\tex/latex/beamer\beamerbasetheore
ms.sty (C:\Users\yoges\AppData\Local\Programs\MiKTeX\tex/latex/amsmath\amsmath.
sty
Package: amsmath 2023/05/13 v2.17o AMS math features
\@mathmargin=\skip59
For additional information on amsmath, use the `?' option.
(C:\Users\yoges\AppData\Local\Programs\MiKTeX\tex/latex/amsmath\amstext.sty
Package: amstext 2021/08/26 v2.01 AMS text
(C:\Users\yoges\AppData\Local\Programs\MiKTeX\tex/latex/amsmath\amsgen.sty
File: amsgen.sty 1999/11/30 v2.0 generic functions
\@emptytoks=\toks35
\ex@=\dimen283
)) (C:\Users\yoges\AppData\Local\Programs\MiKTeX\tex/latex/amsmath\amsbsy.sty
Package: amsbsy 1999/11/29 v1.2d Bold Symbols
\pmbraise@=\dimen284
) (C:\Users\yoges\AppData\Local\Programs\MiKTeX\tex/latex/amsmath\amsopn.sty
Package: amsopn 2022/04/08 v2.04 operator names
)
\inf@bad=\count323
LaTeX Info: Redefining \frac on input line 234.
\uproot@=\count324
\leftroot@=\count325
LaTeX Info: Redefining \overline on input line 399.
LaTeX Info: Redefining \colon on input line 410.
\classnum@=\count326
\DOTSCASE@=\count327
LaTeX Info: Redefining \ldots on input line 496.
LaTeX Info: Redefining \dots on input line 499.
LaTeX Info: Redefining \cdots on input line 620.
\Mathstrutbox@=\box74
\strutbox@=\box75
LaTeX Info: Redefining \big on input line 722.
LaTeX Info: Redefining \Big on input line 723.
LaTeX Info: Redefining \bigg on input line 724.
LaTeX Info: Redefining \Bigg on input line 725.
\big@size=\dimen285
LaTeX Font Info:    Redeclaring font encoding OML on input line 743.
LaTeX Font Info:    Redeclaring font encoding OMS on input line 744.
\macc@depth=\count328
LaTeX Info: Redefining \bmod on input line 905.
LaTeX Info: Redefining \pmod on input line 910.
LaTeX Info: Redefining \smash on input line 940.
LaTeX Info: Redefining \relbar on input line 970.
LaTeX Info: Redefining \Relbar on input line 971.
\c@MaxMatrixCols=\count329
\dotsspace@=\muskip17
\c@parentequation=\count330
\dspbrk@lvl=\count331
\tag@help=\toks36
\row@=\count332
\column@=\count333
\maxfields@=\count334
\andhelp@=\toks37
\eqnshift@=\dimen286
\alignsep@=\dimen287
\tagshift@=\dimen288
\tagwidth@=\dimen289
\totwidth@=\dimen290
\lineht@=\dimen291
\@envbody=\toks38
\multlinegap=\skip60
\multlinetaggap=\skip61
\mathdisplay@stack=\toks39
LaTeX Info: Redefining \[ on input line 2953.
LaTeX Info: Redefining \] on input line 2954.
) (C:\Users\yoges\AppData\Local\Programs\MiKTeX\tex/latex/amscls\amsthm.sty
Package: amsthm 2020/05/29 v2.20.6
\thm@style=\toks40
\thm@bodyfont=\toks41
\thm@headfont=\toks42
\thm@notefont=\toks43
\thm@headpunct=\toks44
\thm@preskip=\skip62
\thm@postskip=\skip63
\thm@headsep=\skip64
\dth@everypar=\toks45
)
\c@theorem=\count335
)
(C:\Users\yoges\AppData\Local\Programs\MiKTeX\tex/latex/beamer\beamerbasethemes
.sty))
(C:\Users\yoges\AppData\Local\Programs\MiKTeX\tex/latex/beamer\beamerthemedefau
lt.sty
(C:\Users\yoges\AppData\Local\Programs\MiKTeX\tex/latex/beamer\beamerfontthemed
efault.sty)
(C:\Users\yoges\AppData\Local\Programs\MiKTeX\tex/latex/beamer\beamercolortheme
default.sty)
(C:\Users\yoges\AppData\Local\Programs\MiKTeX\tex/latex/beamer\beamerinnertheme
default.sty
\beamer@dima=\dimen292
\beamer@dimb=\dimen293
)
(C:\Users\yoges\AppData\Local\Programs\MiKTeX\tex/latex/beamer\beameroutertheme
default.sty))) (template_presentation.tex
(C:\Users\yoges\AppData\Local\Programs\MiKTeX\tex/latex/beamer\beamerthemeshado
w.sty
(C:\Users\yoges\AppData\Local\Programs\MiKTeX\tex/latex/beamer\beamerinnertheme
rounded.sty)
(C:\Users\yoges\AppData\Local\Programs\MiKTeX\tex/latex/beamer\beamercolortheme
orchid.sty)
(C:\Users\yoges\AppData\Local\Programs\MiKTeX\tex/latex/beamer\beamercolortheme
whale.sty)
(C:\Users\yoges\AppData\Local\Programs\MiKTeX\tex/latex/beamer\beameroutertheme
shadow.sty
(C:\Users\yoges\AppData\Local\Programs\MiKTeX\tex/latex/beamer\beameroutertheme
split.sty))
(C:\Users\yoges\AppData\Local\Programs\MiKTeX\tex/latex/beamer\beamerfontthemes
tructurebold.sty))
(C:\Users\yoges\AppData\Local\Programs\MiKTeX\tex/latex/adjustbox\adjustbox.sty
Package: adjustbox 2022/10/17 v1.3a Adjusting TeX boxes (trim, clip, ...)
(C:\Users\yoges\AppData\Local\Programs\MiKTeX\tex/latex/xkeyval\xkeyval.sty
Package: xkeyval 2022/06/16 v2.9 package option processing (HA)
(C:\Users\yoges\AppData\Local\Programs\MiKTeX\tex/generic/xkeyval\xkeyval.tex (
C:\Users\yoges\AppData\Local\Programs\MiKTeX\tex/generic/xkeyval\xkvutils.tex
\XKV@toks=\toks46
\XKV@tempa@toks=\toks47
)
\XKV@depth=\count336
File: xkeyval.tex 2014/12/03 v2.7a key=value parser (HA)
)) (C:\Users\yoges\AppData\Local\Programs\MiKTeX\tex/latex/adjustbox\adjcalc.st
y
Package: adjcalc 2012/05/16 v1.1 Provides advanced setlength with multiple back
-ends (calc, etex, pgfmath)
) (C:\Users\yoges\AppData\Local\Programs\MiKTeX\tex/latex/adjustbox\trimclip.st
y
Package: trimclip 2020/08/19 v1.2 Trim and clip general TeX material

(C:\Users\yoges\AppData\Local\Programs\MiKTeX\tex/latex/collectbox\collectbox.s
ty
Package: collectbox 2022/10/17 v0.4c Collect macro arguments as boxes
\collectedbox=\box76
)
\tc@llx=\dimen294
\tc@lly=\dimen295
\tc@urx=\dimen296
\tc@ury=\dimen297
Package trimclip Info: Using driver 'tc-pdftex.def'.

(C:\Users\yoges\AppData\Local\Programs\MiKTeX\tex/latex/adjustbox\tc-pdftex.def
File: tc-pdftex.def 2019/01/04 v2.2 Clipping driver for pdftex
))
\adjbox@Width=\dimen298
\adjbox@Height=\dimen299
\adjbox@Depth=\dimen300
\adjbox@Totalheight=\dimen301
\adjbox@pwidth=\dimen302
\adjbox@pheight=\dimen303
\adjbox@pdepth=\dimen304
\adjbox@ptotalheight=\dimen305

(C:\Users\yoges\AppData\Local\Programs\MiKTeX\tex/latex/ifoddpage\ifoddpage.sty
Package: ifoddpage 2022/10/18 v1.2 Conditionals for odd/even page detection
\c@checkoddpage=\count337
) (C:\Users\yoges\AppData\Local\Programs\MiKTeX\tex/latex/varwidth\varwidth.sty
Package: varwidth 2009/03/30 ver 0.92;  Variable-width minipages
\@vwid@box=\box77
\sift@deathcycles=\count338
\@vwid@loff=\dimen306
\@vwid@roff=\dimen307
)) (C:\Users\yoges\AppData\Local\Programs\MiKTeX\tex/latex/lm\lmodern.sty
Package: lmodern 2015/05/01 v1.6.1 Latin Modern Fonts
LaTeX Font Info:    Overwriting symbol font `operators' in version `normal'
(Font)                  OT1/cmr/m/n --> OT1/lmr/m/n on input line 22.
LaTeX Font Info:    Overwriting symbol font `letters' in version `normal'
(Font)                  OML/cmm/m/it --> OML/lmm/m/it on input line 23.
LaTeX Font Info:    Overwriting symbol font `symbols' in version `normal'
(Font)                  OMS/cmsy/m/n --> OMS/lmsy/m/n on input line 24.
LaTeX Font Info:    Overwriting symbol font `largesymbols' in version `normal'
(Font)                  OMX/cmex/m/n --> OMX/lmex/m/n on input line 25.
LaTeX Font Info:    Overwriting symbol font `operators' in version `bold'
(Font)                  OT1/cmr/bx/n --> OT1/lmr/bx/n on input line 26.
LaTeX Font Info:    Overwriting symbol font `letters' in version `bold'
(Font)                  OML/cmm/b/it --> OML/lmm/b/it on input line 27.
LaTeX Font Info:    Overwriting symbol font `symbols' in version `bold'
(Font)                  OMS/cmsy/b/n --> OMS/lmsy/b/n on input line 28.
LaTeX Font Info:    Overwriting symbol font `largesymbols' in version `bold'
(Font)                  OMX/cmex/m/n --> OMX/lmex/m/n on input line 29.
LaTeX Font Info:    Overwriting math alphabet `\mathbf' in version `normal'
(Font)                  OT1/cmr/bx/n --> OT1/lmr/bx/n on input line 31.
LaTeX Font Info:    Overwriting math alphabet `\mathsf' in version `normal'
(Font)                  OT1/cmss/m/n --> OT1/lmss/m/n on input line 32.
LaTeX Font Info:    Overwriting math alphabet `\mathit' in version `normal'
(Font)                  OT1/cmr/m/it --> OT1/lmr/m/it on input line 33.
LaTeX Font Info:    Overwriting math alphabet `\mathtt' in version `normal'
(Font)                  OT1/cmtt/m/n --> OT1/lmtt/m/n on input line 34.
LaTeX Font Info:    Overwriting math alphabet `\mathbf' in version `bold'
(Font)                  OT1/cmr/bx/n --> OT1/lmr/bx/n on input line 35.
LaTeX Font Info:    Overwriting math alphabet `\mathsf' in version `bold'
(Font)                  OT1/cmss/bx/n --> OT1/lmss/bx/n on input line 36.
LaTeX Font Info:    Overwriting math alphabet `\mathit' in version `bold'
(Font)                  OT1/cmr/bx/it --> OT1/lmr/bx/it on input line 37.
LaTeX Font Info:    Overwriting math alphabet `\mathtt' in version `bold'
(Font)                  OT1/cmtt/m/n --> OT1/lmtt/m/n on input line 38.
) (C:\Users\yoges\AppData\Local\Programs\MiKTeX\tex/latex/booktabs\booktabs.sty
Package: booktabs 2020/01/12 v1.61803398 Publication quality tables
\heavyrulewidth=\dimen308
\lightrulewidth=\dimen309
\cmidrulewidth=\dimen310
\belowrulesep=\dimen311
\belowbottomsep=\dimen312
\aboverulesep=\dimen313
\abovetopsep=\dimen314
\cmidrulesep=\dimen315
\cmidrulekern=\dimen316
\defaultaddspace=\dimen317
\@cmidla=\count339
\@cmidlb=\count340
\@aboverulesep=\dimen318
\@belowrulesep=\dimen319
\@thisruleclass=\count341
\@lastruleclass=\count342
\@thisrulewidth=\dimen320
) (C:\Users\yoges\AppData\Local\Programs\MiKTeX\tex/generic/babel\babel.sty
Package: babel 2023/12/10 v3.99 The Babel package
\babel@savecnt=\count343
\U@D=\dimen321
\l@unhyphenated=\language79
(C:\Users\yoges\AppData\Local\Programs\MiKTeX\tex/generic/babel\txtbabel.def)
\bbl@readstream=\read3
LaTeX Info: Redefining \textlatin on input line 3986.
\bbl@dirlevel=\count344
*************************************
* Local config file bblopts.cfg used
*
(C:\Users\yoges\AppData\Local\Programs\MiKTeX\tex/latex/arabi\bblopts.cfg
File: bblopts.cfg 2005/09/08 v0.1 add Arabic and Farsi to "declared" options of
 babel
)
(C:\Users\yoges\AppData\Local\Programs\MiKTeX\tex/latex/babel-english\english.l
df
Language: english 2017/06/06 v3.3r English support from the babel system
Package babel Info: Hyphen rules for 'canadian' set to \l@english
(babel)             (\language0). Reported on input line 102.
Package babel Info: Hyphen rules for 'australian' set to \l@ukenglish
(babel)             (\language73). Reported on input line 105.
Package babel Info: Hyphen rules for 'newzealand' set to \l@ukenglish
(babel)             (\language73). Reported on input line 108.
))
(C:\Users\yoges\AppData\Local\Programs\MiKTeX\tex/generic/babel/locale/en\babel
-english.tex
Package babel Info: Importing font and identification data for english
(babel)             from babel-en.ini. Reported on input line 11.
)
(C:\Users\yoges\AppData\Local\Programs\MiKTeX\tex/latex/tikz-qtree\tikz-qtree.s
ty
(C:\Users\yoges\AppData\Local\Programs\MiKTeX\tex/latex/pgf/frontendlayer\tikz.
sty (C:\Users\yoges\AppData\Local\Programs\MiKTeX\tex/latex/pgf/basiclayer\pgf.
sty
Package: pgf 2023-01-15 v3.1.10 (3.1.10)

(C:\Users\yoges\AppData\Local\Programs\MiKTeX\tex/generic/pgf/modules\pgfmodule
shapes.code.tex
File: pgfmoduleshapes.code.tex 2023-01-15 v3.1.10 (3.1.10)
\pgfnodeparttextbox=\box78
)
(C:\Users\yoges\AppData\Local\Programs\MiKTeX\tex/generic/pgf/modules\pgfmodule
plot.code.tex
File: pgfmoduleplot.code.tex 2023-01-15 v3.1.10 (3.1.10)
)
(C:\Users\yoges\AppData\Local\Programs\MiKTeX\tex/latex/pgf/compatibility\pgfco
mp-version-0-65.sty
Package: pgfcomp-version-0-65 2023-01-15 v3.1.10 (3.1.10)
\pgf@nodesepstart=\dimen322
\pgf@nodesepend=\dimen323
)
(C:\Users\yoges\AppData\Local\Programs\MiKTeX\tex/latex/pgf/compatibility\pgfco
mp-version-1-18.sty
Package: pgfcomp-version-1-18 2023-01-15 v3.1.10 (3.1.10)
))
(C:\Users\yoges\AppData\Local\Programs\MiKTeX\tex/latex/pgf/utilities\pgffor.st
y
(C:\Users\yoges\AppData\Local\Programs\MiKTeX\tex/generic/pgf/utilities\pgffor.
code.tex
Package: pgffor 2023-01-15 v3.1.10 (3.1.10)
\pgffor@iter=\dimen324
\pgffor@skip=\dimen325
\pgffor@stack=\toks48
\pgffor@toks=\toks49
))
(C:\Users\yoges\AppData\Local\Programs\MiKTeX\tex/generic/pgf/frontendlayer/tik
z\tikz.code.tex
Package: tikz 2023-01-15 v3.1.10 (3.1.10)

(C:\Users\yoges\AppData\Local\Programs\MiKTeX\tex/generic/pgf/libraries\pgflibr
aryplothandlers.code.tex
File: pgflibraryplothandlers.code.tex 2023-01-15 v3.1.10 (3.1.10)
\pgf@plot@mark@count=\count345
\pgfplotmarksize=\dimen326
)
\tikz@lastx=\dimen327
\tikz@lasty=\dimen328
\tikz@lastxsaved=\dimen329
\tikz@lastysaved=\dimen330
\tikz@lastmovetox=\dimen331
\tikz@lastmovetoy=\dimen332
\tikzleveldistance=\dimen333
\tikzsiblingdistance=\dimen334
\tikz@figbox=\box79
\tikz@figbox@bg=\box80
\tikz@tempbox=\box81
\tikz@tempbox@bg=\box82
\tikztreelevel=\count346
\tikznumberofchildren=\count347
\tikznumberofcurrentchild=\count348
\tikz@fig@count=\count349

(C:\Users\yoges\AppData\Local\Programs\MiKTeX\tex/generic/pgf/modules\pgfmodule
matrix.code.tex
File: pgfmodulematrix.code.tex 2023-01-15 v3.1.10 (3.1.10)
\pgfmatrixcurrentrow=\count350
\pgfmatrixcurrentcolumn=\count351
\pgf@matrix@numberofcolumns=\count352
)
\tikz@expandcount=\count353

(C:\Users\yoges\AppData\Local\Programs\MiKTeX\tex/generic/pgf/frontendlayer/tik
z/libraries\tikzlibrarytopaths.code.tex
File: tikzlibrarytopaths.code.tex 2023-01-15 v3.1.10 (3.1.10)
))) (C:\Users\yoges\AppData\Local\Programs\MiKTeX\tex/latex/tikz-qtree\pgftree.
sty
(C:\Users\yoges\AppData\Local\Programs\MiKTeX\tex/latex/tikz-qtree\pgfsubpic.st
y
(C:\Users\yoges\AppData\Local\Programs\MiKTeX\tex/generic/tikz-qtree\pgfsubpic.
tex
\pgf@subpicminx=\dimen335
\pgf@subpicminy=\dimen336
\pgf@subpicmaxx=\dimen337
\pgf@subpicmaxy=\dimen338
))
(C:\Users\yoges\AppData\Local\Programs\MiKTeX\tex/generic/tikz-qtree\pgftree.te
x
\levelsep=\dimen339
\subtreesep=\dimen340
\smuggle@levelsep=\dimen341
\smuggle@subtreesep=\dimen342
\this@levelsep=\dimen343
\this@subtreesep=\dimen344
\pgftree@childx=\dimen345
\pgftree@savechildx=\dimen346
\pgftree@childy=\dimen347
\pgftree@savechildy=\dimen348
\pgftree@childi=\count354
\pgftree@savechildi=\count355
\pgftree@level=\count356
\pgftree@depth=\dimen349
\pgf@subpic@hbox@children=\box83
\pgf@subpic@minx@children=\dimen350
\pgf@subpic@miny@children=\dimen351
\pgf@subpic@maxx@children=\dimen352
\pgf@subpic@maxy@children=\dimen353
\pgftree@lastchildx=\dimen354
\pgftree@lastchildy=\dimen355
))
(C:\Users\yoges\AppData\Local\Programs\MiKTeX\tex/generic/tikz-qtree\tikz-qtree
.tex
\@result=\toks50
\child@list=\toks51
\root@node=\toks52
)) (C:\Users\yoges\AppData\Local\Programs\MiKTeX\tex/latex/media9\media9.sty
Package: media9 2022/08/04 v1.25 acrobat-9/X compatible media
\g_mix_pkgresizeflag_int=\count357
(C:\Users\yoges\AppData\Local\Programs\MiKTeX\tex/latex/media9\pdfbase.sty
Package: pdfbase 2022/08/04 v0.55 driver independent access to low-level PDF fe
atures

(C:\Users\yoges\AppData\Local\Programs\MiKTeX\tex/latex/l3backend\l3backend-pdf
tex.def
File: l3backend-pdftex.def 2024-01-04 L3 backend support: PDF output (pdfTeX)
\l__color_backend_stack_int=\count358
\l__pdf_internal_box=\box84
)
\g_pbs_page_int=\count359
\g_pbs_oc_int=\count360
) (C:\Users\yoges\AppData\Local\Programs\MiKTeX\tex/latex/ocgx2\ocgbase.sty
Package: ocgbase 2022/08/04 v0.22 support package for ocgx2.sty
\g_ocgbase_nd_int=\count361
)
\l_mix_poster_box=\box85
\g_mix_wd_dim=\dimen356
\g_mix_ht_dim=\dimen357
\g_mix_dp_dim=\dimen358
\g_mix_rmcnt_int=\count362
\l_mix_viewcnt_int=\count363
\g@mix@page@int=\count364
\g_mix_resizeflag_int=\count365
\l_mix_lineno_int=\count366
\l_mix_pbtn_box=\box86
\g_mix_mbtncnt_int=\count367
\mix@btn@dim=\dimen359
) (C:\Users\yoges\AppData\Local\Programs\MiKTeX\tex/latex/makecell\makecell.sty
Package: makecell 2009/08/03 V0.1e Managing of Tab Column Heads and Cells
(C:\Users\yoges\AppData\Local\Programs\MiKTeX\tex/latex/tools\array.sty
Package: array 2023/10/16 v2.5g Tabular extension package (FMi)
\col@sep=\dimen360
\ar@mcellbox=\box87
\extrarowheight=\dimen361
\NC@list=\toks53
\extratabsurround=\skip65
\backup@length=\skip66
\ar@cellbox=\box88
)
\rotheadsize=\dimen362
\c@nlinenum=\count368
\TeXr@lab=\toks54
) (C:\Users\yoges\AppData\Local\Programs\MiKTeX\tex/latex/beamer\multimedia.sty
Package: multimedia 2012/05/02 ver 0.02
(C:\Users\yoges\AppData\Local\Programs\MiKTeX\tex/generic/iftex\ifpdf.sty
Package: ifpdf 2019/10/25 v3.4 ifpdf legacy package. Use iftex instead.
)
\mm@movie=\count369
) (C:\Users\yoges\AppData\Local\Programs\MiKTeX\tex/latex/listings\listings.sty
\lst@mode=\count370
\lst@gtempboxa=\box89
\lst@token=\toks55
\lst@length=\count371
\lst@currlwidth=\dimen363
\lst@column=\count372
\lst@pos=\count373
\lst@lostspace=\dimen364
\lst@width=\dimen365
\lst@newlines=\count374
\lst@lineno=\count375
\lst@maxwidth=\dimen366
(C:\Users\yoges\AppData\Local\Programs\MiKTeX\tex/latex/listings\lstmisc.sty
File: lstmisc.sty 2023/02/27 1.9 (Carsten Heinz)
\c@lstnumber=\count376
\lst@skipnumbers=\count377
\lst@framebox=\box90
) (C:\Users\yoges\AppData\Local\Programs\MiKTeX\tex/latex/listings\listings.cfg
File: listings.cfg 2023/02/27 1.9 listings configuration
))
Package: listings 2023/02/27 1.9 (Carsten Heinz)
(C:\Users\yoges\AppData\Local\Programs\MiKTeX\tex/latex/upquote\upquote.sty
Package: upquote 2012/04/19 v1.3 upright-quote and grave-accent glyphs in verba
tim
(C:\Users\yoges\AppData\Local\Programs\MiKTeX\tex/latex/base\textcomp.sty
Package: textcomp 2020/02/02 v2.0n Standard LaTeX package
))
(C:\Users\yoges\AppData\Local\Programs\MiKTeX\tex/latex/algorithms\algorithm.st
y
Package: algorithm 2009/08/24 v0.1 Document Style `algorithm' - floating enviro
nment
(C:\Users\yoges\AppData\Local\Programs\MiKTeX\tex/latex/float\float.sty
Package: float 2001/11/08 v1.3d Float enhancements (AL)
\c@float@type=\count378
\float@exts=\toks56
\float@box=\box91
\@float@everytoks=\toks57
\@floatcapt=\box92
) (C:\Users\yoges\AppData\Local\Programs\MiKTeX\tex/latex/base\ifthen.sty
Package: ifthen 2022/04/13 v1.1d Standard LaTeX ifthen package (DPC)
)
\@float@every@algorithm=\toks58
\c@algorithm=\count379
)
(C:\Users\yoges\AppData\Local\Programs\MiKTeX\tex/latex/algorithms\algorithmic.
sty
Package: algorithmic 2009/08/24 v0.1 Document Style `algorithmic'
\c@ALC@unique=\count380
\c@ALC@line=\count381
\c@ALC@rem=\count382
\c@ALC@depth=\count383
\ALC@tlm=\skip67
\algorithmicindent=\skip68
) (C:\Users\yoges\AppData\Local\Programs\MiKTeX\tex/latex/listings\lstlang1.sty
File: lstlang1.sty 2023/02/27 1.9 listings language file
)
(C:\Users\yoges\AppData\Local\Programs\MiKTeX\tex/latex/beamer\beamerthemeWarsa
w.sty)
(C:\Users\yoges\AppData\Local\Programs\MiKTeX\tex/latex/beamer\beamerfontthemes
tructuresmallcapsserif.sty)
(C:\Users\yoges\AppData\Local\Programs\MiKTeX\tex/latex/beamer\beameroutertheme
miniframes.sty))
LaTeX Font Info:    Trying to load font information for OT1+lmss on input line 
8.
(C:\Users\yoges\AppData\Local\Programs\MiKTeX\tex/latex/lm\ot1lmss.fd
File: ot1lmss.fd 2015/05/01 v1.6.1 Font defs for Latin Modern
)
No file Main_Course_MachineLearning_Presentation.aux.
\openout1 = `Main_Course_MachineLearning_Presentation.aux'.

LaTeX Font Info:    Checking defaults for OML/cmm/m/it on input line 8.
LaTeX Font Info:    ... okay on input line 8.
LaTeX Font Info:    Checking defaults for OMS/cmsy/m/n on input line 8.
LaTeX Font Info:    ... okay on input line 8.
LaTeX Font Info:    Checking defaults for OT1/cmr/m/n on input line 8.
LaTeX Font Info:    ... okay on input line 8.
LaTeX Font Info:    Checking defaults for T1/cmr/m/n on input line 8.
LaTeX Font Info:    ... okay on input line 8.
LaTeX Font Info:    Checking defaults for TS1/cmr/m/n on input line 8.
LaTeX Font Info:    ... okay on input line 8.
LaTeX Font Info:    Checking defaults for OMX/cmex/m/n on input line 8.
LaTeX Font Info:    ... okay on input line 8.
LaTeX Font Info:    Checking defaults for U/cmr/m/n on input line 8.
LaTeX Font Info:    ... okay on input line 8.
LaTeX Font Info:    Checking defaults for PD1/pdf/m/n on input line 8.
LaTeX Font Info:    ... okay on input line 8.
LaTeX Font Info:    Checking defaults for PU/pdf/m/n on input line 8.
LaTeX Font Info:    ... okay on input line 8.
*geometry* driver: auto-detecting
*geometry* detected driver: pdftex
*geometry* verbose mode - [ preamble ] result:
* driver: pdftex
* paper: custom
* layout: <same size as paper>
* layoutoffset:(h,v)=(0.0pt,0.0pt)
* modes: includehead includefoot 
* h-part:(L,W,R)=(28.45274pt, 307.28987pt, 28.45274pt)
* v-part:(T,H,B)=(0.0pt, 273.14662pt, 0.0pt)
* \paperwidth=364.19536pt
* \paperheight=273.14662pt
* \textwidth=307.28987pt
* \textheight=244.6939pt
* \oddsidemargin=-43.81725pt
* \evensidemargin=-43.81725pt
* \topmargin=-72.26999pt
* \headheight=14.22636pt
* \headsep=0.0pt
* \topskip=9.0pt
* \footskip=14.22636pt
* \marginparwidth=4.0pt
* \marginparsep=10.0pt
* \columnsep=10.0pt
* \skip\footins=8.0pt plus 4.0pt minus 2.0pt
* \hoffset=0.0pt
* \voffset=0.0pt
* \mag=1000
* \@twocolumnfalse
* \@twosidefalse
* \@mparswitchfalse
* \@reversemarginfalse
* (1in=72.27pt=25.4mm, 1cm=28.453pt)


(C:\Users\yoges\AppData\Local\Programs\MiKTeX\tex/context/base/mkii\supp-pdf.mk
ii
[Loading MPS to PDF converter (version 2006.09.02).]
\scratchcounter=\count384
\scratchdimen=\dimen367
\scratchbox=\box93
\nofMPsegments=\count385
\nofMParguments=\count386
\everyMPshowfont=\toks59
\MPscratchCnt=\count387
\MPscratchDim=\dimen368
\MPnumerator=\count388
\makeMPintoPDFobject=\count389
\everyMPtoPDFconversion=\toks60
)
(C:\Users\yoges\AppData\Local\Programs\MiKTeX\tex/latex/epstopdf-pkg\epstopdf-b
ase.sty
Package: epstopdf-base 2020-01-24 v2.11 Base part for package epstopdf
Package epstopdf-base Info: Redefining graphics rule for `.eps' on input line 4
85.

(C:\Users\yoges\AppData\Local\Programs\MiKTeX\tex/latex/00miktex\epstopdf-sys.c
fg
File: epstopdf-sys.cfg 2021/03/18 v2.0 Configuration of epstopdf for MiKTeX
))
Package hyperref Info: Link coloring OFF on input line 8.
\@outlinefile=\write5
\openout5 = `Main_Course_MachineLearning_Presentation.out'.

LaTeX Font Info:    Overwriting symbol font `operators' in version `normal'
(Font)                  OT1/lmr/m/n --> OT1/cmss/m/n on input line 8.
LaTeX Font Info:    Overwriting symbol font `operators' in version `bold'
(Font)                  OT1/lmr/bx/n --> OT1/cmss/b/n on input line 8.
LaTeX Font Info:    Overwriting symbol font `operators' in version `normal'
(Font)                  OT1/cmss/m/n --> OT1/lmss/m/n on input line 8.
LaTeX Font Info:    Overwriting symbol font `operators' in version `bold'
(Font)                  OT1/cmss/b/n --> OT1/lmss/b/n on input line 8.
\symnumbers=\mathgroup6
\sympureletters=\mathgroup7
LaTeX Font Info:    Overwriting math alphabet `\mathrm' in version `normal'
(Font)                  OT1/lmss/m/n --> OT1/lmr/m/n on input line 8.
LaTeX Font Info:    Redeclaring math alphabet \mathbf on input line 8.
LaTeX Font Info:    Overwriting math alphabet `\mathbf' in version `normal'
(Font)                  OT1/lmr/bx/n --> OT1/lmss/b/n on input line 8.
LaTeX Font Info:    Overwriting math alphabet `\mathbf' in version `bold'
(Font)                  OT1/lmr/bx/n --> OT1/lmss/b/n on input line 8.
LaTeX Font Info:    Redeclaring math alphabet \mathsf on input line 8.
LaTeX Font Info:    Overwriting math alphabet `\mathsf' in version `normal'
(Font)                  OT1/lmss/m/n --> OT1/lmss/m/n on input line 8.
LaTeX Font Info:    Overwriting math alphabet `\mathsf' in version `bold'
(Font)                  OT1/lmss/bx/n --> OT1/lmss/m/n on input line 8.
LaTeX Font Info:    Redeclaring math alphabet \mathit on input line 8.
LaTeX Font Info:    Overwriting math alphabet `\mathit' in version `normal'
(Font)                  OT1/lmr/m/it --> OT1/lmss/m/it on input line 8.
LaTeX Font Info:    Overwriting math alphabet `\mathit' in version `bold'
(Font)                  OT1/lmr/bx/it --> OT1/lmss/m/it on input line 8.
LaTeX Font Info:    Redeclaring math alphabet \mathtt on input line 8.
LaTeX Font Info:    Overwriting math alphabet `\mathtt' in version `normal'
(Font)                  OT1/lmtt/m/n --> OT1/lmtt/m/n on input line 8.
LaTeX Font Info:    Overwriting math alphabet `\mathtt' in version `bold'
(Font)                  OT1/lmtt/m/n --> OT1/lmtt/m/n on input line 8.
LaTeX Font Info:    Overwriting symbol font `numbers' in version `bold'
(Font)                  OT1/lmss/m/n --> OT1/lmss/b/n on input line 8.
LaTeX Font Info:    Overwriting symbol font `pureletters' in version `bold'
(Font)                  OT1/lmss/m/it --> OT1/lmss/b/it on input line 8.
LaTeX Font Info:    Overwriting math alphabet `\mathrm' in version `bold'
(Font)                  OT1/lmss/b/n --> OT1/lmr/b/n on input line 8.
LaTeX Font Info:    Overwriting math alphabet `\mathbf' in version `bold'
(Font)                  OT1/lmss/b/n --> OT1/lmss/b/n on input line 8.
LaTeX Font Info:    Overwriting math alphabet `\mathsf' in version `bold'
(Font)                  OT1/lmss/m/n --> OT1/lmss/b/n on input line 8.
LaTeX Font Info:    Overwriting math alphabet `\mathit' in version `bold'
(Font)                  OT1/lmss/m/it --> OT1/lmss/b/it on input line 8.
LaTeX Font Info:    Overwriting math alphabet `\mathtt' in version `bold'
(Font)                  OT1/lmtt/m/n --> OT1/lmtt/b/n on input line 8.

(C:\Users\yoges\AppData\Local\Programs\MiKTeX\tex/latex/translator\translator-b
asic-dictionary-English.dict
Dictionary: translator-basic-dictionary, Language: English 
)
(C:\Users\yoges\AppData\Local\Programs\MiKTeX\tex/latex/translator\translator-b
ibliography-dictionary-English.dict
Dictionary: translator-bibliography-dictionary, Language: English 
)
(C:\Users\yoges\AppData\Local\Programs\MiKTeX\tex/latex/translator\translator-e
nvironment-dictionary-English.dict
Dictionary: translator-environment-dictionary, Language: English 
)
(C:\Users\yoges\AppData\Local\Programs\MiKTeX\tex/latex/translator\translator-m
onths-dictionary-English.dict
Dictionary: translator-months-dictionary, Language: English 
)
(C:\Users\yoges\AppData\Local\Programs\MiKTeX\tex/latex/translator\translator-n
umbers-dictionary-English.dict
Dictionary: translator-numbers-dictionary, Language: English 
)
(C:\Users\yoges\AppData\Local\Programs\MiKTeX\tex/latex/translator\translator-t
heorem-dictionary-English.dict
Dictionary: translator-theorem-dictionary, Language: English 
)
\c@lstlisting=\count390
No file Main_Course_MachineLearning_Presentation.nav.
LaTeX Font Info:    Trying to load font information for OT1+lmr on input line 8
.
(C:\Users\yoges\AppData\Local\Programs\MiKTeX\tex/latex/lm\ot1lmr.fd
File: ot1lmr.fd 2015/05/01 v1.6.1 Font defs for Latin Modern
)

LaTeX Font Warning: Font shape `OT1/lmss/m/sc' in size <5> not available
(Font)              Font shape `OT1/lmr/m/sc' tried instead on input line 8.


LaTeX Font Warning: Font shape `OT1/lmss/bx/sc' undefined
(Font)              using `OT1/lmss/bx/n' instead on input line 8.


LaTeX Font Warning: Font shape `OT1/lmr/bx/sc' undefined
(Font)              using `OT1/lmr/bx/n' instead on input line 8.


LaTeX Font Warning: Font shape `OT1/lmss/m/sc' in size <9> not available
(Font)              Font shape `OT1/lmr/m/sc' tried instead on input line 12.

<images/logo_yhk.png, id=28, 312.56775pt x 227.6505pt>
File: images/logo_yhk.png Graphic file (type png)
<use images/logo_yhk.png>
Package pdftex.def Info: images/logo_yhk.png  used on input line 12.
(pdftex.def)             Requested size: 17.07164pt x 12.43224pt.
[1

{C:/Users/yoges/AppData/Local/MiKTeX/fonts/map/pdftex/pdftex.map}{C:/Users/yoge
s/AppData/Local/Programs/MiKTeX/fonts/enc/dvips/lm/lm-rmsc.enc}{C:/Users/yoges/
AppData/Local/Programs/MiKTeX/fonts/enc/dvips/lm/lm-rm.enc} <./images/logo_yhk.
png>]
No file Main_Course_MachineLearning_Presentation.toc.
File: images/logo_yhk.png Graphic file (type png)
<use images/logo_yhk.png>
Package pdftex.def Info: images/logo_yhk.png  used on input line 16.
(pdftex.def)             Requested size: 17.07164pt x 12.43224pt.
[2

] (about_me.tex
\openout4 = `Main_Course_MachineLearning_Presentation.vrb'.

(Main_Course_MachineLearning_Presentation.vrb)
File: images/logo_yhk.png Graphic file (type png)
<use images/logo_yhk.png>
Package pdftex.def Info: images/logo_yhk.png  used on input line 6.
(pdftex.def)             Requested size: 17.07164pt x 12.43224pt.
[3

]
\openout4 = `Main_Course_MachineLearning_Presentation.vrb'.

(Main_Course_MachineLearning_Presentation.vrb
LaTeX Font Info:    Trying to load font information for OML+lmm on input line 6
.
(C:\Users\yoges\AppData\Local\Programs\MiKTeX\tex/latex/lm\omllmm.fd
File: omllmm.fd 2015/05/01 v1.6.1 Font defs for Latin Modern
)
LaTeX Font Info:    Trying to load font information for OMS+lmsy on input line 
6.
(C:\Users\yoges\AppData\Local\Programs\MiKTeX\tex/latex/lm\omslmsy.fd
File: omslmsy.fd 2015/05/01 v1.6.1 Font defs for Latin Modern
)
LaTeX Font Info:    Trying to load font information for OMX+lmex on input line 
6.
(C:\Users\yoges\AppData\Local\Programs\MiKTeX\tex/latex/lm\omxlmex.fd
File: omxlmex.fd 2015/05/01 v1.6.1 Font defs for Latin Modern
)
LaTeX Font Info:    External font `lmex10' loaded for size
(Font)              <6> on input line 6.
LaTeX Font Info:    External font `lmex10' loaded for size
(Font)              <5> on input line 6.
LaTeX Font Info:    Trying to load font information for U+msa on input line 6.
(C:\Users\yoges\AppData\Local\Programs\MiKTeX\tex/latex/amsfonts\umsa.fd
File: umsa.fd 2013/01/14 v3.01 AMS symbols A
)
LaTeX Font Info:    Trying to load font information for U+msb on input line 6.
(C:\Users\yoges\AppData\Local\Programs\MiKTeX\tex/latex/amsfonts\umsb.fd
File: umsb.fd 2013/01/14 v3.01 AMS symbols B
)
LaTeX Font Info:    Font shape `OT1/lmss/m/it' in size <6> not available
(Font)              Font shape `OT1/lmss/m/sl' tried instead on input line 6.
LaTeX Font Info:    Font shape `OT1/lmss/m/it' in size <5> not available
(Font)              Font shape `OT1/lmss/m/sl' tried instead on input line 6.

LaTeX Font Warning: Font shape `OT1/lmss/m/sc' in size <8> not available
(Font)              Font shape `OT1/lmr/m/sc' tried instead on input line 11.

<images/myphoto.jpg, id=55, 226.59656pt x 271.76532pt>
File: images/myphoto.jpg Graphic file (type jpg)
<use images/myphoto.jpg>
Package pdftex.def Info: images/myphoto.jpg  used on input line 21.
(pdftex.def)             Requested size: 73.7506pt x 88.45122pt.
)
File: images/logo_yhk.png Graphic file (type png)
<use images/logo_yhk.png>
Package pdftex.def Info: images/logo_yhk.png  used on input line 36.
(pdftex.def)             Requested size: 17.07164pt x 12.43224pt.
[4

 <./images/myphoto.jpg>]) (course_machinelearning_content.tex (workshop_python_
basic_content.tex (seminar_python_basic_intro_content.tex (python_intro_short.t
ex
\openout4 = `Main_Course_MachineLearning_Presentation.vrb'.

(Main_Course_MachineLearning_Presentation.vrb)
File: images/logo_yhk.png Graphic file (type png)
<use images/logo_yhk.png>
Package pdftex.def Info: images/logo_yhk.png  used on input line 6.
(pdftex.def)             Requested size: 17.07164pt x 12.43224pt.
[5

]
\openout4 = `Main_Course_MachineLearning_Presentation.vrb'.

(Main_Course_MachineLearning_Presentation.vrb
LaTeX Font Info:    Trying to load font information for OT1+lmtt on input line 
5.
(C:\Users\yoges\AppData\Local\Programs\MiKTeX\tex/latex/lm\ot1lmtt.fd
File: ot1lmtt.fd 2015/05/01 v1.6.1 Font defs for Latin Modern
))
File: images/logo_yhk.png Graphic file (type png)
<use images/logo_yhk.png>
Package pdftex.def Info: images/logo_yhk.png  used on input line 24.
(pdftex.def)             Requested size: 17.07164pt x 12.43224pt.
[6

{C:/Users/yoges/AppData/Local/Programs/MiKTeX/fonts/enc/dvips/lm/lm-rmtt.enc}]
File: images/logo_yhk.png Graphic file (type png)
<use images/logo_yhk.png>
Package pdftex.def Info: images/logo_yhk.png  used on input line 36.
(pdftex.def)             Requested size: 17.07164pt x 12.43224pt.
[7

]
\openout4 = `Main_Course_MachineLearning_Presentation.vrb'.

(Main_Course_MachineLearning_Presentation.vrb)
File: images/logo_yhk.png Graphic file (type png)
<use images/logo_yhk.png>
Package pdftex.def Info: images/logo_yhk.png  used on input line 46.
(pdftex.def)             Requested size: 17.07164pt x 12.43224pt.
[8

]
\openout4 = `Main_Course_MachineLearning_Presentation.vrb'.

(Main_Course_MachineLearning_Presentation.vrb
LaTeX Font Info:    External font `lmex10' loaded for size
(Font)              <9> on input line 7.
LaTeX Font Info:    Font shape `OT1/lmss/m/it' in size <9> not available
(Font)              Font shape `OT1/lmss/m/sl' tried instead on input line 7.
)
File: images/logo_yhk.png Graphic file (type png)
<use images/logo_yhk.png>
Package pdftex.def Info: images/logo_yhk.png  used on input line 58.
(pdftex.def)             Requested size: 17.07164pt x 12.43224pt.
[9

{C:/Users/yoges/AppData/Local/Programs/MiKTeX/fonts/enc/dvips/lm/lm-mathit.enc}
]
\openout4 = `Main_Course_MachineLearning_Presentation.vrb'.

(Main_Course_MachineLearning_Presentation.vrb)
File: images/logo_yhk.png Graphic file (type png)
<use images/logo_yhk.png>
Package pdftex.def Info: images/logo_yhk.png  used on input line 71.
(pdftex.def)             Requested size: 17.07164pt x 12.43224pt.
[10

]
\openout4 = `Main_Course_MachineLearning_Presentation.vrb'.

(Main_Course_MachineLearning_Presentation.vrb)
File: images/logo_yhk.png Graphic file (type png)
<use images/logo_yhk.png>
Package pdftex.def Info: images/logo_yhk.png  used on input line 78.
(pdftex.def)             Requested size: 17.07164pt x 12.43224pt.
[11

]
\openout4 = `Main_Course_MachineLearning_Presentation.vrb'.

(Main_Course_MachineLearning_Presentation.vrb)
File: images/logo_yhk.png Graphic file (type png)
<use images/logo_yhk.png>
Package pdftex.def Info: images/logo_yhk.png  used on input line 92.
(pdftex.def)             Requested size: 17.07164pt x 12.43224pt.
[12

]
\openout4 = `Main_Course_MachineLearning_Presentation.vrb'.

(Main_Course_MachineLearning_Presentation.vrb
<images/rossum.png, id=118, 120.95187pt x 181.17688pt>
File: images/rossum.png Graphic file (type png)
<use images/rossum.png>
Package pdftex.def Info: images/rossum.png  used on input line 14.
(pdftex.def)             Requested size: 98.33162pt x 147.29984pt.

Underfull \hbox (badness 10000) in paragraph at lines 16--17
\OT1/lmss/m/n/5 (Reference: https://en.wikipedia.org/ wik-
 []

)
File: images/logo_yhk.png Graphic file (type png)
<use images/logo_yhk.png>
Package pdftex.def Info: images/logo_yhk.png  used on input line 113.
(pdftex.def)             Requested size: 17.07164pt x 12.43224pt.
[13

 <./images/rossum.png>]
\openout4 = `Main_Course_MachineLearning_Presentation.vrb'.

(Main_Course_MachineLearning_Presentation.vrb)
File: images/logo_yhk.png Graphic file (type png)
<use images/logo_yhk.png>
Package pdftex.def Info: images/logo_yhk.png  used on input line 129.
(pdftex.def)             Requested size: 17.07164pt x 12.43224pt.
[14

]
\openout4 = `Main_Course_MachineLearning_Presentation.vrb'.

(Main_Course_MachineLearning_Presentation.vrb)
File: images/logo_yhk.png Graphic file (type png)
<use images/logo_yhk.png>
Package pdftex.def Info: images/logo_yhk.png  used on input line 144.
(pdftex.def)             Requested size: 17.07164pt x 12.43224pt.
[15

]
\openout4 = `Main_Course_MachineLearning_Presentation.vrb'.

(Main_Course_MachineLearning_Presentation.vrb)
File: images/logo_yhk.png Graphic file (type png)
<use images/logo_yhk.png>
Package pdftex.def Info: images/logo_yhk.png  used on input line 159.
(pdftex.def)             Requested size: 17.07164pt x 12.43224pt.
[16

]
\openout4 = `Main_Course_MachineLearning_Presentation.vrb'.

(Main_Course_MachineLearning_Presentation.vrb)
File: images/logo_yhk.png Graphic file (type png)
<use images/logo_yhk.png>
Package pdftex.def Info: images/logo_yhk.png  used on input line 170.
(pdftex.def)             Requested size: 17.07164pt x 12.43224pt.
[17

]
\openout4 = `Main_Course_MachineLearning_Presentation.vrb'.

(Main_Course_MachineLearning_Presentation.vrb)
File: images/logo_yhk.png Graphic file (type png)
<use images/logo_yhk.png>
Package pdftex.def Info: images/logo_yhk.png  used on input line 180.
(pdftex.def)             Requested size: 17.07164pt x 12.43224pt.
[18

]
\openout4 = `Main_Course_MachineLearning_Presentation.vrb'.

(Main_Course_MachineLearning_Presentation.vrb
<images/langs.png, id=158, 409.53pt x 374.90062pt>
File: images/langs.png Graphic file (type png)
<use images/langs.png>
Package pdftex.def Info: images/langs.png  used on input line 3.
(pdftex.def)             Requested size: 184.3758pt x 168.78952pt.
)
File: images/logo_yhk.png Graphic file (type png)
<use images/logo_yhk.png>
Package pdftex.def Info: images/logo_yhk.png  used on input line 188.
(pdftex.def)             Requested size: 17.07164pt x 12.43224pt.
[19

 <./images/langs.png>]
\openout4 = `Main_Course_MachineLearning_Presentation.vrb'.

(Main_Course_MachineLearning_Presentation.vrb)
File: images/logo_yhk.png Graphic file (type png)
<use images/logo_yhk.png>
Package pdftex.def Info: images/logo_yhk.png  used on input line 201.
(pdftex.def)             Requested size: 17.07164pt x 12.43224pt.
[20

]
\openout4 = `Main_Course_MachineLearning_Presentation.vrb'.

(Main_Course_MachineLearning_Presentation.vrb)
File: images/logo_yhk.png Graphic file (type png)
<use images/logo_yhk.png>
Package pdftex.def Info: images/logo_yhk.png  used on input line 212.
(pdftex.def)             Requested size: 17.07164pt x 12.43224pt.
[21

]
\openout4 = `Main_Course_MachineLearning_Presentation.vrb'.

(Main_Course_MachineLearning_Presentation.vrb)

LaTeX Font Warning: Font shape `OT1/lmr/bx/scit' undefined
(Font)              using `OT1/lmr/bx/it' instead on input line 221.

File: images/logo_yhk.png Graphic file (type png)
<use images/logo_yhk.png>
Package pdftex.def Info: images/logo_yhk.png  used on input line 221.
(pdftex.def)             Requested size: 17.07164pt x 12.43224pt.
[22

]
\openout4 = `Main_Course_MachineLearning_Presentation.vrb'.

(Main_Course_MachineLearning_Presentation.vrb)
File: images/logo_yhk.png Graphic file (type png)
<use images/logo_yhk.png>
Package pdftex.def Info: images/logo_yhk.png  used on input line 232.
(pdftex.def)             Requested size: 17.07164pt x 12.43224pt.
[23

] (Main_Course_MachineLearning_Presentation.vrb)
File: images/logo_yhk.png Graphic file (type png)
<use images/logo_yhk.png>
Package pdftex.def Info: images/logo_yhk.png  used on input line 232.
(pdftex.def)             Requested size: 17.07164pt x 12.43224pt.
[24

]) (python_setup.tex
\openout4 = `Main_Course_MachineLearning_Presentation.vrb'.

(Main_Course_MachineLearning_Presentation.vrb)
File: images/logo_yhk.png Graphic file (type png)
<use images/logo_yhk.png>
Package pdftex.def Info: images/logo_yhk.png  used on input line 6.
(pdftex.def)             Requested size: 17.07164pt x 12.43224pt.
[25

]
\openout4 = `Main_Course_MachineLearning_Presentation.vrb'.

(Main_Course_MachineLearning_Presentation.vrb)
File: images/logo_yhk.png Graphic file (type png)
<use images/logo_yhk.png>
Package pdftex.def Info: images/logo_yhk.png  used on input line 17.
(pdftex.def)             Requested size: 17.07164pt x 12.43224pt.
[26

]
\openout4 = `Main_Course_MachineLearning_Presentation.vrb'.

(Main_Course_MachineLearning_Presentation.vrb)
File: images/logo_yhk.png Graphic file (type png)
<use images/logo_yhk.png>
Package pdftex.def Info: images/logo_yhk.png  used on input line 28.
(pdftex.def)             Requested size: 17.07164pt x 12.43224pt.
[27

]
\openout4 = `Main_Course_MachineLearning_Presentation.vrb'.

(Main_Course_MachineLearning_Presentation.vrb
LaTeX Font Info:    Trying to load font information for TS1+lmtt on input line 
10.
(C:\Users\yoges\AppData\Local\Programs\MiKTeX\tex/latex/lm\ts1lmtt.fd
File: ts1lmtt.fd 2015/05/01 v1.6.1 Font defs for Latin Modern
))
File: images/logo_yhk.png Graphic file (type png)
<use images/logo_yhk.png>
Package pdftex.def Info: images/logo_yhk.png  used on input line 46.
(pdftex.def)             Requested size: 17.07164pt x 12.43224pt.
[28

{C:/Users/yoges/AppData/Local/Programs/MiKTeX/fonts/enc/dvips/lm/lm-ts1.enc}]
\openout4 = `Main_Course_MachineLearning_Presentation.vrb'.

(Main_Course_MachineLearning_Presentation.vrb)
File: images/logo_yhk.png Graphic file (type png)
<use images/logo_yhk.png>
Package pdftex.def Info: images/logo_yhk.png  used on input line 62.
(pdftex.def)             Requested size: 17.07164pt x 12.43224pt.
[29

]
\openout4 = `Main_Course_MachineLearning_Presentation.vrb'.

(Main_Course_MachineLearning_Presentation.vrb)
File: images/logo_yhk.png Graphic file (type png)
<use images/logo_yhk.png>
Package pdftex.def Info: images/logo_yhk.png  used on input line 80.
(pdftex.def)             Requested size: 17.07164pt x 12.43224pt.
[30

]
\openout4 = `Main_Course_MachineLearning_Presentation.vrb'.

(Main_Course_MachineLearning_Presentation.vrb)
File: images/logo_yhk.png Graphic file (type png)
<use images/logo_yhk.png>
Package pdftex.def Info: images/logo_yhk.png  used on input line 100.
(pdftex.def)             Requested size: 17.07164pt x 12.43224pt.
[31

]
\openout4 = `Main_Course_MachineLearning_Presentation.vrb'.

(Main_Course_MachineLearning_Presentation.vrb)
File: images/logo_yhk.png Graphic file (type png)
<use images/logo_yhk.png>
Package pdftex.def Info: images/logo_yhk.png  used on input line 123.
(pdftex.def)             Requested size: 17.07164pt x 12.43224pt.
[32

]
\openout4 = `Main_Course_MachineLearning_Presentation.vrb'.

(Main_Course_MachineLearning_Presentation.vrb)
File: images/logo_yhk.png Graphic file (type png)
<use images/logo_yhk.png>
Package pdftex.def Info: images/logo_yhk.png  used on input line 132.
(pdftex.def)             Requested size: 17.07164pt x 12.43224pt.
[33

]
\openout4 = `Main_Course_MachineLearning_Presentation.vrb'.

(Main_Course_MachineLearning_Presentation.vrb)
File: images/logo_yhk.png Graphic file (type png)
<use images/logo_yhk.png>
Package pdftex.def Info: images/logo_yhk.png  used on input line 142.
(pdftex.def)             Requested size: 17.07164pt x 12.43224pt.
[34

]
\openout4 = `Main_Course_MachineLearning_Presentation.vrb'.

(Main_Course_MachineLearning_Presentation.vrb
<images/pycharm1.png, id=312, 803.0pt x 402.50375pt>
File: images/pycharm1.png Graphic file (type png)
<use images/pycharm1.png>
Package pdftex.def Info: images/pycharm1.png  used on input line 4.
(pdftex.def)             Requested size: 215.10196pt x 107.81761pt.
)
File: images/logo_yhk.png Graphic file (type png)
<use images/logo_yhk.png>
Package pdftex.def Info: images/logo_yhk.png  used on input line 150.
(pdftex.def)             Requested size: 17.07164pt x 12.43224pt.
[35

 <./images/pycharm1.png (PNG copy)>]
\openout4 = `Main_Course_MachineLearning_Presentation.vrb'.

(Main_Course_MachineLearning_Presentation.vrb
<images/pycharm2.png, id=319, 803.0pt x 587.19376pt>
File: images/pycharm2.png Graphic file (type png)
<use images/pycharm2.png>
Package pdftex.def Info: images/pycharm2.png  used on input line 4.
(pdftex.def)             Requested size: 215.10196pt x 157.29005pt.
)
File: images/logo_yhk.png Graphic file (type png)
<use images/logo_yhk.png>
Package pdftex.def Info: images/logo_yhk.png  used on input line 158.
(pdftex.def)             Requested size: 17.07164pt x 12.43224pt.
[36

 <./images/pycharm2.png (PNG copy)>]
\openout4 = `Main_Course_MachineLearning_Presentation.vrb'.

(Main_Course_MachineLearning_Presentation.vrb)
File: images/logo_yhk.png Graphic file (type png)
<use images/logo_yhk.png>
Package pdftex.def Info: images/logo_yhk.png  used on input line 175.
(pdftex.def)             Requested size: 17.07164pt x 12.43224pt.
[37

]
\openout4 = `Main_Course_MachineLearning_Presentation.vrb'.

(Main_Course_MachineLearning_Presentation.vrb)
File: images/logo_yhk.png Graphic file (type png)
<use images/logo_yhk.png>
Package pdftex.def Info: images/logo_yhk.png  used on input line 186.
(pdftex.def)             Requested size: 17.07164pt x 12.43224pt.
[38

] (Main_Course_MachineLearning_Presentation.vrb)
File: images/logo_yhk.png Graphic file (type png)
<use images/logo_yhk.png>
Package pdftex.def Info: images/logo_yhk.png  used on input line 186.
(pdftex.def)             Requested size: 17.07164pt x 12.43224pt.
[39

]) (python_syntax_short.tex
\openout4 = `Main_Course_MachineLearning_Presentation.vrb'.

(Main_Course_MachineLearning_Presentation.vrb)
File: images/logo_yhk.png Graphic file (type png)
<use images/logo_yhk.png>
Package pdftex.def Info: images/logo_yhk.png  used on input line 6.
(pdftex.def)             Requested size: 17.07164pt x 12.43224pt.
[40

]
\openout4 = `Main_Course_MachineLearning_Presentation.vrb'.

(Main_Course_MachineLearning_Presentation.vrb)
File: images/logo_yhk.png Graphic file (type png)
<use images/logo_yhk.png>
Package pdftex.def Info: images/logo_yhk.png  used on input line 17.
(pdftex.def)             Requested size: 17.07164pt x 12.43224pt.
[41

]
\openout4 = `Main_Course_MachineLearning_Presentation.vrb'.

(Main_Course_MachineLearning_Presentation.vrb)
File: images/logo_yhk.png Graphic file (type png)
<use images/logo_yhk.png>
Package pdftex.def Info: images/logo_yhk.png  used on input line 35.
(pdftex.def)             Requested size: 17.07164pt x 12.43224pt.
[42

]
\openout4 = `Main_Course_MachineLearning_Presentation.vrb'.

(Main_Course_MachineLearning_Presentation.vrb
LaTeX Font Info:    Trying to load font information for OMS+lmtt on input line 
6.
LaTeX Font Info:    No file OMSlmtt.fd. on input line 6.

LaTeX Font Warning: Font shape `OMS/lmtt/m/n' undefined
(Font)              using `OMS/cmsy/m/n' instead
(Font)              for symbol `textbraceleft' on input line 6.

)
File: images/logo_yhk.png Graphic file (type png)
<use images/logo_yhk.png>
Package pdftex.def Info: images/logo_yhk.png  used on input line 45.
(pdftex.def)             Requested size: 17.07164pt x 12.43224pt.
[43

]
\openout4 = `Main_Course_MachineLearning_Presentation.vrb'.

(Main_Course_MachineLearning_Presentation.vrb)
File: images/logo_yhk.png Graphic file (type png)
<use images/logo_yhk.png>
Package pdftex.def Info: images/logo_yhk.png  used on input line 56.
(pdftex.def)             Requested size: 17.07164pt x 12.43224pt.
[44

]
\openout4 = `Main_Course_MachineLearning_Presentation.vrb'.

(Main_Course_MachineLearning_Presentation.vrb)
File: images/logo_yhk.png Graphic file (type png)
<use images/logo_yhk.png>
Package pdftex.def Info: images/logo_yhk.png  used on input line 69.
(pdftex.def)             Requested size: 17.07164pt x 12.43224pt.
[45

]
\openout4 = `Main_Course_MachineLearning_Presentation.vrb'.

(Main_Course_MachineLearning_Presentation.vrb)
File: images/logo_yhk.png Graphic file (type png)
<use images/logo_yhk.png>
Package pdftex.def Info: images/logo_yhk.png  used on input line 87.
(pdftex.def)             Requested size: 17.07164pt x 12.43224pt.
[46

]
\openout4 = `Main_Course_MachineLearning_Presentation.vrb'.

(Main_Course_MachineLearning_Presentation.vrb)
File: images/logo_yhk.png Graphic file (type png)
<use images/logo_yhk.png>
Package pdftex.def Info: images/logo_yhk.png  used on input line 99.
(pdftex.def)             Requested size: 17.07164pt x 12.43224pt.
[47

]
\openout4 = `Main_Course_MachineLearning_Presentation.vrb'.

(Main_Course_MachineLearning_Presentation.vrb)
File: images/logo_yhk.png Graphic file (type png)
<use images/logo_yhk.png>
Package pdftex.def Info: images/logo_yhk.png  used on input line 111.
(pdftex.def)             Requested size: 17.07164pt x 12.43224pt.
[48

]
\openout4 = `Main_Course_MachineLearning_Presentation.vrb'.

(Main_Course_MachineLearning_Presentation.vrb)
File: images/logo_yhk.png Graphic file (type png)
<use images/logo_yhk.png>
Package pdftex.def Info: images/logo_yhk.png  used on input line 121.
(pdftex.def)             Requested size: 17.07164pt x 12.43224pt.
[49

]
\openout4 = `Main_Course_MachineLearning_Presentation.vrb'.

(Main_Course_MachineLearning_Presentation.vrb)
File: images/logo_yhk.png Graphic file (type png)
<use images/logo_yhk.png>
Package pdftex.def Info: images/logo_yhk.png  used on input line 132.
(pdftex.def)             Requested size: 17.07164pt x 12.43224pt.
[50

]
\openout4 = `Main_Course_MachineLearning_Presentation.vrb'.

(Main_Course_MachineLearning_Presentation.vrb)
File: images/logo_yhk.png Graphic file (type png)
<use images/logo_yhk.png>
Package pdftex.def Info: images/logo_yhk.png  used on input line 151.
(pdftex.def)             Requested size: 17.07164pt x 12.43224pt.
[51

]
\openout4 = `Main_Course_MachineLearning_Presentation.vrb'.

(Main_Course_MachineLearning_Presentation.vrb)
File: images/logo_yhk.png Graphic file (type png)
<use images/logo_yhk.png>
Package pdftex.def Info: images/logo_yhk.png  used on input line 169.
(pdftex.def)             Requested size: 17.07164pt x 12.43224pt.
[52

]
\openout4 = `Main_Course_MachineLearning_Presentation.vrb'.

(Main_Course_MachineLearning_Presentation.vrb)
File: images/logo_yhk.png Graphic file (type png)
<use images/logo_yhk.png>
Package pdftex.def Info: images/logo_yhk.png  used on input line 186.
(pdftex.def)             Requested size: 17.07164pt x 12.43224pt.
[53

]
\openout4 = `Main_Course_MachineLearning_Presentation.vrb'.

(Main_Course_MachineLearning_Presentation.vrb)
File: images/logo_yhk.png Graphic file (type png)
<use images/logo_yhk.png>
Package pdftex.def Info: images/logo_yhk.png  used on input line 218.
(pdftex.def)             Requested size: 17.07164pt x 12.43224pt.
[54

]
\openout4 = `Main_Course_MachineLearning_Presentation.vrb'.

(Main_Course_MachineLearning_Presentation.vrb)
File: images/logo_yhk.png Graphic file (type png)
<use images/logo_yhk.png>
Package pdftex.def Info: images/logo_yhk.png  used on input line 259.
(pdftex.def)             Requested size: 17.07164pt x 12.43224pt.
[55

]
\openout4 = `Main_Course_MachineLearning_Presentation.vrb'.

(Main_Course_MachineLearning_Presentation.vrb
LaTeX Font Info:    Trying to load font information for OMS+lmss on input line 
3.
LaTeX Font Info:    No file OMSlmss.fd. on input line 3.

LaTeX Font Warning: Font shape `OMS/lmss/m/n' undefined
(Font)              using `OMS/cmsy/m/n' instead
(Font)              for symbol `textbraceleft' on input line 3.

)
File: images/logo_yhk.png Graphic file (type png)
<use images/logo_yhk.png>
Package pdftex.def Info: images/logo_yhk.png  used on input line 315.
(pdftex.def)             Requested size: 17.07164pt x 12.43224pt.
[56

] (Main_Course_MachineLearning_Presentation.vrb)
File: images/logo_yhk.png Graphic file (type png)
<use images/logo_yhk.png>
Package pdftex.def Info: images/logo_yhk.png  used on input line 315.
(pdftex.def)             Requested size: 17.07164pt x 12.43224pt.
[57

]) (python_datatypes.tex
\openout4 = `Main_Course_MachineLearning_Presentation.vrb'.

(Main_Course_MachineLearning_Presentation.vrb)
File: images/logo_yhk.png Graphic file (type png)
<use images/logo_yhk.png>
Package pdftex.def Info: images/logo_yhk.png  used on input line 6.
(pdftex.def)             Requested size: 17.07164pt x 12.43224pt.
[58

]
\openout4 = `Main_Course_MachineLearning_Presentation.vrb'.

(Main_Course_MachineLearning_Presentation.vrb)
File: images/logo_yhk.png Graphic file (type png)
<use images/logo_yhk.png>
Package pdftex.def Info: images/logo_yhk.png  used on input line 18.
(pdftex.def)             Requested size: 17.07164pt x 12.43224pt.
[59

]
\openout4 = `Main_Course_MachineLearning_Presentation.vrb'.

(Main_Course_MachineLearning_Presentation.vrb
<images/boxes1.png, id=550, 260.47313pt x 368.87813pt>
File: images/boxes1.png Graphic file (type png)
<use images/boxes1.png>
Package pdftex.def Info: images/boxes1.png  used on input line 17.
(pdftex.def)             Requested size: 36.87459pt x 52.21669pt.
)
File: images/logo_yhk.png Graphic file (type png)
<use images/logo_yhk.png>
Package pdftex.def Info: images/logo_yhk.png  used on input line 43.
(pdftex.def)             Requested size: 17.07164pt x 12.43224pt.
[60

 <./images/boxes1.png (PNG copy)>]
\openout4 = `Main_Course_MachineLearning_Presentation.vrb'.

(Main_Course_MachineLearning_Presentation.vrb
<images/boxes2.png, id=557, 259.7203pt x 369.63094pt>
File: images/boxes2.png Graphic file (type png)
<use images/boxes2.png>
Package pdftex.def Info: images/boxes2.png  used on input line 15.
(pdftex.def)             Requested size: 36.87459pt x 52.47554pt.
)
File: images/logo_yhk.png Graphic file (type png)
<use images/logo_yhk.png>
Package pdftex.def Info: images/logo_yhk.png  used on input line 66.
(pdftex.def)             Requested size: 17.07164pt x 12.43224pt.
[61

 <./images/boxes2.png (PNG copy)>]
\openout4 = `Main_Course_MachineLearning_Presentation.vrb'.

(Main_Course_MachineLearning_Presentation.vrb
<images/boxes3.png, id=565, 258.21469pt x 366.61969pt>
File: images/boxes3.png Graphic file (type png)
<use images/boxes3.png>
Package pdftex.def Info: images/boxes3.png  used on input line 15.
(pdftex.def)             Requested size: 36.87459pt x 52.35573pt.
)
File: images/logo_yhk.png Graphic file (type png)
<use images/logo_yhk.png>
Package pdftex.def Info: images/logo_yhk.png  used on input line 90.
(pdftex.def)             Requested size: 17.07164pt x 12.43224pt.
[62

 <./images/boxes3.png (PNG copy)>]
\openout4 = `Main_Course_MachineLearning_Presentation.vrb'.

(Main_Course_MachineLearning_Presentation.vrb)
File: images/logo_yhk.png Graphic file (type png)
<use images/logo_yhk.png>
Package pdftex.def Info: images/logo_yhk.png  used on input line 108.
(pdftex.def)             Requested size: 17.07164pt x 12.43224pt.
[63

]
\openout4 = `Main_Course_MachineLearning_Presentation.vrb'.

(Main_Course_MachineLearning_Presentation.vrb
<images/boxes4.png, id=578, 481.04718pt x 427.5975pt>
File: images/boxes4.png Graphic file (type png)
<use images/boxes4.png>
Package pdftex.def Info: images/boxes4.png  used on input line 5.
(pdftex.def)             Requested size: 153.64493pt x 136.573pt.
)
File: images/logo_yhk.png Graphic file (type png)
<use images/logo_yhk.png>
Package pdftex.def Info: images/logo_yhk.png  used on input line 124.
(pdftex.def)             Requested size: 17.07164pt x 12.43224pt.
[64

 <./images/boxes4.png>]
\openout4 = `Main_Course_MachineLearning_Presentation.vrb'.

(Main_Course_MachineLearning_Presentation.vrb
<images/boxes5.png, id=585, 783.67781pt x 427.5975pt>
File: images/boxes5.png Graphic file (type png)
<use images/boxes5.png>
Package pdftex.def Info: images/boxes5.png  used on input line 10.
(pdftex.def)             Requested size: 153.64493pt x 83.82811pt.
)
File: images/logo_yhk.png Graphic file (type png)
<use images/logo_yhk.png>
Package pdftex.def Info: images/logo_yhk.png  used on input line 144.
(pdftex.def)             Requested size: 17.07164pt x 12.43224pt.
[65

 <./images/boxes5.png>]
\openout4 = `Main_Course_MachineLearning_Presentation.vrb'.

(Main_Course_MachineLearning_Presentation.vrb
<images/boxes6.png, id=592, 784.43062pt x 479.54156pt>
File: images/boxes6.png Graphic file (type png)
<use images/boxes6.png>
Package pdftex.def Info: images/boxes6.png  used on input line 12.
(pdftex.def)             Requested size: 153.64493pt x 93.92365pt.
)
File: images/logo_yhk.png Graphic file (type png)
<use images/logo_yhk.png>
Package pdftex.def Info: images/logo_yhk.png  used on input line 167.
(pdftex.def)             Requested size: 17.07164pt x 12.43224pt.
[66

 <./images/boxes6.png>]
\openout4 = `Main_Course_MachineLearning_Presentation.vrb'.

(Main_Course_MachineLearning_Presentation.vrb
<images/boxes7.png, id=599, 776.14969pt x 511.15968pt>
File: images/boxes7.png Graphic file (type png)
<use images/boxes7.png>
Package pdftex.def Info: images/boxes7.png  used on input line 12.
(pdftex.def)             Requested size: 153.64493pt x 101.18497pt.
)
File: images/logo_yhk.png Graphic file (type png)
<use images/logo_yhk.png>
Package pdftex.def Info: images/logo_yhk.png  used on input line 189.
(pdftex.def)             Requested size: 17.07164pt x 12.43224pt.
[67

 <./images/boxes7.png>]
\openout4 = `Main_Course_MachineLearning_Presentation.vrb'.

(Main_Course_MachineLearning_Presentation.vrb)
File: images/logo_yhk.png Graphic file (type png)
<use images/logo_yhk.png>
Package pdftex.def Info: images/logo_yhk.png  used on input line 211.
(pdftex.def)             Requested size: 17.07164pt x 12.43224pt.
[68

]
\openout4 = `Main_Course_MachineLearning_Presentation.vrb'.

(Main_Course_MachineLearning_Presentation.vrb)
File: images/logo_yhk.png Graphic file (type png)
<use images/logo_yhk.png>
Package pdftex.def Info: images/logo_yhk.png  used on input line 236.
(pdftex.def)             Requested size: 17.07164pt x 12.43224pt.
[69

]
\openout4 = `Main_Course_MachineLearning_Presentation.vrb'.

(Main_Course_MachineLearning_Presentation.vrb)
File: images/logo_yhk.png Graphic file (type png)
<use images/logo_yhk.png>
Package pdftex.def Info: images/logo_yhk.png  used on input line 249.
(pdftex.def)             Requested size: 17.07164pt x 12.43224pt.
[70

]
\openout4 = `Main_Course_MachineLearning_Presentation.vrb'.

(Main_Course_MachineLearning_Presentation.vrb)
File: images/logo_yhk.png Graphic file (type png)
<use images/logo_yhk.png>
Package pdftex.def Info: images/logo_yhk.png  used on input line 265.
(pdftex.def)             Requested size: 17.07164pt x 12.43224pt.
[71

]
\openout4 = `Main_Course_MachineLearning_Presentation.vrb'.

(Main_Course_MachineLearning_Presentation.vrb)
File: images/logo_yhk.png Graphic file (type png)
<use images/logo_yhk.png>
Package pdftex.def Info: images/logo_yhk.png  used on input line 282.
(pdftex.def)             Requested size: 17.07164pt x 12.43224pt.
[72

]
\openout4 = `Main_Course_MachineLearning_Presentation.vrb'.

(Main_Course_MachineLearning_Presentation.vrb)
File: images/logo_yhk.png Graphic file (type png)
<use images/logo_yhk.png>
Package pdftex.def Info: images/logo_yhk.png  used on input line 300.
(pdftex.def)             Requested size: 17.07164pt x 12.43224pt.
[73

]
\openout4 = `Main_Course_MachineLearning_Presentation.vrb'.

(Main_Course_MachineLearning_Presentation.vrb)
File: images/logo_yhk.png Graphic file (type png)
<use images/logo_yhk.png>
Package pdftex.def Info: images/logo_yhk.png  used on input line 384.
(pdftex.def)             Requested size: 17.07164pt x 12.43224pt.
[74

]
\openout4 = `Main_Course_MachineLearning_Presentation.vrb'.

(Main_Course_MachineLearning_Presentation.vrb)
File: images/logo_yhk.png Graphic file (type png)
<use images/logo_yhk.png>
Package pdftex.def Info: images/logo_yhk.png  used on input line 398.
(pdftex.def)             Requested size: 17.07164pt x 12.43224pt.
[75

]
\openout4 = `Main_Course_MachineLearning_Presentation.vrb'.

(Main_Course_MachineLearning_Presentation.vrb)
File: images/logo_yhk.png Graphic file (type png)
<use images/logo_yhk.png>
Package pdftex.def Info: images/logo_yhk.png  used on input line 430.
(pdftex.def)             Requested size: 17.07164pt x 12.43224pt.
[76

]
\openout4 = `Main_Course_MachineLearning_Presentation.vrb'.

(Main_Course_MachineLearning_Presentation.vrb)
File: images/logo_yhk.png Graphic file (type png)
<use images/logo_yhk.png>
Package pdftex.def Info: images/logo_yhk.png  used on input line 445.
(pdftex.def)             Requested size: 17.07164pt x 12.43224pt.
[77

]
\openout4 = `Main_Course_MachineLearning_Presentation.vrb'.

(Main_Course_MachineLearning_Presentation.vrb)
File: images/logo_yhk.png Graphic file (type png)
<use images/logo_yhk.png>
Package pdftex.def Info: images/logo_yhk.png  used on input line 457.
(pdftex.def)             Requested size: 17.07164pt x 12.43224pt.
[78

]
\openout4 = `Main_Course_MachineLearning_Presentation.vrb'.

(Main_Course_MachineLearning_Presentation.vrb)
File: images/logo_yhk.png Graphic file (type png)
<use images/logo_yhk.png>
Package pdftex.def Info: images/logo_yhk.png  used on input line 469.
(pdftex.def)             Requested size: 17.07164pt x 12.43224pt.
[79

]
\openout4 = `Main_Course_MachineLearning_Presentation.vrb'.

(Main_Course_MachineLearning_Presentation.vrb)
File: images/logo_yhk.png Graphic file (type png)
<use images/logo_yhk.png>
Package pdftex.def Info: images/logo_yhk.png  used on input line 497.
(pdftex.def)             Requested size: 17.07164pt x 12.43224pt.
[80

]
\openout4 = `Main_Course_MachineLearning_Presentation.vrb'.

(Main_Course_MachineLearning_Presentation.vrb)
File: images/logo_yhk.png Graphic file (type png)
<use images/logo_yhk.png>
Package pdftex.def Info: images/logo_yhk.png  used on input line 514.
(pdftex.def)             Requested size: 17.07164pt x 12.43224pt.
[81

]
\openout4 = `Main_Course_MachineLearning_Presentation.vrb'.

(Main_Course_MachineLearning_Presentation.vrb)
File: images/logo_yhk.png Graphic file (type png)
<use images/logo_yhk.png>
Package pdftex.def Info: images/logo_yhk.png  used on input line 526.
(pdftex.def)             Requested size: 17.07164pt x 12.43224pt.
[82

]
\openout4 = `Main_Course_MachineLearning_Presentation.vrb'.

(Main_Course_MachineLearning_Presentation.vrb)
File: images/logo_yhk.png Graphic file (type png)
<use images/logo_yhk.png>
Package pdftex.def Info: images/logo_yhk.png  used on input line 564.
(pdftex.def)             Requested size: 17.07164pt x 12.43224pt.
[83

]
\openout4 = `Main_Course_MachineLearning_Presentation.vrb'.

(Main_Course_MachineLearning_Presentation.vrb)
File: images/logo_yhk.png Graphic file (type png)
<use images/logo_yhk.png>
Package pdftex.def Info: images/logo_yhk.png  used on input line 575.
(pdftex.def)             Requested size: 17.07164pt x 12.43224pt.
[84

]
\openout4 = `Main_Course_MachineLearning_Presentation.vrb'.

(Main_Course_MachineLearning_Presentation.vrb)
File: images/logo_yhk.png Graphic file (type png)
<use images/logo_yhk.png>
Package pdftex.def Info: images/logo_yhk.png  used on input line 589.
(pdftex.def)             Requested size: 17.07164pt x 12.43224pt.
[85

]
\openout4 = `Main_Course_MachineLearning_Presentation.vrb'.

(Main_Course_MachineLearning_Presentation.vrb)
File: images/logo_yhk.png Graphic file (type png)
<use images/logo_yhk.png>
Package pdftex.def Info: images/logo_yhk.png  used on input line 606.
(pdftex.def)             Requested size: 17.07164pt x 12.43224pt.
[86

]
\openout4 = `Main_Course_MachineLearning_Presentation.vrb'.

(Main_Course_MachineLearning_Presentation.vrb)
File: images/logo_yhk.png Graphic file (type png)
<use images/logo_yhk.png>
Package pdftex.def Info: images/logo_yhk.png  used on input line 615.
(pdftex.def)             Requested size: 17.07164pt x 12.43224pt.
[87

]
\openout4 = `Main_Course_MachineLearning_Presentation.vrb'.

(Main_Course_MachineLearning_Presentation.vrb)
File: images/logo_yhk.png Graphic file (type png)
<use images/logo_yhk.png>
Package pdftex.def Info: images/logo_yhk.png  used on input line 627.
(pdftex.def)             Requested size: 17.07164pt x 12.43224pt.
[88

]
\openout4 = `Main_Course_MachineLearning_Presentation.vrb'.

(Main_Course_MachineLearning_Presentation.vrb)
File: images/logo_yhk.png Graphic file (type png)
<use images/logo_yhk.png>
Package pdftex.def Info: images/logo_yhk.png  used on input line 635.
(pdftex.def)             Requested size: 17.07164pt x 12.43224pt.
[89

]
\openout4 = `Main_Course_MachineLearning_Presentation.vrb'.

(Main_Course_MachineLearning_Presentation.vrb)
File: images/logo_yhk.png Graphic file (type png)
<use images/logo_yhk.png>
Package pdftex.def Info: images/logo_yhk.png  used on input line 649.
(pdftex.def)             Requested size: 17.07164pt x 12.43224pt.
[90

]
\openout4 = `Main_Course_MachineLearning_Presentation.vrb'.

(Main_Course_MachineLearning_Presentation.vrb)
File: images/logo_yhk.png Graphic file (type png)
<use images/logo_yhk.png>
Package pdftex.def Info: images/logo_yhk.png  used on input line 712.
(pdftex.def)             Requested size: 17.07164pt x 12.43224pt.
[91

]
\openout4 = `Main_Course_MachineLearning_Presentation.vrb'.

(Main_Course_MachineLearning_Presentation.vrb)
File: images/logo_yhk.png Graphic file (type png)
<use images/logo_yhk.png>
Package pdftex.def Info: images/logo_yhk.png  used on input line 733.
(pdftex.def)             Requested size: 17.07164pt x 12.43224pt.
[92

]
\openout4 = `Main_Course_MachineLearning_Presentation.vrb'.

(Main_Course_MachineLearning_Presentation.vrb)
File: images/logo_yhk.png Graphic file (type png)
<use images/logo_yhk.png>
Package pdftex.def Info: images/logo_yhk.png  used on input line 755.
(pdftex.def)             Requested size: 17.07164pt x 12.43224pt.
[93

]
\openout4 = `Main_Course_MachineLearning_Presentation.vrb'.

(Main_Course_MachineLearning_Presentation.vrb)
File: images/logo_yhk.png Graphic file (type png)
<use images/logo_yhk.png>
Package pdftex.def Info: images/logo_yhk.png  used on input line 765.
(pdftex.def)             Requested size: 17.07164pt x 12.43224pt.
[94

]
\openout4 = `Main_Course_MachineLearning_Presentation.vrb'.

(Main_Course_MachineLearning_Presentation.vrb)
File: images/logo_yhk.png Graphic file (type png)
<use images/logo_yhk.png>
Package pdftex.def Info: images/logo_yhk.png  used on input line 778.
(pdftex.def)             Requested size: 17.07164pt x 12.43224pt.
[95

]
\openout4 = `Main_Course_MachineLearning_Presentation.vrb'.

(Main_Course_MachineLearning_Presentation.vrb)
File: images/logo_yhk.png Graphic file (type png)
<use images/logo_yhk.png>
Package pdftex.def Info: images/logo_yhk.png  used on input line 793.
(pdftex.def)             Requested size: 17.07164pt x 12.43224pt.
[96

]
\openout4 = `Main_Course_MachineLearning_Presentation.vrb'.

(Main_Course_MachineLearning_Presentation.vrb)
File: images/logo_yhk.png Graphic file (type png)
<use images/logo_yhk.png>
Package pdftex.def Info: images/logo_yhk.png  used on input line 805.
(pdftex.def)             Requested size: 17.07164pt x 12.43224pt.
[97

]
\openout4 = `Main_Course_MachineLearning_Presentation.vrb'.

(Main_Course_MachineLearning_Presentation.vrb)
File: images/logo_yhk.png Graphic file (type png)
<use images/logo_yhk.png>
Package pdftex.def Info: images/logo_yhk.png  used on input line 817.
(pdftex.def)             Requested size: 17.07164pt x 12.43224pt.
[98

]
\openout4 = `Main_Course_MachineLearning_Presentation.vrb'.

(Main_Course_MachineLearning_Presentation.vrb)
File: images/logo_yhk.png Graphic file (type png)
<use images/logo_yhk.png>
Package pdftex.def Info: images/logo_yhk.png  used on input line 839.
(pdftex.def)             Requested size: 17.07164pt x 12.43224pt.
[99

]
\openout4 = `Main_Course_MachineLearning_Presentation.vrb'.

(Main_Course_MachineLearning_Presentation.vrb)
File: images/logo_yhk.png Graphic file (type png)
<use images/logo_yhk.png>
Package pdftex.def Info: images/logo_yhk.png  used on input line 858.
(pdftex.def)             Requested size: 17.07164pt x 12.43224pt.
[100

]
\openout4 = `Main_Course_MachineLearning_Presentation.vrb'.

(Main_Course_MachineLearning_Presentation.vrb)
File: images/logo_yhk.png Graphic file (type png)
<use images/logo_yhk.png>
Package pdftex.def Info: images/logo_yhk.png  used on input line 869.
(pdftex.def)             Requested size: 17.07164pt x 12.43224pt.
[101

]
\openout4 = `Main_Course_MachineLearning_Presentation.vrb'.

(Main_Course_MachineLearning_Presentation.vrb)
File: images/logo_yhk.png Graphic file (type png)
<use images/logo_yhk.png>
Package pdftex.def Info: images/logo_yhk.png  used on input line 904.
(pdftex.def)             Requested size: 17.07164pt x 12.43224pt.
[102

]
\openout4 = `Main_Course_MachineLearning_Presentation.vrb'.

(Main_Course_MachineLearning_Presentation.vrb)
File: images/logo_yhk.png Graphic file (type png)
<use images/logo_yhk.png>
Package pdftex.def Info: images/logo_yhk.png  used on input line 941.
(pdftex.def)             Requested size: 17.07164pt x 12.43224pt.
[103

]
\openout4 = `Main_Course_MachineLearning_Presentation.vrb'.

(Main_Course_MachineLearning_Presentation.vrb)
File: images/logo_yhk.png Graphic file (type png)
<use images/logo_yhk.png>
Package pdftex.def Info: images/logo_yhk.png  used on input line 950.
(pdftex.def)             Requested size: 17.07164pt x 12.43224pt.
[104

]
\openout4 = `Main_Course_MachineLearning_Presentation.vrb'.

(Main_Course_MachineLearning_Presentation.vrb)
File: images/logo_yhk.png Graphic file (type png)
<use images/logo_yhk.png>
Package pdftex.def Info: images/logo_yhk.png  used on input line 1030.
(pdftex.def)             Requested size: 17.07164pt x 12.43224pt.
[105

]
\openout4 = `Main_Course_MachineLearning_Presentation.vrb'.

(Main_Course_MachineLearning_Presentation.vrb)
File: images/logo_yhk.png Graphic file (type png)
<use images/logo_yhk.png>
Package pdftex.def Info: images/logo_yhk.png  used on input line 1041.
(pdftex.def)             Requested size: 17.07164pt x 12.43224pt.
[106

]
\openout4 = `Main_Course_MachineLearning_Presentation.vrb'.

(Main_Course_MachineLearning_Presentation.vrb)
File: images/logo_yhk.png Graphic file (type png)
<use images/logo_yhk.png>
Package pdftex.def Info: images/logo_yhk.png  used on input line 1058.
(pdftex.def)             Requested size: 17.07164pt x 12.43224pt.
[107

]
\openout4 = `Main_Course_MachineLearning_Presentation.vrb'.

(Main_Course_MachineLearning_Presentation.vrb
LaTeX Font Info:    Trying to load font information for TS1+lmss on input line 
2.
(C:\Users\yoges\AppData\Local\Programs\MiKTeX\tex/latex/lm\ts1lmss.fd
File: ts1lmss.fd 2015/05/01 v1.6.1 Font defs for Latin Modern
))
File: images/logo_yhk.png Graphic file (type png)
<use images/logo_yhk.png>
Package pdftex.def Info: images/logo_yhk.png  used on input line 1067.
(pdftex.def)             Requested size: 17.07164pt x 12.43224pt.
[108

]
\openout4 = `Main_Course_MachineLearning_Presentation.vrb'.

(Main_Course_MachineLearning_Presentation.vrb)
File: images/logo_yhk.png Graphic file (type png)
<use images/logo_yhk.png>
Package pdftex.def Info: images/logo_yhk.png  used on input line 1077.
(pdftex.def)             Requested size: 17.07164pt x 12.43224pt.
[109

]
\openout4 = `Main_Course_MachineLearning_Presentation.vrb'.

(Main_Course_MachineLearning_Presentation.vrb)
File: images/logo_yhk.png Graphic file (type png)
<use images/logo_yhk.png>
Package pdftex.def Info: images/logo_yhk.png  used on input line 1091.
(pdftex.def)             Requested size: 17.07164pt x 12.43224pt.
[110

]
\openout4 = `Main_Course_MachineLearning_Presentation.vrb'.

(Main_Course_MachineLearning_Presentation.vrb)
File: images/logo_yhk.png Graphic file (type png)
<use images/logo_yhk.png>
Package pdftex.def Info: images/logo_yhk.png  used on input line 1101.
(pdftex.def)             Requested size: 17.07164pt x 12.43224pt.
[111

]
\openout4 = `Main_Course_MachineLearning_Presentation.vrb'.

(Main_Course_MachineLearning_Presentation.vrb)
File: images/logo_yhk.png Graphic file (type png)
<use images/logo_yhk.png>
Package pdftex.def Info: images/logo_yhk.png  used on input line 1112.
(pdftex.def)             Requested size: 17.07164pt x 12.43224pt.
[112

] (Main_Course_MachineLearning_Presentation.vrb)
File: images/logo_yhk.png Graphic file (type png)
<use images/logo_yhk.png>
Package pdftex.def Info: images/logo_yhk.png  used on input line 1112.
(pdftex.def)             Requested size: 17.07164pt x 12.43224pt.
[113

]) (python_operators.tex
\openout4 = `Main_Course_MachineLearning_Presentation.vrb'.

(Main_Course_MachineLearning_Presentation.vrb)
File: images/logo_yhk.png Graphic file (type png)
<use images/logo_yhk.png>
Package pdftex.def Info: images/logo_yhk.png  used on input line 6.
(pdftex.def)             Requested size: 17.07164pt x 12.43224pt.
[114

]
\openout4 = `Main_Course_MachineLearning_Presentation.vrb'.

(Main_Course_MachineLearning_Presentation.vrb)
File: images/logo_yhk.png Graphic file (type png)
<use images/logo_yhk.png>
Package pdftex.def Info: images/logo_yhk.png  used on input line 17.
(pdftex.def)             Requested size: 17.07164pt x 12.43224pt.
[115

{C:/Users/yoges/AppData/Local/Programs/MiKTeX/fonts/enc/dvips/lm/lm-mathsy.enc}
]
\openout4 = `Main_Course_MachineLearning_Presentation.vrb'.

(Main_Course_MachineLearning_Presentation.vrb
LaTeX Font Info:    External font `lmex10' loaded for size
(Font)              <10.95> on input line 4.
LaTeX Font Info:    External font `lmex10' loaded for size
(Font)              <8> on input line 4.
LaTeX Font Info:    Font shape `OT1/lmss/m/it' in size <10.95> not available
(Font)              Font shape `OT1/lmss/m/sl' tried instead on input line 4.
LaTeX Font Info:    Font shape `OT1/lmss/m/it' in size <8> not available
(Font)              Font shape `OT1/lmss/m/sl' tried instead on input line 4.
)
File: images/logo_yhk.png Graphic file (type png)
<use images/logo_yhk.png>
Package pdftex.def Info: images/logo_yhk.png  used on input line 26.
(pdftex.def)             Requested size: 17.07164pt x 12.43224pt.
[116

]
\openout4 = `Main_Course_MachineLearning_Presentation.vrb'.

(Main_Course_MachineLearning_Presentation.vrb)
File: images/logo_yhk.png Graphic file (type png)
<use images/logo_yhk.png>
Package pdftex.def Info: images/logo_yhk.png  used on input line 53.
(pdftex.def)             Requested size: 17.07164pt x 12.43224pt.
[117

]
\openout4 = `Main_Course_MachineLearning_Presentation.vrb'.

(Main_Course_MachineLearning_Presentation.vrb)
File: images/logo_yhk.png Graphic file (type png)
<use images/logo_yhk.png>
Package pdftex.def Info: images/logo_yhk.png  used on input line 108.
(pdftex.def)             Requested size: 17.07164pt x 12.43224pt.
[118

]
\openout4 = `Main_Course_MachineLearning_Presentation.vrb'.

(Main_Course_MachineLearning_Presentation.vrb)
File: images/logo_yhk.png Graphic file (type png)
<use images/logo_yhk.png>
Package pdftex.def Info: images/logo_yhk.png  used on input line 121.
(pdftex.def)             Requested size: 17.07164pt x 12.43224pt.
[119

]
\openout4 = `Main_Course_MachineLearning_Presentation.vrb'.

(Main_Course_MachineLearning_Presentation.vrb)
File: images/logo_yhk.png Graphic file (type png)
<use images/logo_yhk.png>
Package pdftex.def Info: images/logo_yhk.png  used on input line 146.
(pdftex.def)             Requested size: 17.07164pt x 12.43224pt.
[120

]
\openout4 = `Main_Course_MachineLearning_Presentation.vrb'.

(Main_Course_MachineLearning_Presentation.vrb)
File: images/logo_yhk.png Graphic file (type png)
<use images/logo_yhk.png>
Package pdftex.def Info: images/logo_yhk.png  used on input line 161.
(pdftex.def)             Requested size: 17.07164pt x 12.43224pt.
[121

]
\openout4 = `Main_Course_MachineLearning_Presentation.vrb'.

(Main_Course_MachineLearning_Presentation.vrb)

LaTeX Font Warning: Font shape `OT1/lmtt/bx/sc' undefined
(Font)              using `OT1/lmtt/bx/n' instead on input line 196.

LaTeX Font Info:    Font shape `OT1/lmtt/bx/n' in size <10> not available
(Font)              Font shape `OT1/lmtt/b/n' tried instead on input line 196.
File: images/logo_yhk.png Graphic file (type png)
<use images/logo_yhk.png>
Package pdftex.def Info: images/logo_yhk.png  used on input line 196.
(pdftex.def)             Requested size: 17.07164pt x 12.43224pt.
[122

]
\openout4 = `Main_Course_MachineLearning_Presentation.vrb'.

(Main_Course_MachineLearning_Presentation.vrb)
File: images/logo_yhk.png Graphic file (type png)
<use images/logo_yhk.png>
Package pdftex.def Info: images/logo_yhk.png  used on input line 233.
(pdftex.def)             Requested size: 17.07164pt x 12.43224pt.
[123

]
\openout4 = `Main_Course_MachineLearning_Presentation.vrb'.

(Main_Course_MachineLearning_Presentation.vrb)
File: images/logo_yhk.png Graphic file (type png)
<use images/logo_yhk.png>
Package pdftex.def Info: images/logo_yhk.png  used on input line 240.
(pdftex.def)             Requested size: 17.07164pt x 12.43224pt.
[124

]
\openout4 = `Main_Course_MachineLearning_Presentation.vrb'.

(Main_Course_MachineLearning_Presentation.vrb)
File: images/logo_yhk.png Graphic file (type png)
<use images/logo_yhk.png>
Package pdftex.def Info: images/logo_yhk.png  used on input line 250.
(pdftex.def)             Requested size: 17.07164pt x 12.43224pt.
[125

]
\openout4 = `Main_Course_MachineLearning_Presentation.vrb'.

(Main_Course_MachineLearning_Presentation.vrb)
File: images/logo_yhk.png Graphic file (type png)
<use images/logo_yhk.png>
Package pdftex.def Info: images/logo_yhk.png  used on input line 261.
(pdftex.def)             Requested size: 17.07164pt x 12.43224pt.
[126

] (Main_Course_MachineLearning_Presentation.vrb)
File: images/logo_yhk.png Graphic file (type png)
<use images/logo_yhk.png>
Package pdftex.def Info: images/logo_yhk.png  used on input line 261.
(pdftex.def)             Requested size: 17.07164pt x 12.43224pt.
[127

])) (seminar_python_basic_constructs_content.tex (python_conditionals.tex
\openout4 = `Main_Course_MachineLearning_Presentation.vrb'.

(Main_Course_MachineLearning_Presentation.vrb)
File: images/logo_yhk.png Graphic file (type png)
<use images/logo_yhk.png>
Package pdftex.def Info: images/logo_yhk.png  used on input line 6.
(pdftex.def)             Requested size: 17.07164pt x 12.43224pt.
[128

]
\openout4 = `Main_Course_MachineLearning_Presentation.vrb'.

(Main_Course_MachineLearning_Presentation.vrb)
File: images/logo_yhk.png Graphic file (type png)
<use images/logo_yhk.png>
Package pdftex.def Info: images/logo_yhk.png  used on input line 14.
(pdftex.def)             Requested size: 17.07164pt x 12.43224pt.
[129

]
\openout4 = `Main_Course_MachineLearning_Presentation.vrb'.

(Main_Course_MachineLearning_Presentation.vrb
<images/boxes8.png, id=1097, 572.89032pt x 526.96875pt>
File: images/boxes8.png Graphic file (type png)
<use images/boxes8.png>
Package pdftex.def Info: images/boxes8.png  used on input line 17.
(pdftex.def)             Requested size: 153.64493pt x 141.32658pt.
)
File: images/logo_yhk.png Graphic file (type png)
<use images/logo_yhk.png>
Package pdftex.def Info: images/logo_yhk.png  used on input line 37.
(pdftex.def)             Requested size: 17.07164pt x 12.43224pt.
[130

 <./images/boxes8.png>]
\openout4 = `Main_Course_MachineLearning_Presentation.vrb'.

(Main_Course_MachineLearning_Presentation.vrb)
File: images/logo_yhk.png Graphic file (type png)
<use images/logo_yhk.png>
Package pdftex.def Info: images/logo_yhk.png  used on input line 69.
(pdftex.def)             Requested size: 17.07164pt x 12.43224pt.
[131

]
\openout4 = `Main_Course_MachineLearning_Presentation.vrb'.

(Main_Course_MachineLearning_Presentation.vrb)
File: images/logo_yhk.png Graphic file (type png)
<use images/logo_yhk.png>
Package pdftex.def Info: images/logo_yhk.png  used on input line 82.
(pdftex.def)             Requested size: 17.07164pt x 12.43224pt.
[132

]
\openout4 = `Main_Course_MachineLearning_Presentation.vrb'.

(Main_Course_MachineLearning_Presentation.vrb)
File: images/logo_yhk.png Graphic file (type png)
<use images/logo_yhk.png>
Package pdftex.def Info: images/logo_yhk.png  used on input line 101.
(pdftex.def)             Requested size: 17.07164pt x 12.43224pt.
[133

]
\openout4 = `Main_Course_MachineLearning_Presentation.vrb'.

(Main_Course_MachineLearning_Presentation.vrb)
File: images/logo_yhk.png Graphic file (type png)
<use images/logo_yhk.png>
Package pdftex.def Info: images/logo_yhk.png  used on input line 115.
(pdftex.def)             Requested size: 17.07164pt x 12.43224pt.
[134

]
\openout4 = `Main_Course_MachineLearning_Presentation.vrb'.

(Main_Course_MachineLearning_Presentation.vrb)
File: images/logo_yhk.png Graphic file (type png)
<use images/logo_yhk.png>
Package pdftex.def Info: images/logo_yhk.png  used on input line 126.
(pdftex.def)             Requested size: 17.07164pt x 12.43224pt.
[135

]
\openout4 = `Main_Course_MachineLearning_Presentation.vrb'.

(Main_Course_MachineLearning_Presentation.vrb)
File: images/logo_yhk.png Graphic file (type png)
<use images/logo_yhk.png>
Package pdftex.def Info: images/logo_yhk.png  used on input line 144.
(pdftex.def)             Requested size: 17.07164pt x 12.43224pt.
[136

]
\openout4 = `Main_Course_MachineLearning_Presentation.vrb'.

(Main_Course_MachineLearning_Presentation.vrb)
File: images/logo_yhk.png Graphic file (type png)
<use images/logo_yhk.png>
Package pdftex.def Info: images/logo_yhk.png  used on input line 160.
(pdftex.def)             Requested size: 17.07164pt x 12.43224pt.
[137

]
\openout4 = `Main_Course_MachineLearning_Presentation.vrb'.

(Main_Course_MachineLearning_Presentation.vrb)
File: images/logo_yhk.png Graphic file (type png)
<use images/logo_yhk.png>
Package pdftex.def Info: images/logo_yhk.png  used on input line 170.
(pdftex.def)             Requested size: 17.07164pt x 12.43224pt.
[138

]
\openout4 = `Main_Course_MachineLearning_Presentation.vrb'.

(Main_Course_MachineLearning_Presentation.vrb)
File: images/logo_yhk.png Graphic file (type png)
<use images/logo_yhk.png>
Package pdftex.def Info: images/logo_yhk.png  used on input line 200.
(pdftex.def)             Requested size: 17.07164pt x 12.43224pt.
[139

]
\openout4 = `Main_Course_MachineLearning_Presentation.vrb'.

(Main_Course_MachineLearning_Presentation.vrb)
File: images/logo_yhk.png Graphic file (type png)
<use images/logo_yhk.png>
Package pdftex.def Info: images/logo_yhk.png  used on input line 223.
(pdftex.def)             Requested size: 17.07164pt x 12.43224pt.
[140

]
\openout4 = `Main_Course_MachineLearning_Presentation.vrb'.

(Main_Course_MachineLearning_Presentation.vrb)
File: images/logo_yhk.png Graphic file (type png)
<use images/logo_yhk.png>
Package pdftex.def Info: images/logo_yhk.png  used on input line 234.
(pdftex.def)             Requested size: 17.07164pt x 12.43224pt.
[141

] (Main_Course_MachineLearning_Presentation.vrb)
File: images/logo_yhk.png Graphic file (type png)
<use images/logo_yhk.png>
Package pdftex.def Info: images/logo_yhk.png  used on input line 234.
(pdftex.def)             Requested size: 17.07164pt x 12.43224pt.
[142

]) (python_loops.tex
\openout4 = `Main_Course_MachineLearning_Presentation.vrb'.

(Main_Course_MachineLearning_Presentation.vrb)
File: images/logo_yhk.png Graphic file (type png)
<use images/logo_yhk.png>
Package pdftex.def Info: images/logo_yhk.png  used on input line 6.
(pdftex.def)             Requested size: 17.07164pt x 12.43224pt.
[143

]
\openout4 = `Main_Course_MachineLearning_Presentation.vrb'.

(Main_Course_MachineLearning_Presentation.vrb)
File: images/logo_yhk.png Graphic file (type png)
<use images/logo_yhk.png>
Package pdftex.def Info: images/logo_yhk.png  used on input line 23.
(pdftex.def)             Requested size: 17.07164pt x 12.43224pt.
[144

]
\openout4 = `Main_Course_MachineLearning_Presentation.vrb'.

(Main_Course_MachineLearning_Presentation.vrb)
LaTeX Font Info:    Font shape `OT1/lmtt/bx/sc' in size <10> not available
(Font)              Font shape `OT1/lmtt/b/n' tried instead on input line 38.
File: images/logo_yhk.png Graphic file (type png)
<use images/logo_yhk.png>
Package pdftex.def Info: images/logo_yhk.png  used on input line 38.
(pdftex.def)             Requested size: 17.07164pt x 12.43224pt.
[145

]
\openout4 = `Main_Course_MachineLearning_Presentation.vrb'.

(Main_Course_MachineLearning_Presentation.vrb)
File: images/logo_yhk.png Graphic file (type png)
<use images/logo_yhk.png>
Package pdftex.def Info: images/logo_yhk.png  used on input line 52.
(pdftex.def)             Requested size: 17.07164pt x 12.43224pt.
[146

]
\openout4 = `Main_Course_MachineLearning_Presentation.vrb'.

(Main_Course_MachineLearning_Presentation.vrb)
File: images/logo_yhk.png Graphic file (type png)
<use images/logo_yhk.png>
Package pdftex.def Info: images/logo_yhk.png  used on input line 66.
(pdftex.def)             Requested size: 17.07164pt x 12.43224pt.
[147

]
\openout4 = `Main_Course_MachineLearning_Presentation.vrb'.

(Main_Course_MachineLearning_Presentation.vrb)
File: images/logo_yhk.png Graphic file (type png)
<use images/logo_yhk.png>
Package pdftex.def Info: images/logo_yhk.png  used on input line 84.
(pdftex.def)             Requested size: 17.07164pt x 12.43224pt.
[148

]
\openout4 = `Main_Course_MachineLearning_Presentation.vrb'.

(Main_Course_MachineLearning_Presentation.vrb)
File: images/logo_yhk.png Graphic file (type png)
<use images/logo_yhk.png>
Package pdftex.def Info: images/logo_yhk.png  used on input line 98.
(pdftex.def)             Requested size: 17.07164pt x 12.43224pt.
[149

]
\openout4 = `Main_Course_MachineLearning_Presentation.vrb'.

(Main_Course_MachineLearning_Presentation.vrb)
File: images/logo_yhk.png Graphic file (type png)
<use images/logo_yhk.png>
Package pdftex.def Info: images/logo_yhk.png  used on input line 116.
(pdftex.def)             Requested size: 17.07164pt x 12.43224pt.
[150

]
\openout4 = `Main_Course_MachineLearning_Presentation.vrb'.

(Main_Course_MachineLearning_Presentation.vrb)
File: images/logo_yhk.png Graphic file (type png)
<use images/logo_yhk.png>
Package pdftex.def Info: images/logo_yhk.png  used on input line 150.
(pdftex.def)             Requested size: 17.07164pt x 12.43224pt.
[151

]
\openout4 = `Main_Course_MachineLearning_Presentation.vrb'.

(Main_Course_MachineLearning_Presentation.vrb)
File: images/logo_yhk.png Graphic file (type png)
<use images/logo_yhk.png>
Package pdftex.def Info: images/logo_yhk.png  used on input line 168.
(pdftex.def)             Requested size: 17.07164pt x 12.43224pt.
[152

]
\openout4 = `Main_Course_MachineLearning_Presentation.vrb'.

(Main_Course_MachineLearning_Presentation.vrb)
File: images/logo_yhk.png Graphic file (type png)
<use images/logo_yhk.png>
Package pdftex.def Info: images/logo_yhk.png  used on input line 191.
(pdftex.def)             Requested size: 17.07164pt x 12.43224pt.
[153

]
\openout4 = `Main_Course_MachineLearning_Presentation.vrb'.

(Main_Course_MachineLearning_Presentation.vrb)
File: images/logo_yhk.png Graphic file (type png)
<use images/logo_yhk.png>
Package pdftex.def Info: images/logo_yhk.png  used on input line 209.
(pdftex.def)             Requested size: 17.07164pt x 12.43224pt.
[154

]
\openout4 = `Main_Course_MachineLearning_Presentation.vrb'.

(Main_Course_MachineLearning_Presentation.vrb)
File: images/logo_yhk.png Graphic file (type png)
<use images/logo_yhk.png>
Package pdftex.def Info: images/logo_yhk.png  used on input line 218.
(pdftex.def)             Requested size: 17.07164pt x 12.43224pt.
[155

]
\openout4 = `Main_Course_MachineLearning_Presentation.vrb'.

(Main_Course_MachineLearning_Presentation.vrb)
File: images/logo_yhk.png Graphic file (type png)
<use images/logo_yhk.png>
Package pdftex.def Info: images/logo_yhk.png  used on input line 244.
(pdftex.def)             Requested size: 17.07164pt x 12.43224pt.
[156

]
\openout4 = `Main_Course_MachineLearning_Presentation.vrb'.

(Main_Course_MachineLearning_Presentation.vrb)
File: images/logo_yhk.png Graphic file (type png)
<use images/logo_yhk.png>
Package pdftex.def Info: images/logo_yhk.png  used on input line 265.
(pdftex.def)             Requested size: 17.07164pt x 12.43224pt.
[157

]
\openout4 = `Main_Course_MachineLearning_Presentation.vrb'.

(Main_Course_MachineLearning_Presentation.vrb)
File: images/logo_yhk.png Graphic file (type png)
<use images/logo_yhk.png>
Package pdftex.def Info: images/logo_yhk.png  used on input line 285.
(pdftex.def)             Requested size: 17.07164pt x 12.43224pt.
[158

]
\openout4 = `Main_Course_MachineLearning_Presentation.vrb'.

(Main_Course_MachineLearning_Presentation.vrb)
File: images/logo_yhk.png Graphic file (type png)
<use images/logo_yhk.png>
Package pdftex.def Info: images/logo_yhk.png  used on input line 313.
(pdftex.def)             Requested size: 17.07164pt x 12.43224pt.
[159

]
\openout4 = `Main_Course_MachineLearning_Presentation.vrb'.

(Main_Course_MachineLearning_Presentation.vrb)
File: images/logo_yhk.png Graphic file (type png)
<use images/logo_yhk.png>
Package pdftex.def Info: images/logo_yhk.png  used on input line 332.
(pdftex.def)             Requested size: 17.07164pt x 12.43224pt.
[160

]
\openout4 = `Main_Course_MachineLearning_Presentation.vrb'.

(Main_Course_MachineLearning_Presentation.vrb)
File: images/logo_yhk.png Graphic file (type png)
<use images/logo_yhk.png>
Package pdftex.def Info: images/logo_yhk.png  used on input line 347.
(pdftex.def)             Requested size: 17.07164pt x 12.43224pt.
[161

]
\openout4 = `Main_Course_MachineLearning_Presentation.vrb'.

(Main_Course_MachineLearning_Presentation.vrb)
File: images/logo_yhk.png Graphic file (type png)
<use images/logo_yhk.png>
Package pdftex.def Info: images/logo_yhk.png  used on input line 358.
(pdftex.def)             Requested size: 17.07164pt x 12.43224pt.
[162

] (Main_Course_MachineLearning_Presentation.vrb)
File: images/logo_yhk.png Graphic file (type png)
<use images/logo_yhk.png>
Package pdftex.def Info: images/logo_yhk.png  used on input line 358.
(pdftex.def)             Requested size: 17.07164pt x 12.43224pt.
[163

]) (python_liststuples.tex
\openout4 = `Main_Course_MachineLearning_Presentation.vrb'.

(Main_Course_MachineLearning_Presentation.vrb)
File: images/logo_yhk.png Graphic file (type png)
<use images/logo_yhk.png>
Package pdftex.def Info: images/logo_yhk.png  used on input line 6.
(pdftex.def)             Requested size: 17.07164pt x 12.43224pt.
[164

]
\openout4 = `Main_Course_MachineLearning_Presentation.vrb'.

(Main_Course_MachineLearning_Presentation.vrb)
File: images/logo_yhk.png Graphic file (type png)
<use images/logo_yhk.png>
Package pdftex.def Info: images/logo_yhk.png  used on input line 13.
(pdftex.def)             Requested size: 17.07164pt x 12.43224pt.
[165

]
\openout4 = `Main_Course_MachineLearning_Presentation.vrb'.

(Main_Course_MachineLearning_Presentation.vrb)
File: images/logo_yhk.png Graphic file (type png)
<use images/logo_yhk.png>
Package pdftex.def Info: images/logo_yhk.png  used on input line 23.
(pdftex.def)             Requested size: 17.07164pt x 12.43224pt.
[166

]
\openout4 = `Main_Course_MachineLearning_Presentation.vrb'.

(Main_Course_MachineLearning_Presentation.vrb)
File: images/logo_yhk.png Graphic file (type png)
<use images/logo_yhk.png>
Package pdftex.def Info: images/logo_yhk.png  used on input line 32.
(pdftex.def)             Requested size: 17.07164pt x 12.43224pt.
[167

]
\openout4 = `Main_Course_MachineLearning_Presentation.vrb'.

(Main_Course_MachineLearning_Presentation.vrb)
File: images/logo_yhk.png Graphic file (type png)
<use images/logo_yhk.png>
Package pdftex.def Info: images/logo_yhk.png  used on input line 48.
(pdftex.def)             Requested size: 17.07164pt x 12.43224pt.
[168

]
\openout4 = `Main_Course_MachineLearning_Presentation.vrb'.

(Main_Course_MachineLearning_Presentation.vrb)
File: images/logo_yhk.png Graphic file (type png)
<use images/logo_yhk.png>
Package pdftex.def Info: images/logo_yhk.png  used on input line 60.
(pdftex.def)             Requested size: 17.07164pt x 12.43224pt.
[169

]
\openout4 = `Main_Course_MachineLearning_Presentation.vrb'.

(Main_Course_MachineLearning_Presentation.vrb)
File: images/logo_yhk.png Graphic file (type png)
<use images/logo_yhk.png>
Package pdftex.def Info: images/logo_yhk.png  used on input line 71.
(pdftex.def)             Requested size: 17.07164pt x 12.43224pt.
[170

]
\openout4 = `Main_Course_MachineLearning_Presentation.vrb'.

(Main_Course_MachineLearning_Presentation.vrb)
File: images/logo_yhk.png Graphic file (type png)
<use images/logo_yhk.png>
Package pdftex.def Info: images/logo_yhk.png  used on input line 82.
(pdftex.def)             Requested size: 17.07164pt x 12.43224pt.
[171

]
\openout4 = `Main_Course_MachineLearning_Presentation.vrb'.

(Main_Course_MachineLearning_Presentation.vrb)
File: images/logo_yhk.png Graphic file (type png)
<use images/logo_yhk.png>
Package pdftex.def Info: images/logo_yhk.png  used on input line 100.
(pdftex.def)             Requested size: 17.07164pt x 12.43224pt.
[172

]
\openout4 = `Main_Course_MachineLearning_Presentation.vrb'.

(Main_Course_MachineLearning_Presentation.vrb)
File: images/logo_yhk.png Graphic file (type png)
<use images/logo_yhk.png>
Package pdftex.def Info: images/logo_yhk.png  used on input line 110.
(pdftex.def)             Requested size: 17.07164pt x 12.43224pt.
[173

]
\openout4 = `Main_Course_MachineLearning_Presentation.vrb'.

(Main_Course_MachineLearning_Presentation.vrb)
File: images/logo_yhk.png Graphic file (type png)
<use images/logo_yhk.png>
Package pdftex.def Info: images/logo_yhk.png  used on input line 122.
(pdftex.def)             Requested size: 17.07164pt x 12.43224pt.
[174

]
\openout4 = `Main_Course_MachineLearning_Presentation.vrb'.

(Main_Course_MachineLearning_Presentation.vrb)
File: images/logo_yhk.png Graphic file (type png)
<use images/logo_yhk.png>
Package pdftex.def Info: images/logo_yhk.png  used on input line 136.
(pdftex.def)             Requested size: 17.07164pt x 12.43224pt.
[175

]
\openout4 = `Main_Course_MachineLearning_Presentation.vrb'.

(Main_Course_MachineLearning_Presentation.vrb)
File: images/logo_yhk.png Graphic file (type png)
<use images/logo_yhk.png>
Package pdftex.def Info: images/logo_yhk.png  used on input line 159.
(pdftex.def)             Requested size: 17.07164pt x 12.43224pt.
[176

]
\openout4 = `Main_Course_MachineLearning_Presentation.vrb'.

(Main_Course_MachineLearning_Presentation.vrb)
File: images/logo_yhk.png Graphic file (type png)
<use images/logo_yhk.png>
Package pdftex.def Info: images/logo_yhk.png  used on input line 177.
(pdftex.def)             Requested size: 17.07164pt x 12.43224pt.
[177

]
\openout4 = `Main_Course_MachineLearning_Presentation.vrb'.

(Main_Course_MachineLearning_Presentation.vrb)
File: images/logo_yhk.png Graphic file (type png)
<use images/logo_yhk.png>
Package pdftex.def Info: images/logo_yhk.png  used on input line 190.
(pdftex.def)             Requested size: 17.07164pt x 12.43224pt.
[178

]
\openout4 = `Main_Course_MachineLearning_Presentation.vrb'.

(Main_Course_MachineLearning_Presentation.vrb
<images/custsort.png, id=1501, 515.9275pt x 386.44376pt>
File: images/custsort.png Graphic file (type png)
<use images/custsort.png>
Package pdftex.def Info: images/custsort.png  used on input line 11.
(pdftex.def)             Requested size: 184.3758pt x 138.09952pt.
)
File: images/logo_yhk.png Graphic file (type png)
<use images/logo_yhk.png>
Package pdftex.def Info: images/logo_yhk.png  used on input line 210.
(pdftex.def)             Requested size: 17.07164pt x 12.43224pt.
[179

 <./images/custsort.png (PNG copy)>]
\openout4 = `Main_Course_MachineLearning_Presentation.vrb'.

(Main_Course_MachineLearning_Presentation.vrb)
File: images/logo_yhk.png Graphic file (type png)
<use images/logo_yhk.png>
Package pdftex.def Info: images/logo_yhk.png  used on input line 220.
(pdftex.def)             Requested size: 17.07164pt x 12.43224pt.
[180

]
\openout4 = `Main_Course_MachineLearning_Presentation.vrb'.

(Main_Course_MachineLearning_Presentation.vrb)
File: images/logo_yhk.png Graphic file (type png)
<use images/logo_yhk.png>
Package pdftex.def Info: images/logo_yhk.png  used on input line 232.
(pdftex.def)             Requested size: 17.07164pt x 12.43224pt.
[181

]
\openout4 = `Main_Course_MachineLearning_Presentation.vrb'.

(Main_Course_MachineLearning_Presentation.vrb)
File: images/logo_yhk.png Graphic file (type png)
<use images/logo_yhk.png>
Package pdftex.def Info: images/logo_yhk.png  used on input line 242.
(pdftex.def)             Requested size: 17.07164pt x 12.43224pt.
[182

]
\openout4 = `Main_Course_MachineLearning_Presentation.vrb'.

(Main_Course_MachineLearning_Presentation.vrb)
File: images/logo_yhk.png Graphic file (type png)
<use images/logo_yhk.png>
Package pdftex.def Info: images/logo_yhk.png  used on input line 257.
(pdftex.def)             Requested size: 17.07164pt x 12.43224pt.
[183

]
\openout4 = `Main_Course_MachineLearning_Presentation.vrb'.

(Main_Course_MachineLearning_Presentation.vrb)
File: images/logo_yhk.png Graphic file (type png)
<use images/logo_yhk.png>
Package pdftex.def Info: images/logo_yhk.png  used on input line 269.
(pdftex.def)             Requested size: 17.07164pt x 12.43224pt.
[184

]
\openout4 = `Main_Course_MachineLearning_Presentation.vrb'.

(Main_Course_MachineLearning_Presentation.vrb)
File: images/logo_yhk.png Graphic file (type png)
<use images/logo_yhk.png>
Package pdftex.def Info: images/logo_yhk.png  used on input line 286.
(pdftex.def)             Requested size: 17.07164pt x 12.43224pt.
[185

]
\openout4 = `Main_Course_MachineLearning_Presentation.vrb'.

(Main_Course_MachineLearning_Presentation.vrb)
File: images/logo_yhk.png Graphic file (type png)
<use images/logo_yhk.png>
Package pdftex.def Info: images/logo_yhk.png  used on input line 304.
(pdftex.def)             Requested size: 17.07164pt x 12.43224pt.
[186

]
\openout4 = `Main_Course_MachineLearning_Presentation.vrb'.

(Main_Course_MachineLearning_Presentation.vrb)
File: images/logo_yhk.png Graphic file (type png)
<use images/logo_yhk.png>
Package pdftex.def Info: images/logo_yhk.png  used on input line 319.
(pdftex.def)             Requested size: 17.07164pt x 12.43224pt.
[187

]
\openout4 = `Main_Course_MachineLearning_Presentation.vrb'.

(Main_Course_MachineLearning_Presentation.vrb)
File: images/logo_yhk.png Graphic file (type png)
<use images/logo_yhk.png>
Package pdftex.def Info: images/logo_yhk.png  used on input line 336.
(pdftex.def)             Requested size: 17.07164pt x 12.43224pt.
[188

]
\openout4 = `Main_Course_MachineLearning_Presentation.vrb'.

(Main_Course_MachineLearning_Presentation.vrb)
File: images/logo_yhk.png Graphic file (type png)
<use images/logo_yhk.png>
Package pdftex.def Info: images/logo_yhk.png  used on input line 350.
(pdftex.def)             Requested size: 17.07164pt x 12.43224pt.
[189

]
\openout4 = `Main_Course_MachineLearning_Presentation.vrb'.

(Main_Course_MachineLearning_Presentation.vrb)
File: images/logo_yhk.png Graphic file (type png)
<use images/logo_yhk.png>
Package pdftex.def Info: images/logo_yhk.png  used on input line 370.
(pdftex.def)             Requested size: 17.07164pt x 12.43224pt.
[190

]
\openout4 = `Main_Course_MachineLearning_Presentation.vrb'.

(Main_Course_MachineLearning_Presentation.vrb)
File: images/logo_yhk.png Graphic file (type png)
<use images/logo_yhk.png>
Package pdftex.def Info: images/logo_yhk.png  used on input line 386.
(pdftex.def)             Requested size: 17.07164pt x 12.43224pt.
[191

]
\openout4 = `Main_Course_MachineLearning_Presentation.vrb'.

(Main_Course_MachineLearning_Presentation.vrb)
File: images/logo_yhk.png Graphic file (type png)
<use images/logo_yhk.png>
Package pdftex.def Info: images/logo_yhk.png  used on input line 398.
(pdftex.def)             Requested size: 17.07164pt x 12.43224pt.
[192

]
\openout4 = `Main_Course_MachineLearning_Presentation.vrb'.

(Main_Course_MachineLearning_Presentation.vrb)
File: images/logo_yhk.png Graphic file (type png)
<use images/logo_yhk.png>
Package pdftex.def Info: images/logo_yhk.png  used on input line 412.
(pdftex.def)             Requested size: 17.07164pt x 12.43224pt.
[193

]
\openout4 = `Main_Course_MachineLearning_Presentation.vrb'.

(Main_Course_MachineLearning_Presentation.vrb)
File: images/logo_yhk.png Graphic file (type png)
<use images/logo_yhk.png>
Package pdftex.def Info: images/logo_yhk.png  used on input line 424.
(pdftex.def)             Requested size: 17.07164pt x 12.43224pt.
[194

]
\openout4 = `Main_Course_MachineLearning_Presentation.vrb'.

(Main_Course_MachineLearning_Presentation.vrb)
File: images/logo_yhk.png Graphic file (type png)
<use images/logo_yhk.png>
Package pdftex.def Info: images/logo_yhk.png  used on input line 442.
(pdftex.def)             Requested size: 17.07164pt x 12.43224pt.
[195

]
\openout4 = `Main_Course_MachineLearning_Presentation.vrb'.

(Main_Course_MachineLearning_Presentation.vrb)
File: images/logo_yhk.png Graphic file (type png)
<use images/logo_yhk.png>
Package pdftex.def Info: images/logo_yhk.png  used on input line 449.
(pdftex.def)             Requested size: 17.07164pt x 12.43224pt.
[196

]
\openout4 = `Main_Course_MachineLearning_Presentation.vrb'.

(Main_Course_MachineLearning_Presentation.vrb)
File: images/logo_yhk.png Graphic file (type png)
<use images/logo_yhk.png>
Package pdftex.def Info: images/logo_yhk.png  used on input line 469.
(pdftex.def)             Requested size: 17.07164pt x 12.43224pt.
[197

]
\openout4 = `Main_Course_MachineLearning_Presentation.vrb'.

(Main_Course_MachineLearning_Presentation.vrb)
File: images/logo_yhk.png Graphic file (type png)
<use images/logo_yhk.png>
Package pdftex.def Info: images/logo_yhk.png  used on input line 486.
(pdftex.def)             Requested size: 17.07164pt x 12.43224pt.
[198

]
\openout4 = `Main_Course_MachineLearning_Presentation.vrb'.

(Main_Course_MachineLearning_Presentation.vrb)
File: images/logo_yhk.png Graphic file (type png)
<use images/logo_yhk.png>
Package pdftex.def Info: images/logo_yhk.png  used on input line 505.
(pdftex.def)             Requested size: 17.07164pt x 12.43224pt.
[199

]
\openout4 = `Main_Course_MachineLearning_Presentation.vrb'.

(Main_Course_MachineLearning_Presentation.vrb
LaTeX Font Info:    Font shape `OT1/lmss/bx/it' in size <9> not available
(Font)              Font shape `OT1/lmss/bx/sl' tried instead on input line 16.

)
File: images/logo_yhk.png Graphic file (type png)
<use images/logo_yhk.png>
Package pdftex.def Info: images/logo_yhk.png  used on input line 530.
(pdftex.def)             Requested size: 17.07164pt x 12.43224pt.
[200

]
\openout4 = `Main_Course_MachineLearning_Presentation.vrb'.

(Main_Course_MachineLearning_Presentation.vrb)
File: images/logo_yhk.png Graphic file (type png)
<use images/logo_yhk.png>
Package pdftex.def Info: images/logo_yhk.png  used on input line 544.
(pdftex.def)             Requested size: 17.07164pt x 12.43224pt.
[201

]
\openout4 = `Main_Course_MachineLearning_Presentation.vrb'.

(Main_Course_MachineLearning_Presentation.vrb)
File: images/logo_yhk.png Graphic file (type png)
<use images/logo_yhk.png>
Package pdftex.def Info: images/logo_yhk.png  used on input line 554.
(pdftex.def)             Requested size: 17.07164pt x 12.43224pt.
[202

]
\openout4 = `Main_Course_MachineLearning_Presentation.vrb'.

(Main_Course_MachineLearning_Presentation.vrb)
File: images/logo_yhk.png Graphic file (type png)
<use images/logo_yhk.png>
Package pdftex.def Info: images/logo_yhk.png  used on input line 568.
(pdftex.def)             Requested size: 17.07164pt x 12.43224pt.
[203

]
\openout4 = `Main_Course_MachineLearning_Presentation.vrb'.

(Main_Course_MachineLearning_Presentation.vrb)
File: images/logo_yhk.png Graphic file (type png)
<use images/logo_yhk.png>
Package pdftex.def Info: images/logo_yhk.png  used on input line 583.
(pdftex.def)             Requested size: 17.07164pt x 12.43224pt.
[204

]
\openout4 = `Main_Course_MachineLearning_Presentation.vrb'.

(Main_Course_MachineLearning_Presentation.vrb)
File: images/logo_yhk.png Graphic file (type png)
<use images/logo_yhk.png>
Package pdftex.def Info: images/logo_yhk.png  used on input line 595.
(pdftex.def)             Requested size: 17.07164pt x 12.43224pt.
[205

]
\openout4 = `Main_Course_MachineLearning_Presentation.vrb'.

(Main_Course_MachineLearning_Presentation.vrb)
File: images/logo_yhk.png Graphic file (type png)
<use images/logo_yhk.png>
Package pdftex.def Info: images/logo_yhk.png  used on input line 604.
(pdftex.def)             Requested size: 17.07164pt x 12.43224pt.
[206

]
\openout4 = `Main_Course_MachineLearning_Presentation.vrb'.

(Main_Course_MachineLearning_Presentation.vrb)
File: images/logo_yhk.png Graphic file (type png)
<use images/logo_yhk.png>
Package pdftex.def Info: images/logo_yhk.png  used on input line 615.
(pdftex.def)             Requested size: 17.07164pt x 12.43224pt.
[207

]
\openout4 = `Main_Course_MachineLearning_Presentation.vrb'.

(Main_Course_MachineLearning_Presentation.vrb)
File: images/logo_yhk.png Graphic file (type png)
<use images/logo_yhk.png>
Package pdftex.def Info: images/logo_yhk.png  used on input line 624.
(pdftex.def)             Requested size: 17.07164pt x 12.43224pt.
[208

]
\openout4 = `Main_Course_MachineLearning_Presentation.vrb'.

(Main_Course_MachineLearning_Presentation.vrb)
File: images/logo_yhk.png Graphic file (type png)
<use images/logo_yhk.png>
Package pdftex.def Info: images/logo_yhk.png  used on input line 638.
(pdftex.def)             Requested size: 17.07164pt x 12.43224pt.
[209

]
\openout4 = `Main_Course_MachineLearning_Presentation.vrb'.

(Main_Course_MachineLearning_Presentation.vrb)
File: images/logo_yhk.png Graphic file (type png)
<use images/logo_yhk.png>
Package pdftex.def Info: images/logo_yhk.png  used on input line 655.
(pdftex.def)             Requested size: 17.07164pt x 12.43224pt.
[210

]
\openout4 = `Main_Course_MachineLearning_Presentation.vrb'.

(Main_Course_MachineLearning_Presentation.vrb)
File: images/logo_yhk.png Graphic file (type png)
<use images/logo_yhk.png>
Package pdftex.def Info: images/logo_yhk.png  used on input line 745.
(pdftex.def)             Requested size: 17.07164pt x 12.43224pt.
[211

]
\openout4 = `Main_Course_MachineLearning_Presentation.vrb'.

(Main_Course_MachineLearning_Presentation.vrb)
File: images/logo_yhk.png Graphic file (type png)
<use images/logo_yhk.png>
Package pdftex.def Info: images/logo_yhk.png  used on input line 763.
(pdftex.def)             Requested size: 17.07164pt x 12.43224pt.
[212

]
\openout4 = `Main_Course_MachineLearning_Presentation.vrb'.

(Main_Course_MachineLearning_Presentation.vrb)
File: images/logo_yhk.png Graphic file (type png)
<use images/logo_yhk.png>
Package pdftex.def Info: images/logo_yhk.png  used on input line 777.
(pdftex.def)             Requested size: 17.07164pt x 12.43224pt.
[213

]
\openout4 = `Main_Course_MachineLearning_Presentation.vrb'.

(Main_Course_MachineLearning_Presentation.vrb)
File: images/logo_yhk.png Graphic file (type png)
<use images/logo_yhk.png>
Package pdftex.def Info: images/logo_yhk.png  used on input line 829.
(pdftex.def)             Requested size: 17.07164pt x 12.43224pt.
[214

]
\openout4 = `Main_Course_MachineLearning_Presentation.vrb'.

(Main_Course_MachineLearning_Presentation.vrb)
File: images/logo_yhk.png Graphic file (type png)
<use images/logo_yhk.png>
Package pdftex.def Info: images/logo_yhk.png  used on input line 852.
(pdftex.def)             Requested size: 17.07164pt x 12.43224pt.
[215

]
\openout4 = `Main_Course_MachineLearning_Presentation.vrb'.

(Main_Course_MachineLearning_Presentation.vrb)
File: images/logo_yhk.png Graphic file (type png)
<use images/logo_yhk.png>
Package pdftex.def Info: images/logo_yhk.png  used on input line 866.
(pdftex.def)             Requested size: 17.07164pt x 12.43224pt.
[216

]
\openout4 = `Main_Course_MachineLearning_Presentation.vrb'.

(Main_Course_MachineLearning_Presentation.vrb)
File: images/logo_yhk.png Graphic file (type png)
<use images/logo_yhk.png>
Package pdftex.def Info: images/logo_yhk.png  used on input line 889.
(pdftex.def)             Requested size: 17.07164pt x 12.43224pt.
[217

]
\openout4 = `Main_Course_MachineLearning_Presentation.vrb'.

(Main_Course_MachineLearning_Presentation.vrb)
File: images/logo_yhk.png Graphic file (type png)
<use images/logo_yhk.png>
Package pdftex.def Info: images/logo_yhk.png  used on input line 909.
(pdftex.def)             Requested size: 17.07164pt x 12.43224pt.
[218

]
\openout4 = `Main_Course_MachineLearning_Presentation.vrb'.

(Main_Course_MachineLearning_Presentation.vrb)
File: images/logo_yhk.png Graphic file (type png)
<use images/logo_yhk.png>
Package pdftex.def Info: images/logo_yhk.png  used on input line 920.
(pdftex.def)             Requested size: 17.07164pt x 12.43224pt.
[219

]
\openout4 = `Main_Course_MachineLearning_Presentation.vrb'.

(Main_Course_MachineLearning_Presentation.vrb)
File: images/logo_yhk.png Graphic file (type png)
<use images/logo_yhk.png>
Package pdftex.def Info: images/logo_yhk.png  used on input line 931.
(pdftex.def)             Requested size: 17.07164pt x 12.43224pt.
[220

]
\openout4 = `Main_Course_MachineLearning_Presentation.vrb'.

(Main_Course_MachineLearning_Presentation.vrb)
File: images/logo_yhk.png Graphic file (type png)
<use images/logo_yhk.png>
Package pdftex.def Info: images/logo_yhk.png  used on input line 942.
(pdftex.def)             Requested size: 17.07164pt x 12.43224pt.
[221

] (Main_Course_MachineLearning_Presentation.vrb)
File: images/logo_yhk.png Graphic file (type png)
<use images/logo_yhk.png>
Package pdftex.def Info: images/logo_yhk.png  used on input line 942.
(pdftex.def)             Requested size: 17.07164pt x 12.43224pt.
[222

]) (python_dictionariessets.tex
\openout4 = `Main_Course_MachineLearning_Presentation.vrb'.

(Main_Course_MachineLearning_Presentation.vrb)
File: images/logo_yhk.png Graphic file (type png)
<use images/logo_yhk.png>
Package pdftex.def Info: images/logo_yhk.png  used on input line 6.
(pdftex.def)             Requested size: 17.07164pt x 12.43224pt.
[223

]
\openout4 = `Main_Course_MachineLearning_Presentation.vrb'.

(Main_Course_MachineLearning_Presentation.vrb)
File: images/logo_yhk.png Graphic file (type png)
<use images/logo_yhk.png>
Package pdftex.def Info: images/logo_yhk.png  used on input line 14.
(pdftex.def)             Requested size: 17.07164pt x 12.43224pt.
[224

]
\openout4 = `Main_Course_MachineLearning_Presentation.vrb'.

(Main_Course_MachineLearning_Presentation.vrb)
File: images/logo_yhk.png Graphic file (type png)
<use images/logo_yhk.png>
Package pdftex.def Info: images/logo_yhk.png  used on input line 30.
(pdftex.def)             Requested size: 17.07164pt x 12.43224pt.
[225

]
\openout4 = `Main_Course_MachineLearning_Presentation.vrb'.

(Main_Course_MachineLearning_Presentation.vrb)
File: images/logo_yhk.png Graphic file (type png)
<use images/logo_yhk.png>
Package pdftex.def Info: images/logo_yhk.png  used on input line 40.
(pdftex.def)             Requested size: 17.07164pt x 12.43224pt.
[226

]
\openout4 = `Main_Course_MachineLearning_Presentation.vrb'.

(Main_Course_MachineLearning_Presentation.vrb)
File: images/logo_yhk.png Graphic file (type png)
<use images/logo_yhk.png>
Package pdftex.def Info: images/logo_yhk.png  used on input line 57.
(pdftex.def)             Requested size: 17.07164pt x 12.43224pt.
[227

]
\openout4 = `Main_Course_MachineLearning_Presentation.vrb'.

(Main_Course_MachineLearning_Presentation.vrb)
File: images/logo_yhk.png Graphic file (type png)
<use images/logo_yhk.png>
Package pdftex.def Info: images/logo_yhk.png  used on input line 78.
(pdftex.def)             Requested size: 17.07164pt x 12.43224pt.
[228

]
\openout4 = `Main_Course_MachineLearning_Presentation.vrb'.

(Main_Course_MachineLearning_Presentation.vrb)
File: images/logo_yhk.png Graphic file (type png)
<use images/logo_yhk.png>
Package pdftex.def Info: images/logo_yhk.png  used on input line 91.
(pdftex.def)             Requested size: 17.07164pt x 12.43224pt.
[229

]
\openout4 = `Main_Course_MachineLearning_Presentation.vrb'.

(Main_Course_MachineLearning_Presentation.vrb)
File: images/logo_yhk.png Graphic file (type png)
<use images/logo_yhk.png>
Package pdftex.def Info: images/logo_yhk.png  used on input line 112.
(pdftex.def)             Requested size: 17.07164pt x 12.43224pt.
[230

]
\openout4 = `Main_Course_MachineLearning_Presentation.vrb'.

(Main_Course_MachineLearning_Presentation.vrb)
File: images/logo_yhk.png Graphic file (type png)
<use images/logo_yhk.png>
Package pdftex.def Info: images/logo_yhk.png  used on input line 127.
(pdftex.def)             Requested size: 17.07164pt x 12.43224pt.
[231

]
\openout4 = `Main_Course_MachineLearning_Presentation.vrb'.

(Main_Course_MachineLearning_Presentation.vrb)
File: images/logo_yhk.png Graphic file (type png)
<use images/logo_yhk.png>
Package pdftex.def Info: images/logo_yhk.png  used on input line 153.
(pdftex.def)             Requested size: 17.07164pt x 12.43224pt.
[232

]
\openout4 = `Main_Course_MachineLearning_Presentation.vrb'.

(Main_Course_MachineLearning_Presentation.vrb)
File: images/logo_yhk.png Graphic file (type png)
<use images/logo_yhk.png>
Package pdftex.def Info: images/logo_yhk.png  used on input line 169.
(pdftex.def)             Requested size: 17.07164pt x 12.43224pt.
[233

]
\openout4 = `Main_Course_MachineLearning_Presentation.vrb'.

(Main_Course_MachineLearning_Presentation.vrb)
File: images/logo_yhk.png Graphic file (type png)
<use images/logo_yhk.png>
Package pdftex.def Info: images/logo_yhk.png  used on input line 185.
(pdftex.def)             Requested size: 17.07164pt x 12.43224pt.
[234

]
\openout4 = `Main_Course_MachineLearning_Presentation.vrb'.

(Main_Course_MachineLearning_Presentation.vrb)
File: images/logo_yhk.png Graphic file (type png)
<use images/logo_yhk.png>
Package pdftex.def Info: images/logo_yhk.png  used on input line 241.
(pdftex.def)             Requested size: 17.07164pt x 12.43224pt.
[235

]
\openout4 = `Main_Course_MachineLearning_Presentation.vrb'.

(Main_Course_MachineLearning_Presentation.vrb)
File: images/logo_yhk.png Graphic file (type png)
<use images/logo_yhk.png>
Package pdftex.def Info: images/logo_yhk.png  used on input line 256.
(pdftex.def)             Requested size: 17.07164pt x 12.43224pt.
[236

]
\openout4 = `Main_Course_MachineLearning_Presentation.vrb'.

(Main_Course_MachineLearning_Presentation.vrb)
File: images/logo_yhk.png Graphic file (type png)
<use images/logo_yhk.png>
Package pdftex.def Info: images/logo_yhk.png  used on input line 281.
(pdftex.def)             Requested size: 17.07164pt x 12.43224pt.
[237

]
\openout4 = `Main_Course_MachineLearning_Presentation.vrb'.

(Main_Course_MachineLearning_Presentation.vrb)
File: images/logo_yhk.png Graphic file (type png)
<use images/logo_yhk.png>
Package pdftex.def Info: images/logo_yhk.png  used on input line 290.
(pdftex.def)             Requested size: 17.07164pt x 12.43224pt.
[238

]
\openout4 = `Main_Course_MachineLearning_Presentation.vrb'.

(Main_Course_MachineLearning_Presentation.vrb)
File: images/logo_yhk.png Graphic file (type png)
<use images/logo_yhk.png>
Package pdftex.def Info: images/logo_yhk.png  used on input line 336.
(pdftex.def)             Requested size: 17.07164pt x 12.43224pt.
[239

]
\openout4 = `Main_Course_MachineLearning_Presentation.vrb'.

(Main_Course_MachineLearning_Presentation.vrb)
File: images/logo_yhk.png Graphic file (type png)
<use images/logo_yhk.png>
Package pdftex.def Info: images/logo_yhk.png  used on input line 354.
(pdftex.def)             Requested size: 17.07164pt x 12.43224pt.
[240

]
\openout4 = `Main_Course_MachineLearning_Presentation.vrb'.

(Main_Course_MachineLearning_Presentation.vrb)
File: images/logo_yhk.png Graphic file (type png)
<use images/logo_yhk.png>
Package pdftex.def Info: images/logo_yhk.png  used on input line 365.
(pdftex.def)             Requested size: 17.07164pt x 12.43224pt.
[241

]
\openout4 = `Main_Course_MachineLearning_Presentation.vrb'.

(Main_Course_MachineLearning_Presentation.vrb)
File: images/logo_yhk.png Graphic file (type png)
<use images/logo_yhk.png>
Package pdftex.def Info: images/logo_yhk.png  used on input line 377.
(pdftex.def)             Requested size: 17.07164pt x 12.43224pt.
[242

]
\openout4 = `Main_Course_MachineLearning_Presentation.vrb'.

(Main_Course_MachineLearning_Presentation.vrb)
File: images/logo_yhk.png Graphic file (type png)
<use images/logo_yhk.png>
Package pdftex.def Info: images/logo_yhk.png  used on input line 392.
(pdftex.def)             Requested size: 17.07164pt x 12.43224pt.
[243

]
\openout4 = `Main_Course_MachineLearning_Presentation.vrb'.

(Main_Course_MachineLearning_Presentation.vrb)
File: images/logo_yhk.png Graphic file (type png)
<use images/logo_yhk.png>
Package pdftex.def Info: images/logo_yhk.png  used on input line 420.
(pdftex.def)             Requested size: 17.07164pt x 12.43224pt.
[244

]
\openout4 = `Main_Course_MachineLearning_Presentation.vrb'.

(Main_Course_MachineLearning_Presentation.vrb)
File: images/logo_yhk.png Graphic file (type png)
<use images/logo_yhk.png>
Package pdftex.def Info: images/logo_yhk.png  used on input line 438.
(pdftex.def)             Requested size: 17.07164pt x 12.43224pt.
[245

]
\openout4 = `Main_Course_MachineLearning_Presentation.vrb'.

(Main_Course_MachineLearning_Presentation.vrb)
File: images/logo_yhk.png Graphic file (type png)
<use images/logo_yhk.png>
Package pdftex.def Info: images/logo_yhk.png  used on input line 462.
(pdftex.def)             Requested size: 17.07164pt x 12.43224pt.
[246

]
\openout4 = `Main_Course_MachineLearning_Presentation.vrb'.

(Main_Course_MachineLearning_Presentation.vrb)
File: images/logo_yhk.png Graphic file (type png)
<use images/logo_yhk.png>
Package pdftex.def Info: images/logo_yhk.png  used on input line 476.
(pdftex.def)             Requested size: 17.07164pt x 12.43224pt.
[247

]
\openout4 = `Main_Course_MachineLearning_Presentation.vrb'.

(Main_Course_MachineLearning_Presentation.vrb)
File: images/logo_yhk.png Graphic file (type png)
<use images/logo_yhk.png>
Package pdftex.def Info: images/logo_yhk.png  used on input line 492.
(pdftex.def)             Requested size: 17.07164pt x 12.43224pt.
[248

]
\openout4 = `Main_Course_MachineLearning_Presentation.vrb'.

(Main_Course_MachineLearning_Presentation.vrb)
File: images/logo_yhk.png Graphic file (type png)
<use images/logo_yhk.png>
Package pdftex.def Info: images/logo_yhk.png  used on input line 507.
(pdftex.def)             Requested size: 17.07164pt x 12.43224pt.
[249

]
\openout4 = `Main_Course_MachineLearning_Presentation.vrb'.

(Main_Course_MachineLearning_Presentation.vrb)
File: images/logo_yhk.png Graphic file (type png)
<use images/logo_yhk.png>
Package pdftex.def Info: images/logo_yhk.png  used on input line 532.
(pdftex.def)             Requested size: 17.07164pt x 12.43224pt.
[250

]
\openout4 = `Main_Course_MachineLearning_Presentation.vrb'.

(Main_Course_MachineLearning_Presentation.vrb)
File: images/logo_yhk.png Graphic file (type png)
<use images/logo_yhk.png>
Package pdftex.def Info: images/logo_yhk.png  used on input line 551.
(pdftex.def)             Requested size: 17.07164pt x 12.43224pt.
[251

]
\openout4 = `Main_Course_MachineLearning_Presentation.vrb'.

(Main_Course_MachineLearning_Presentation.vrb)
File: images/logo_yhk.png Graphic file (type png)
<use images/logo_yhk.png>
Package pdftex.def Info: images/logo_yhk.png  used on input line 567.
(pdftex.def)             Requested size: 17.07164pt x 12.43224pt.
[252

]
\openout4 = `Main_Course_MachineLearning_Presentation.vrb'.

(Main_Course_MachineLearning_Presentation.vrb)
File: images/logo_yhk.png Graphic file (type png)
<use images/logo_yhk.png>
Package pdftex.def Info: images/logo_yhk.png  used on input line 576.
(pdftex.def)             Requested size: 17.07164pt x 12.43224pt.
[253

]
\openout4 = `Main_Course_MachineLearning_Presentation.vrb'.

(Main_Course_MachineLearning_Presentation.vrb)
File: images/logo_yhk.png Graphic file (type png)
<use images/logo_yhk.png>
Package pdftex.def Info: images/logo_yhk.png  used on input line 635.
(pdftex.def)             Requested size: 17.07164pt x 12.43224pt.
[254

]
\openout4 = `Main_Course_MachineLearning_Presentation.vrb'.

(Main_Course_MachineLearning_Presentation.vrb)
File: images/logo_yhk.png Graphic file (type png)
<use images/logo_yhk.png>
Package pdftex.def Info: images/logo_yhk.png  used on input line 646.
(pdftex.def)             Requested size: 17.07164pt x 12.43224pt.
[255

] (Main_Course_MachineLearning_Presentation.vrb)
File: images/logo_yhk.png Graphic file (type png)
<use images/logo_yhk.png>
Package pdftex.def Info: images/logo_yhk.png  used on input line 646.
(pdftex.def)             Requested size: 17.07164pt x 12.43224pt.
[256

])) (seminar_python_basic_procedures_content.tex (python_functions.tex
\openout4 = `Main_Course_MachineLearning_Presentation.vrb'.

(Main_Course_MachineLearning_Presentation.vrb)
File: images/logo_yhk.png Graphic file (type png)
<use images/logo_yhk.png>
Package pdftex.def Info: images/logo_yhk.png  used on input line 6.
(pdftex.def)             Requested size: 17.07164pt x 12.43224pt.
[257

]
\openout4 = `Main_Course_MachineLearning_Presentation.vrb'.

(Main_Course_MachineLearning_Presentation.vrb)
File: images/logo_yhk.png Graphic file (type png)
<use images/logo_yhk.png>
Package pdftex.def Info: images/logo_yhk.png  used on input line 26.
(pdftex.def)             Requested size: 17.07164pt x 12.43224pt.
[258

]
\openout4 = `Main_Course_MachineLearning_Presentation.vrb'.

(Main_Course_MachineLearning_Presentation.vrb)
File: images/logo_yhk.png Graphic file (type png)
<use images/logo_yhk.png>
Package pdftex.def Info: images/logo_yhk.png  used on input line 50.
(pdftex.def)             Requested size: 17.07164pt x 12.43224pt.
[259

]
\openout4 = `Main_Course_MachineLearning_Presentation.vrb'.

(Main_Course_MachineLearning_Presentation.vrb)
File: images/logo_yhk.png Graphic file (type png)
<use images/logo_yhk.png>
Package pdftex.def Info: images/logo_yhk.png  used on input line 70.
(pdftex.def)             Requested size: 17.07164pt x 12.43224pt.
[260

]
\openout4 = `Main_Course_MachineLearning_Presentation.vrb'.

(Main_Course_MachineLearning_Presentation.vrb)
File: images/logo_yhk.png Graphic file (type png)
<use images/logo_yhk.png>
Package pdftex.def Info: images/logo_yhk.png  used on input line 86.
(pdftex.def)             Requested size: 17.07164pt x 12.43224pt.
[261

]
\openout4 = `Main_Course_MachineLearning_Presentation.vrb'.

(Main_Course_MachineLearning_Presentation.vrb)
File: images/logo_yhk.png Graphic file (type png)
<use images/logo_yhk.png>
Package pdftex.def Info: images/logo_yhk.png  used on input line 119.
(pdftex.def)             Requested size: 17.07164pt x 12.43224pt.
[262

]
\openout4 = `Main_Course_MachineLearning_Presentation.vrb'.

(Main_Course_MachineLearning_Presentation.vrb)
File: images/logo_yhk.png Graphic file (type png)
<use images/logo_yhk.png>
Package pdftex.def Info: images/logo_yhk.png  used on input line 130.
(pdftex.def)             Requested size: 17.07164pt x 12.43224pt.
[263

]
\openout4 = `Main_Course_MachineLearning_Presentation.vrb'.

(Main_Course_MachineLearning_Presentation.vrb)
File: images/logo_yhk.png Graphic file (type png)
<use images/logo_yhk.png>
Package pdftex.def Info: images/logo_yhk.png  used on input line 148.
(pdftex.def)             Requested size: 17.07164pt x 12.43224pt.
[264

]
\openout4 = `Main_Course_MachineLearning_Presentation.vrb'.

(Main_Course_MachineLearning_Presentation.vrb)
File: images/logo_yhk.png Graphic file (type png)
<use images/logo_yhk.png>
Package pdftex.def Info: images/logo_yhk.png  used on input line 160.
(pdftex.def)             Requested size: 17.07164pt x 12.43224pt.
[265

]
\openout4 = `Main_Course_MachineLearning_Presentation.vrb'.

(Main_Course_MachineLearning_Presentation.vrb)
File: images/logo_yhk.png Graphic file (type png)
<use images/logo_yhk.png>
Package pdftex.def Info: images/logo_yhk.png  used on input line 176.
(pdftex.def)             Requested size: 17.07164pt x 12.43224pt.
[266

]
\openout4 = `Main_Course_MachineLearning_Presentation.vrb'.

(Main_Course_MachineLearning_Presentation.vrb)
File: images/logo_yhk.png Graphic file (type png)
<use images/logo_yhk.png>
Package pdftex.def Info: images/logo_yhk.png  used on input line 185.
(pdftex.def)             Requested size: 17.07164pt x 12.43224pt.
[267

]
\openout4 = `Main_Course_MachineLearning_Presentation.vrb'.

(Main_Course_MachineLearning_Presentation.vrb)
File: images/logo_yhk.png Graphic file (type png)
<use images/logo_yhk.png>
Package pdftex.def Info: images/logo_yhk.png  used on input line 209.
(pdftex.def)             Requested size: 17.07164pt x 12.43224pt.
[268

]
\openout4 = `Main_Course_MachineLearning_Presentation.vrb'.

(Main_Course_MachineLearning_Presentation.vrb)
File: images/logo_yhk.png Graphic file (type png)
<use images/logo_yhk.png>
Package pdftex.def Info: images/logo_yhk.png  used on input line 223.
(pdftex.def)             Requested size: 17.07164pt x 12.43224pt.
[269

]
\openout4 = `Main_Course_MachineLearning_Presentation.vrb'.

(Main_Course_MachineLearning_Presentation.vrb)
File: images/logo_yhk.png Graphic file (type png)
<use images/logo_yhk.png>
Package pdftex.def Info: images/logo_yhk.png  used on input line 232.
(pdftex.def)             Requested size: 17.07164pt x 12.43224pt.
[270

]
\openout4 = `Main_Course_MachineLearning_Presentation.vrb'.

(Main_Course_MachineLearning_Presentation.vrb)
File: images/logo_yhk.png Graphic file (type png)
<use images/logo_yhk.png>
Package pdftex.def Info: images/logo_yhk.png  used on input line 242.
(pdftex.def)             Requested size: 17.07164pt x 12.43224pt.
[271

]
\openout4 = `Main_Course_MachineLearning_Presentation.vrb'.

(Main_Course_MachineLearning_Presentation.vrb)
File: images/logo_yhk.png Graphic file (type png)
<use images/logo_yhk.png>
Package pdftex.def Info: images/logo_yhk.png  used on input line 252.
(pdftex.def)             Requested size: 17.07164pt x 12.43224pt.
[272

]
\openout4 = `Main_Course_MachineLearning_Presentation.vrb'.

(Main_Course_MachineLearning_Presentation.vrb)
File: images/logo_yhk.png Graphic file (type png)
<use images/logo_yhk.png>
Package pdftex.def Info: images/logo_yhk.png  used on input line 277.
(pdftex.def)             Requested size: 17.07164pt x 12.43224pt.
[273

]
\openout4 = `Main_Course_MachineLearning_Presentation.vrb'.

(Main_Course_MachineLearning_Presentation.vrb)
File: images/logo_yhk.png Graphic file (type png)
<use images/logo_yhk.png>
Package pdftex.def Info: images/logo_yhk.png  used on input line 294.
(pdftex.def)             Requested size: 17.07164pt x 12.43224pt.
[274

]
\openout4 = `Main_Course_MachineLearning_Presentation.vrb'.

(Main_Course_MachineLearning_Presentation.vrb)
File: images/logo_yhk.png Graphic file (type png)
<use images/logo_yhk.png>
Package pdftex.def Info: images/logo_yhk.png  used on input line 323.
(pdftex.def)             Requested size: 17.07164pt x 12.43224pt.
[275

]
\openout4 = `Main_Course_MachineLearning_Presentation.vrb'.

(Main_Course_MachineLearning_Presentation.vrb)
File: images/logo_yhk.png Graphic file (type png)
<use images/logo_yhk.png>
Package pdftex.def Info: images/logo_yhk.png  used on input line 335.
(pdftex.def)             Requested size: 17.07164pt x 12.43224pt.
[276

]
\openout4 = `Main_Course_MachineLearning_Presentation.vrb'.

(Main_Course_MachineLearning_Presentation.vrb)
File: images/logo_yhk.png Graphic file (type png)
<use images/logo_yhk.png>
Package pdftex.def Info: images/logo_yhk.png  used on input line 359.
(pdftex.def)             Requested size: 17.07164pt x 12.43224pt.
[277

]
\openout4 = `Main_Course_MachineLearning_Presentation.vrb'.

(Main_Course_MachineLearning_Presentation.vrb
LaTeX Font Info:    Font shape `OT1/lmtt/bx/n' in size <9> not available
(Font)              Font shape `OT1/lmtt/b/n' tried instead on input line 2.
)
File: images/logo_yhk.png Graphic file (type png)
<use images/logo_yhk.png>
Package pdftex.def Info: images/logo_yhk.png  used on input line 373.
(pdftex.def)             Requested size: 17.07164pt x 12.43224pt.
[278

]
\openout4 = `Main_Course_MachineLearning_Presentation.vrb'.

(Main_Course_MachineLearning_Presentation.vrb)
File: images/logo_yhk.png Graphic file (type png)
<use images/logo_yhk.png>
Package pdftex.def Info: images/logo_yhk.png  used on input line 402.
(pdftex.def)             Requested size: 17.07164pt x 12.43224pt.
[279

]
\openout4 = `Main_Course_MachineLearning_Presentation.vrb'.

(Main_Course_MachineLearning_Presentation.vrb)
File: images/logo_yhk.png Graphic file (type png)
<use images/logo_yhk.png>
Package pdftex.def Info: images/logo_yhk.png  used on input line 418.
(pdftex.def)             Requested size: 17.07164pt x 12.43224pt.
[280

]
\openout4 = `Main_Course_MachineLearning_Presentation.vrb'.

(Main_Course_MachineLearning_Presentation.vrb)
File: images/logo_yhk.png Graphic file (type png)
<use images/logo_yhk.png>
Package pdftex.def Info: images/logo_yhk.png  used on input line 430.
(pdftex.def)             Requested size: 17.07164pt x 12.43224pt.
[281

]
\openout4 = `Main_Course_MachineLearning_Presentation.vrb'.

(Main_Course_MachineLearning_Presentation.vrb)
File: images/logo_yhk.png Graphic file (type png)
<use images/logo_yhk.png>
Package pdftex.def Info: images/logo_yhk.png  used on input line 444.
(pdftex.def)             Requested size: 17.07164pt x 12.43224pt.
[282

]
\openout4 = `Main_Course_MachineLearning_Presentation.vrb'.

(Main_Course_MachineLearning_Presentation.vrb)
File: images/logo_yhk.png Graphic file (type png)
<use images/logo_yhk.png>
Package pdftex.def Info: images/logo_yhk.png  used on input line 462.
(pdftex.def)             Requested size: 17.07164pt x 12.43224pt.
[283

]
\openout4 = `Main_Course_MachineLearning_Presentation.vrb'.

(Main_Course_MachineLearning_Presentation.vrb)
File: images/logo_yhk.png Graphic file (type png)
<use images/logo_yhk.png>
Package pdftex.def Info: images/logo_yhk.png  used on input line 484.
(pdftex.def)             Requested size: 17.07164pt x 12.43224pt.
[284

]
\openout4 = `Main_Course_MachineLearning_Presentation.vrb'.

(Main_Course_MachineLearning_Presentation.vrb)
File: images/logo_yhk.png Graphic file (type png)
<use images/logo_yhk.png>
Package pdftex.def Info: images/logo_yhk.png  used on input line 503.
(pdftex.def)             Requested size: 17.07164pt x 12.43224pt.
[285

]
\openout4 = `Main_Course_MachineLearning_Presentation.vrb'.

(Main_Course_MachineLearning_Presentation.vrb)
File: images/logo_yhk.png Graphic file (type png)
<use images/logo_yhk.png>
Package pdftex.def Info: images/logo_yhk.png  used on input line 529.
(pdftex.def)             Requested size: 17.07164pt x 12.43224pt.
[286

]
\openout4 = `Main_Course_MachineLearning_Presentation.vrb'.

(Main_Course_MachineLearning_Presentation.vrb)
File: images/logo_yhk.png Graphic file (type png)
<use images/logo_yhk.png>
Package pdftex.def Info: images/logo_yhk.png  used on input line 541.
(pdftex.def)             Requested size: 17.07164pt x 12.43224pt.
[287

]
\openout4 = `Main_Course_MachineLearning_Presentation.vrb'.

(Main_Course_MachineLearning_Presentation.vrb)
File: images/logo_yhk.png Graphic file (type png)
<use images/logo_yhk.png>
Package pdftex.def Info: images/logo_yhk.png  used on input line 562.
(pdftex.def)             Requested size: 17.07164pt x 12.43224pt.
[288

]
\openout4 = `Main_Course_MachineLearning_Presentation.vrb'.

(Main_Course_MachineLearning_Presentation.vrb)
File: images/logo_yhk.png Graphic file (type png)
<use images/logo_yhk.png>
Package pdftex.def Info: images/logo_yhk.png  used on input line 582.
(pdftex.def)             Requested size: 17.07164pt x 12.43224pt.
[289

]
\openout4 = `Main_Course_MachineLearning_Presentation.vrb'.

(Main_Course_MachineLearning_Presentation.vrb)
File: images/logo_yhk.png Graphic file (type png)
<use images/logo_yhk.png>
Package pdftex.def Info: images/logo_yhk.png  used on input line 605.
(pdftex.def)             Requested size: 17.07164pt x 12.43224pt.
[290

]
\openout4 = `Main_Course_MachineLearning_Presentation.vrb'.

(Main_Course_MachineLearning_Presentation.vrb)
File: images/logo_yhk.png Graphic file (type png)
<use images/logo_yhk.png>
Package pdftex.def Info: images/logo_yhk.png  used on input line 629.
(pdftex.def)             Requested size: 17.07164pt x 12.43224pt.
[291

]
\openout4 = `Main_Course_MachineLearning_Presentation.vrb'.

(Main_Course_MachineLearning_Presentation.vrb)
File: images/logo_yhk.png Graphic file (type png)
<use images/logo_yhk.png>
Package pdftex.def Info: images/logo_yhk.png  used on input line 651.
(pdftex.def)             Requested size: 17.07164pt x 12.43224pt.
[292

]
\openout4 = `Main_Course_MachineLearning_Presentation.vrb'.

(Main_Course_MachineLearning_Presentation.vrb)
File: images/logo_yhk.png Graphic file (type png)
<use images/logo_yhk.png>
Package pdftex.def Info: images/logo_yhk.png  used on input line 661.
(pdftex.def)             Requested size: 17.07164pt x 12.43224pt.
[293

]
\openout4 = `Main_Course_MachineLearning_Presentation.vrb'.

(Main_Course_MachineLearning_Presentation.vrb)
File: images/logo_yhk.png Graphic file (type png)
<use images/logo_yhk.png>
Package pdftex.def Info: images/logo_yhk.png  used on input line 670.
(pdftex.def)             Requested size: 17.07164pt x 12.43224pt.
[294

]
\openout4 = `Main_Course_MachineLearning_Presentation.vrb'.

(Main_Course_MachineLearning_Presentation.vrb)
File: images/logo_yhk.png Graphic file (type png)
<use images/logo_yhk.png>
Package pdftex.def Info: images/logo_yhk.png  used on input line 678.
(pdftex.def)             Requested size: 17.07164pt x 12.43224pt.
[295

]
\openout4 = `Main_Course_MachineLearning_Presentation.vrb'.

(Main_Course_MachineLearning_Presentation.vrb)
File: images/logo_yhk.png Graphic file (type png)
<use images/logo_yhk.png>
Package pdftex.def Info: images/logo_yhk.png  used on input line 689.
(pdftex.def)             Requested size: 17.07164pt x 12.43224pt.
[296

]
\openout4 = `Main_Course_MachineLearning_Presentation.vrb'.

(Main_Course_MachineLearning_Presentation.vrb)
File: images/logo_yhk.png Graphic file (type png)
<use images/logo_yhk.png>
Package pdftex.def Info: images/logo_yhk.png  used on input line 699.
(pdftex.def)             Requested size: 17.07164pt x 12.43224pt.
[297

]
\openout4 = `Main_Course_MachineLearning_Presentation.vrb'.

(Main_Course_MachineLearning_Presentation.vrb)
File: images/logo_yhk.png Graphic file (type png)
<use images/logo_yhk.png>
Package pdftex.def Info: images/logo_yhk.png  used on input line 713.
(pdftex.def)             Requested size: 17.07164pt x 12.43224pt.
[298

]
\openout4 = `Main_Course_MachineLearning_Presentation.vrb'.

(Main_Course_MachineLearning_Presentation.vrb)
File: images/logo_yhk.png Graphic file (type png)
<use images/logo_yhk.png>
Package pdftex.def Info: images/logo_yhk.png  used on input line 730.
(pdftex.def)             Requested size: 17.07164pt x 12.43224pt.
[299

]
\openout4 = `Main_Course_MachineLearning_Presentation.vrb'.

(Main_Course_MachineLearning_Presentation.vrb)
File: images/logo_yhk.png Graphic file (type png)
<use images/logo_yhk.png>
Package pdftex.def Info: images/logo_yhk.png  used on input line 749.
(pdftex.def)             Requested size: 17.07164pt x 12.43224pt.
[300

]
\openout4 = `Main_Course_MachineLearning_Presentation.vrb'.

(Main_Course_MachineLearning_Presentation.vrb)
File: images/logo_yhk.png Graphic file (type png)
<use images/logo_yhk.png>
Package pdftex.def Info: images/logo_yhk.png  used on input line 773.
(pdftex.def)             Requested size: 17.07164pt x 12.43224pt.
[301

]
\openout4 = `Main_Course_MachineLearning_Presentation.vrb'.

(Main_Course_MachineLearning_Presentation.vrb)
File: images/logo_yhk.png Graphic file (type png)
<use images/logo_yhk.png>
Package pdftex.def Info: images/logo_yhk.png  used on input line 785.
(pdftex.def)             Requested size: 17.07164pt x 12.43224pt.
[302

]
\openout4 = `Main_Course_MachineLearning_Presentation.vrb'.

(Main_Course_MachineLearning_Presentation.vrb
<images/boxes9.png, id=2374, 188.20313pt x 112.92188pt>
File: images/boxes9.png Graphic file (type png)
<use images/boxes9.png>
Package pdftex.def Info: images/boxes9.png  used on input line 22.
(pdftex.def)             Requested size: 86.03946pt x 51.62419pt.
)
File: images/logo_yhk.png Graphic file (type png)
<use images/logo_yhk.png>
Package pdftex.def Info: images/logo_yhk.png  used on input line 815.
(pdftex.def)             Requested size: 17.07164pt x 12.43224pt.
[303

 <./images/boxes9.png>]
\openout4 = `Main_Course_MachineLearning_Presentation.vrb'.

(Main_Course_MachineLearning_Presentation.vrb
<images/boxes10.png, id=2381, 188.20313pt x 138.5175pt>
File: images/boxes10.png Graphic file (type png)
<use images/boxes10.png>
Package pdftex.def Info: images/boxes10.png  used on input line 22.
(pdftex.def)             Requested size: 86.03946pt x 63.32568pt.
)
File: images/logo_yhk.png Graphic file (type png)
<use images/logo_yhk.png>
Package pdftex.def Info: images/logo_yhk.png  used on input line 845.
(pdftex.def)             Requested size: 17.07164pt x 12.43224pt.
[304

 <./images/boxes10.png>]
\openout4 = `Main_Course_MachineLearning_Presentation.vrb'.

(Main_Course_MachineLearning_Presentation.vrb)
File: images/logo_yhk.png Graphic file (type png)
<use images/logo_yhk.png>
Package pdftex.def Info: images/logo_yhk.png  used on input line 867.
(pdftex.def)             Requested size: 17.07164pt x 12.43224pt.
[305

]
\openout4 = `Main_Course_MachineLearning_Presentation.vrb'.

(Main_Course_MachineLearning_Presentation.vrb)
File: images/logo_yhk.png Graphic file (type png)
<use images/logo_yhk.png>
Package pdftex.def Info: images/logo_yhk.png  used on input line 1108.
(pdftex.def)             Requested size: 17.07164pt x 12.43224pt.
[306

]
\openout4 = `Main_Course_MachineLearning_Presentation.vrb'.

(Main_Course_MachineLearning_Presentation.vrb)
File: images/logo_yhk.png Graphic file (type png)
<use images/logo_yhk.png>
Package pdftex.def Info: images/logo_yhk.png  used on input line 1119.
(pdftex.def)             Requested size: 17.07164pt x 12.43224pt.
[307

] (Main_Course_MachineLearning_Presentation.vrb)
File: images/logo_yhk.png Graphic file (type png)
<use images/logo_yhk.png>
Package pdftex.def Info: images/logo_yhk.png  used on input line 1119.
(pdftex.def)             Requested size: 17.07164pt x 12.43224pt.
[308

]) (python_exceptions.tex
\openout4 = `Main_Course_MachineLearning_Presentation.vrb'.

(Main_Course_MachineLearning_Presentation.vrb)
File: images/logo_yhk.png Graphic file (type png)
<use images/logo_yhk.png>
Package pdftex.def Info: images/logo_yhk.png  used on input line 6.
(pdftex.def)             Requested size: 17.07164pt x 12.43224pt.
[309

]
\openout4 = `Main_Course_MachineLearning_Presentation.vrb'.

(Main_Course_MachineLearning_Presentation.vrb)
File: images/logo_yhk.png Graphic file (type png)
<use images/logo_yhk.png>
Package pdftex.def Info: images/logo_yhk.png  used on input line 28.
(pdftex.def)             Requested size: 17.07164pt x 12.43224pt.
[310

]
\openout4 = `Main_Course_MachineLearning_Presentation.vrb'.

(Main_Course_MachineLearning_Presentation.vrb)
File: images/logo_yhk.png Graphic file (type png)
<use images/logo_yhk.png>
Package pdftex.def Info: images/logo_yhk.png  used on input line 40.
(pdftex.def)             Requested size: 17.07164pt x 12.43224pt.
[311

]
\openout4 = `Main_Course_MachineLearning_Presentation.vrb'.

(Main_Course_MachineLearning_Presentation.vrb)
File: images/logo_yhk.png Graphic file (type png)
<use images/logo_yhk.png>
Package pdftex.def Info: images/logo_yhk.png  used on input line 60.
(pdftex.def)             Requested size: 17.07164pt x 12.43224pt.
[312

]
\openout4 = `Main_Course_MachineLearning_Presentation.vrb'.

(Main_Course_MachineLearning_Presentation.vrb)
File: images/logo_yhk.png Graphic file (type png)
<use images/logo_yhk.png>
Package pdftex.def Info: images/logo_yhk.png  used on input line 86.
(pdftex.def)             Requested size: 17.07164pt x 12.43224pt.
[313

]
\openout4 = `Main_Course_MachineLearning_Presentation.vrb'.

(Main_Course_MachineLearning_Presentation.vrb)
File: images/logo_yhk.png Graphic file (type png)
<use images/logo_yhk.png>
Package pdftex.def Info: images/logo_yhk.png  used on input line 100.
(pdftex.def)             Requested size: 17.07164pt x 12.43224pt.
[314

]
\openout4 = `Main_Course_MachineLearning_Presentation.vrb'.

(Main_Course_MachineLearning_Presentation.vrb)
File: images/logo_yhk.png Graphic file (type png)
<use images/logo_yhk.png>
Package pdftex.def Info: images/logo_yhk.png  used on input line 121.
(pdftex.def)             Requested size: 17.07164pt x 12.43224pt.
[315

]
\openout4 = `Main_Course_MachineLearning_Presentation.vrb'.

(Main_Course_MachineLearning_Presentation.vrb)
File: images/logo_yhk.png Graphic file (type png)
<use images/logo_yhk.png>
Package pdftex.def Info: images/logo_yhk.png  used on input line 128.
(pdftex.def)             Requested size: 17.07164pt x 12.43224pt.
[316

]
\openout4 = `Main_Course_MachineLearning_Presentation.vrb'.

(Main_Course_MachineLearning_Presentation.vrb)
File: images/logo_yhk.png Graphic file (type png)
<use images/logo_yhk.png>
Package pdftex.def Info: images/logo_yhk.png  used on input line 145.
(pdftex.def)             Requested size: 17.07164pt x 12.43224pt.
[317

]
\openout4 = `Main_Course_MachineLearning_Presentation.vrb'.

(Main_Course_MachineLearning_Presentation.vrb)
File: images/logo_yhk.png Graphic file (type png)
<use images/logo_yhk.png>
Package pdftex.def Info: images/logo_yhk.png  used on input line 156.
(pdftex.def)             Requested size: 17.07164pt x 12.43224pt.
[318

]
\openout4 = `Main_Course_MachineLearning_Presentation.vrb'.

(Main_Course_MachineLearning_Presentation.vrb)
File: images/logo_yhk.png Graphic file (type png)
<use images/logo_yhk.png>
Package pdftex.def Info: images/logo_yhk.png  used on input line 173.
(pdftex.def)             Requested size: 17.07164pt x 12.43224pt.
[319

]
\openout4 = `Main_Course_MachineLearning_Presentation.vrb'.

(Main_Course_MachineLearning_Presentation.vrb)
File: images/logo_yhk.png Graphic file (type png)
<use images/logo_yhk.png>
Package pdftex.def Info: images/logo_yhk.png  used on input line 184.
(pdftex.def)             Requested size: 17.07164pt x 12.43224pt.
[320

] (Main_Course_MachineLearning_Presentation.vrb)
File: images/logo_yhk.png Graphic file (type png)
<use images/logo_yhk.png>
Package pdftex.def Info: images/logo_yhk.png  used on input line 184.
(pdftex.def)             Requested size: 17.07164pt x 12.43224pt.
[321

])) (seminar_python_basic_oop_content.tex (python_oop.tex
\openout4 = `Main_Course_MachineLearning_Presentation.vrb'.

(Main_Course_MachineLearning_Presentation.vrb)
File: images/logo_yhk.png Graphic file (type png)
<use images/logo_yhk.png>
Package pdftex.def Info: images/logo_yhk.png  used on input line 6.
(pdftex.def)             Requested size: 17.07164pt x 12.43224pt.
[322

]
\openout4 = `Main_Course_MachineLearning_Presentation.vrb'.

(Main_Course_MachineLearning_Presentation.vrb)
File: images/logo_yhk.png Graphic file (type png)
<use images/logo_yhk.png>
Package pdftex.def Info: images/logo_yhk.png  used on input line 20.
(pdftex.def)             Requested size: 17.07164pt x 12.43224pt.
[323

]
\openout4 = `Main_Course_MachineLearning_Presentation.vrb'.

(Main_Course_MachineLearning_Presentation.vrb)
File: images/logo_yhk.png Graphic file (type png)
<use images/logo_yhk.png>
Package pdftex.def Info: images/logo_yhk.png  used on input line 31.
(pdftex.def)             Requested size: 17.07164pt x 12.43224pt.
[324

]
\openout4 = `Main_Course_MachineLearning_Presentation.vrb'.

(Main_Course_MachineLearning_Presentation.vrb)
File: images/logo_yhk.png Graphic file (type png)
<use images/logo_yhk.png>
Package pdftex.def Info: images/logo_yhk.png  used on input line 54.
(pdftex.def)             Requested size: 17.07164pt x 12.43224pt.
[325

]
\openout4 = `Main_Course_MachineLearning_Presentation.vrb'.

(Main_Course_MachineLearning_Presentation.vrb)
File: images/logo_yhk.png Graphic file (type png)
<use images/logo_yhk.png>
Package pdftex.def Info: images/logo_yhk.png  used on input line 67.
(pdftex.def)             Requested size: 17.07164pt x 12.43224pt.
[326

]
\openout4 = `Main_Course_MachineLearning_Presentation.vrb'.

(Main_Course_MachineLearning_Presentation.vrb
<images/oop1.png, id=2615, 301.125pt x 180.675pt>
File: images/oop1.png Graphic file (type png)
<use images/oop1.png>
Package pdftex.def Info: images/oop1.png  used on input line 12.
(pdftex.def)             Requested size: 153.64493pt x 92.18988pt.
)

LaTeX Font Warning: Font shape `OT1/lmr/bx/scit' undefined
(Font)              using `OT1/lmr/bx/it' instead on input line 86.

File: images/logo_yhk.png Graphic file (type png)
<use images/logo_yhk.png>
Package pdftex.def Info: images/logo_yhk.png  used on input line 86.
(pdftex.def)             Requested size: 17.07164pt x 12.43224pt.
[327

 <./images/oop1.png>]
\openout4 = `Main_Course_MachineLearning_Presentation.vrb'.

(Main_Course_MachineLearning_Presentation.vrb)
File: images/logo_yhk.png Graphic file (type png)
<use images/logo_yhk.png>
Package pdftex.def Info: images/logo_yhk.png  used on input line 96.
(pdftex.def)             Requested size: 17.07164pt x 12.43224pt.
[328

]
\openout4 = `Main_Course_MachineLearning_Presentation.vrb'.

(Main_Course_MachineLearning_Presentation.vrb
<images/oop2.png, id=2640, 301.125pt x 158.84344pt>
File: images/oop2.png Graphic file (type png)
<use images/oop2.png>
Package pdftex.def Info: images/oop2.png  used on input line 9.
(pdftex.def)             Requested size: 153.64493pt x 81.05028pt.
)
File: images/logo_yhk.png Graphic file (type png)
<use images/logo_yhk.png>
Package pdftex.def Info: images/logo_yhk.png  used on input line 111.
(pdftex.def)             Requested size: 17.07164pt x 12.43224pt.
[329

 <./images/oop2.png>]
\openout4 = `Main_Course_MachineLearning_Presentation.vrb'.

(Main_Course_MachineLearning_Presentation.vrb
<images/oop3.png, id=2647, 301.125pt x 257.46187pt>
File: images/oop3.png Graphic file (type png)
<use images/oop3.png>
Package pdftex.def Info: images/oop3.png  used on input line 10.
(pdftex.def)             Requested size: 153.64493pt x 131.37059pt.
)
File: images/logo_yhk.png Graphic file (type png)
<use images/logo_yhk.png>
Package pdftex.def Info: images/logo_yhk.png  used on input line 127.
(pdftex.def)             Requested size: 17.07164pt x 12.43224pt.
[330

 <./images/oop3.png>]
\openout4 = `Main_Course_MachineLearning_Presentation.vrb'.

(Main_Course_MachineLearning_Presentation.vrb)
File: images/logo_yhk.png Graphic file (type png)
<use images/logo_yhk.png>
Package pdftex.def Info: images/logo_yhk.png  used on input line 145.
(pdftex.def)             Requested size: 17.07164pt x 12.43224pt.
[331

]
\openout4 = `Main_Course_MachineLearning_Presentation.vrb'.

(Main_Course_MachineLearning_Presentation.vrb)
File: images/logo_yhk.png Graphic file (type png)
<use images/logo_yhk.png>
Package pdftex.def Info: images/logo_yhk.png  used on input line 158.
(pdftex.def)             Requested size: 17.07164pt x 12.43224pt.
[332

]
\openout4 = `Main_Course_MachineLearning_Presentation.vrb'.

(Main_Course_MachineLearning_Presentation.vrb)
File: images/logo_yhk.png Graphic file (type png)
<use images/logo_yhk.png>
Package pdftex.def Info: images/logo_yhk.png  used on input line 179.
(pdftex.def)             Requested size: 17.07164pt x 12.43224pt.
[333

]
\openout4 = `Main_Course_MachineLearning_Presentation.vrb'.

(Main_Course_MachineLearning_Presentation.vrb)
File: images/logo_yhk.png Graphic file (type png)
<use images/logo_yhk.png>
Package pdftex.def Info: images/logo_yhk.png  used on input line 199.
(pdftex.def)             Requested size: 17.07164pt x 12.43224pt.
[334

]
\openout4 = `Main_Course_MachineLearning_Presentation.vrb'.

(Main_Course_MachineLearning_Presentation.vrb)
File: images/logo_yhk.png Graphic file (type png)
<use images/logo_yhk.png>
Package pdftex.def Info: images/logo_yhk.png  used on input line 212.
(pdftex.def)             Requested size: 17.07164pt x 12.43224pt.
[335

]
\openout4 = `Main_Course_MachineLearning_Presentation.vrb'.

(Main_Course_MachineLearning_Presentation.vrb)
File: images/logo_yhk.png Graphic file (type png)
<use images/logo_yhk.png>
Package pdftex.def Info: images/logo_yhk.png  used on input line 238.
(pdftex.def)             Requested size: 17.07164pt x 12.43224pt.
[336

]
\openout4 = `Main_Course_MachineLearning_Presentation.vrb'.

(Main_Course_MachineLearning_Presentation.vrb)
File: images/logo_yhk.png Graphic file (type png)
<use images/logo_yhk.png>
Package pdftex.def Info: images/logo_yhk.png  used on input line 247.
(pdftex.def)             Requested size: 17.07164pt x 12.43224pt.
[337

]
\openout4 = `Main_Course_MachineLearning_Presentation.vrb'.

(Main_Course_MachineLearning_Presentation.vrb)
File: images/logo_yhk.png Graphic file (type png)
<use images/logo_yhk.png>
Package pdftex.def Info: images/logo_yhk.png  used on input line 267.
(pdftex.def)             Requested size: 17.07164pt x 12.43224pt.
[338

]
\openout4 = `Main_Course_MachineLearning_Presentation.vrb'.

(Main_Course_MachineLearning_Presentation.vrb)
File: images/logo_yhk.png Graphic file (type png)
<use images/logo_yhk.png>
Package pdftex.def Info: images/logo_yhk.png  used on input line 282.
(pdftex.def)             Requested size: 17.07164pt x 12.43224pt.
[339

]
\openout4 = `Main_Course_MachineLearning_Presentation.vrb'.

(Main_Course_MachineLearning_Presentation.vrb)
File: images/logo_yhk.png Graphic file (type png)
<use images/logo_yhk.png>
Package pdftex.def Info: images/logo_yhk.png  used on input line 302.
(pdftex.def)             Requested size: 17.07164pt x 12.43224pt.
[340

]
\openout4 = `Main_Course_MachineLearning_Presentation.vrb'.

(Main_Course_MachineLearning_Presentation.vrb)
File: images/logo_yhk.png Graphic file (type png)
<use images/logo_yhk.png>
Package pdftex.def Info: images/logo_yhk.png  used on input line 320.
(pdftex.def)             Requested size: 17.07164pt x 12.43224pt.
[341

]
\openout4 = `Main_Course_MachineLearning_Presentation.vrb'.

(Main_Course_MachineLearning_Presentation.vrb)
File: images/logo_yhk.png Graphic file (type png)
<use images/logo_yhk.png>
Package pdftex.def Info: images/logo_yhk.png  used on input line 331.
(pdftex.def)             Requested size: 17.07164pt x 12.43224pt.
[342

]
\openout4 = `Main_Course_MachineLearning_Presentation.vrb'.

(Main_Course_MachineLearning_Presentation.vrb)
File: images/logo_yhk.png Graphic file (type png)
<use images/logo_yhk.png>
Package pdftex.def Info: images/logo_yhk.png  used on input line 347.
(pdftex.def)             Requested size: 17.07164pt x 12.43224pt.
[343

]
\openout4 = `Main_Course_MachineLearning_Presentation.vrb'.

(Main_Course_MachineLearning_Presentation.vrb)
File: images/logo_yhk.png Graphic file (type png)
<use images/logo_yhk.png>
Package pdftex.def Info: images/logo_yhk.png  used on input line 360.
(pdftex.def)             Requested size: 17.07164pt x 12.43224pt.
[344

]
\openout4 = `Main_Course_MachineLearning_Presentation.vrb'.

(Main_Course_MachineLearning_Presentation.vrb)
File: images/logo_yhk.png Graphic file (type png)
<use images/logo_yhk.png>
Package pdftex.def Info: images/logo_yhk.png  used on input line 376.
(pdftex.def)             Requested size: 17.07164pt x 12.43224pt.
[345

]
\openout4 = `Main_Course_MachineLearning_Presentation.vrb'.

(Main_Course_MachineLearning_Presentation.vrb)
File: images/logo_yhk.png Graphic file (type png)
<use images/logo_yhk.png>
Package pdftex.def Info: images/logo_yhk.png  used on input line 390.
(pdftex.def)             Requested size: 17.07164pt x 12.43224pt.
[346

]
\openout4 = `Main_Course_MachineLearning_Presentation.vrb'.

(Main_Course_MachineLearning_Presentation.vrb)
File: images/logo_yhk.png Graphic file (type png)
<use images/logo_yhk.png>
Package pdftex.def Info: images/logo_yhk.png  used on input line 411.
(pdftex.def)             Requested size: 17.07164pt x 12.43224pt.
[347

]
\openout4 = `Main_Course_MachineLearning_Presentation.vrb'.

(Main_Course_MachineLearning_Presentation.vrb)
File: images/logo_yhk.png Graphic file (type png)
<use images/logo_yhk.png>
Package pdftex.def Info: images/logo_yhk.png  used on input line 439.
(pdftex.def)             Requested size: 17.07164pt x 12.43224pt.
[348

]
\openout4 = `Main_Course_MachineLearning_Presentation.vrb'.

(Main_Course_MachineLearning_Presentation.vrb)
File: images/logo_yhk.png Graphic file (type png)
<use images/logo_yhk.png>
Package pdftex.def Info: images/logo_yhk.png  used on input line 452.
(pdftex.def)             Requested size: 17.07164pt x 12.43224pt.
[349

]
\openout4 = `Main_Course_MachineLearning_Presentation.vrb'.

(Main_Course_MachineLearning_Presentation.vrb)
File: images/logo_yhk.png Graphic file (type png)
<use images/logo_yhk.png>
Package pdftex.def Info: images/logo_yhk.png  used on input line 473.
(pdftex.def)             Requested size: 17.07164pt x 12.43224pt.
[350

]
\openout4 = `Main_Course_MachineLearning_Presentation.vrb'.

(Main_Course_MachineLearning_Presentation.vrb)
File: images/logo_yhk.png Graphic file (type png)
<use images/logo_yhk.png>
Package pdftex.def Info: images/logo_yhk.png  used on input line 494.
(pdftex.def)             Requested size: 17.07164pt x 12.43224pt.
[351

]
\openout4 = `Main_Course_MachineLearning_Presentation.vrb'.

(Main_Course_MachineLearning_Presentation.vrb)
File: images/logo_yhk.png Graphic file (type png)
<use images/logo_yhk.png>
Package pdftex.def Info: images/logo_yhk.png  used on input line 515.
(pdftex.def)             Requested size: 17.07164pt x 12.43224pt.
[352

]
\openout4 = `Main_Course_MachineLearning_Presentation.vrb'.

(Main_Course_MachineLearning_Presentation.vrb)
File: images/logo_yhk.png Graphic file (type png)
<use images/logo_yhk.png>
Package pdftex.def Info: images/logo_yhk.png  used on input line 533.
(pdftex.def)             Requested size: 17.07164pt x 12.43224pt.
[353

]
File: images/logo_yhk.png Graphic file (type png)
<use images/logo_yhk.png>
Package pdftex.def Info: images/logo_yhk.png  used on input line 556.
(pdftex.def)             Requested size: 17.07164pt x 12.43224pt.
[354

]
File: images/logo_yhk.png Graphic file (type png)
<use images/logo_yhk.png>
Package pdftex.def Info: images/logo_yhk.png  used on input line 567.
(pdftex.def)             Requested size: 17.07164pt x 12.43224pt.
[355

]
\openout4 = `Main_Course_MachineLearning_Presentation.vrb'.

(Main_Course_MachineLearning_Presentation.vrb)
File: images/logo_yhk.png Graphic file (type png)
<use images/logo_yhk.png>
Package pdftex.def Info: images/logo_yhk.png  used on input line 597.
(pdftex.def)             Requested size: 17.07164pt x 12.43224pt.
[356

]
\openout4 = `Main_Course_MachineLearning_Presentation.vrb'.

(Main_Course_MachineLearning_Presentation.vrb)
File: images/logo_yhk.png Graphic file (type png)
<use images/logo_yhk.png>
Package pdftex.def Info: images/logo_yhk.png  used on input line 618.
(pdftex.def)             Requested size: 17.07164pt x 12.43224pt.
[357

]
\openout4 = `Main_Course_MachineLearning_Presentation.vrb'.

(Main_Course_MachineLearning_Presentation.vrb)
File: images/logo_yhk.png Graphic file (type png)
<use images/logo_yhk.png>
Package pdftex.def Info: images/logo_yhk.png  used on input line 644.
(pdftex.def)             Requested size: 17.07164pt x 12.43224pt.
[358

]
\openout4 = `Main_Course_MachineLearning_Presentation.vrb'.

(Main_Course_MachineLearning_Presentation.vrb)
File: images/logo_yhk.png Graphic file (type png)
<use images/logo_yhk.png>
Package pdftex.def Info: images/logo_yhk.png  used on input line 667.
(pdftex.def)             Requested size: 17.07164pt x 12.43224pt.
[359

]
\openout4 = `Main_Course_MachineLearning_Presentation.vrb'.

(Main_Course_MachineLearning_Presentation.vrb)
File: images/logo_yhk.png Graphic file (type png)
<use images/logo_yhk.png>
Package pdftex.def Info: images/logo_yhk.png  used on input line 685.
(pdftex.def)             Requested size: 17.07164pt x 12.43224pt.
[360

]
\openout4 = `Main_Course_MachineLearning_Presentation.vrb'.

(Main_Course_MachineLearning_Presentation.vrb)
File: images/logo_yhk.png Graphic file (type png)
<use images/logo_yhk.png>
Package pdftex.def Info: images/logo_yhk.png  used on input line 709.
(pdftex.def)             Requested size: 17.07164pt x 12.43224pt.
[361

]
\openout4 = `Main_Course_MachineLearning_Presentation.vrb'.

(Main_Course_MachineLearning_Presentation.vrb)
File: images/logo_yhk.png Graphic file (type png)
<use images/logo_yhk.png>
Package pdftex.def Info: images/logo_yhk.png  used on input line 727.
(pdftex.def)             Requested size: 17.07164pt x 12.43224pt.
[362

]
\openout4 = `Main_Course_MachineLearning_Presentation.vrb'.

(Main_Course_MachineLearning_Presentation.vrb)
File: images/logo_yhk.png Graphic file (type png)
<use images/logo_yhk.png>
Package pdftex.def Info: images/logo_yhk.png  used on input line 747.
(pdftex.def)             Requested size: 17.07164pt x 12.43224pt.
[363

]
\openout4 = `Main_Course_MachineLearning_Presentation.vrb'.

(Main_Course_MachineLearning_Presentation.vrb)
File: images/logo_yhk.png Graphic file (type png)
<use images/logo_yhk.png>
Package pdftex.def Info: images/logo_yhk.png  used on input line 775.
(pdftex.def)             Requested size: 17.07164pt x 12.43224pt.
[364

]
\openout4 = `Main_Course_MachineLearning_Presentation.vrb'.

(Main_Course_MachineLearning_Presentation.vrb)
File: images/logo_yhk.png Graphic file (type png)
<use images/logo_yhk.png>
Package pdftex.def Info: images/logo_yhk.png  used on input line 797.
(pdftex.def)             Requested size: 17.07164pt x 12.43224pt.
[365

]
\openout4 = `Main_Course_MachineLearning_Presentation.vrb'.

(Main_Course_MachineLearning_Presentation.vrb)
File: images/logo_yhk.png Graphic file (type png)
<use images/logo_yhk.png>
Package pdftex.def Info: images/logo_yhk.png  used on input line 815.
(pdftex.def)             Requested size: 17.07164pt x 12.43224pt.
[366

]
\openout4 = `Main_Course_MachineLearning_Presentation.vrb'.

(Main_Course_MachineLearning_Presentation.vrb)
File: images/logo_yhk.png Graphic file (type png)
<use images/logo_yhk.png>
Package pdftex.def Info: images/logo_yhk.png  used on input line 844.
(pdftex.def)             Requested size: 17.07164pt x 12.43224pt.
[367

]
\openout4 = `Main_Course_MachineLearning_Presentation.vrb'.

(Main_Course_MachineLearning_Presentation.vrb)
File: images/logo_yhk.png Graphic file (type png)
<use images/logo_yhk.png>
Package pdftex.def Info: images/logo_yhk.png  used on input line 856.
(pdftex.def)             Requested size: 17.07164pt x 12.43224pt.
[368

]
\openout4 = `Main_Course_MachineLearning_Presentation.vrb'.

(Main_Course_MachineLearning_Presentation.vrb)
File: images/logo_yhk.png Graphic file (type png)
<use images/logo_yhk.png>
Package pdftex.def Info: images/logo_yhk.png  used on input line 875.
(pdftex.def)             Requested size: 17.07164pt x 12.43224pt.
[369

]
\openout4 = `Main_Course_MachineLearning_Presentation.vrb'.

(Main_Course_MachineLearning_Presentation.vrb)
File: images/logo_yhk.png Graphic file (type png)
<use images/logo_yhk.png>
Package pdftex.def Info: images/logo_yhk.png  used on input line 882.
(pdftex.def)             Requested size: 17.07164pt x 12.43224pt.
[370

]
\openout4 = `Main_Course_MachineLearning_Presentation.vrb'.

(Main_Course_MachineLearning_Presentation.vrb
LaTeX Font Info:    Font shape `OT1/lmss/b/n' in size <9> not available
(Font)              Font shape `OT1/lmss/bx/n' tried instead on input line 5.
LaTeX Font Info:    Font shape `OT1/lmss/b/n' in size <6> not available
(Font)              Font shape `OT1/lmss/bx/n' tried instead on input line 5.
LaTeX Font Info:    Font shape `OT1/lmss/b/n' in size <5> not available
(Font)              Font shape `OT1/lmss/bx/n' tried instead on input line 5.
<images/VectorAddition.jpg, id=2920, 327.2225pt x 231.86626pt>
File: images/VectorAddition.jpg Graphic file (type jpg)
<use images/VectorAddition.jpg>
Package pdftex.def Info: images/VectorAddition.jpg  used on input line 24.
(pdftex.def)             Requested size: 61.81342pt x 43.79999pt.
<images/VectorScalarMultiplication.jpg, id=2921, 571.4148pt x 281.3712pt>
File: images/VectorScalarMultiplication.jpg Graphic file (type jpg)
<use images/VectorScalarMultiplication.jpg>
Package pdftex.def Info: images/VectorScalarMultiplication.jpg  used on input l
ine 32.
(pdftex.def)             Requested size: 66.70964pt x 32.84999pt.
)

LaTeX Font Warning: Font shape `OT1/lmr/bx/scit' undefined
(Font)              using `OT1/lmr/bx/it' instead on input line 927.

File: images/logo_yhk.png Graphic file (type png)
<use images/logo_yhk.png>
Package pdftex.def Info: images/logo_yhk.png  used on input line 927.
(pdftex.def)             Requested size: 17.07164pt x 12.43224pt.
[371

 <./images/VectorAddition.jpg> <./images/VectorScalarMultiplication.jpg>]
\openout4 = `Main_Course_MachineLearning_Presentation.vrb'.

(Main_Course_MachineLearning_Presentation.vrb)

LaTeX Font Warning: Font shape `OT1/lmr/bx/scit' undefined
(Font)              using `OT1/lmr/bx/it' instead on input line 949.

File: images/logo_yhk.png Graphic file (type png)
<use images/logo_yhk.png>
Package pdftex.def Info: images/logo_yhk.png  used on input line 949.
(pdftex.def)             Requested size: 17.07164pt x 12.43224pt.
[372

]
\openout4 = `Main_Course_MachineLearning_Presentation.vrb'.

(Main_Course_MachineLearning_Presentation.vrb)
File: images/logo_yhk.png Graphic file (type png)
<use images/logo_yhk.png>
Package pdftex.def Info: images/logo_yhk.png  used on input line 993.
(pdftex.def)             Requested size: 17.07164pt x 12.43224pt.
[373

]
\openout4 = `Main_Course_MachineLearning_Presentation.vrb'.

(Main_Course_MachineLearning_Presentation.vrb)
File: images/logo_yhk.png Graphic file (type png)
<use images/logo_yhk.png>
Package pdftex.def Info: images/logo_yhk.png  used on input line 1022.
(pdftex.def)             Requested size: 17.07164pt x 12.43224pt.
[374

]
\openout4 = `Main_Course_MachineLearning_Presentation.vrb'.

(Main_Course_MachineLearning_Presentation.vrb)
File: images/logo_yhk.png Graphic file (type png)
<use images/logo_yhk.png>
Package pdftex.def Info: images/logo_yhk.png  used on input line 1037.
(pdftex.def)             Requested size: 17.07164pt x 12.43224pt.
[375

{C:/Users/yoges/AppData/Local/Programs/MiKTeX/fonts/enc/dvips/lm/lm-mathex.enc}
]
\openout4 = `Main_Course_MachineLearning_Presentation.vrb'.

(Main_Course_MachineLearning_Presentation.vrb
<images/ComplexNumber.png, id=2955, 140.56516pt x 153.09195pt>
File: images/ComplexNumber.png Graphic file (type png)
<use images/ComplexNumber.png>
Package pdftex.def Info: images/ComplexNumber.png  used on input line 15.
(pdftex.def)             Requested size: 98.33162pt x 107.09589pt.
)

LaTeX Font Warning: Font shape `OT1/lmr/bx/scit' undefined
(Font)              using `OT1/lmr/bx/it' instead on input line 1333.

File: images/logo_yhk.png Graphic file (type png)
<use images/logo_yhk.png>
Package pdftex.def Info: images/logo_yhk.png  used on input line 1333.
(pdftex.def)             Requested size: 17.07164pt x 12.43224pt.
[376

 <./images/ComplexNumber.png>]
\openout4 = `Main_Course_MachineLearning_Presentation.vrb'.

(Main_Course_MachineLearning_Presentation.vrb)
File: images/logo_yhk.png Graphic file (type png)
<use images/logo_yhk.png>
Package pdftex.def Info: images/logo_yhk.png  used on input line 1358.
(pdftex.def)             Requested size: 17.07164pt x 12.43224pt.
[377

]
\openout4 = `Main_Course_MachineLearning_Presentation.vrb'.

(Main_Course_MachineLearning_Presentation.vrb)
File: images/logo_yhk.png Graphic file (type png)
<use images/logo_yhk.png>
Package pdftex.def Info: images/logo_yhk.png  used on input line 1405.
(pdftex.def)             Requested size: 17.07164pt x 12.43224pt.
[378

]
\openout4 = `Main_Course_MachineLearning_Presentation.vrb'.

(Main_Course_MachineLearning_Presentation.vrb)
File: images/logo_yhk.png Graphic file (type png)
<use images/logo_yhk.png>
Package pdftex.def Info: images/logo_yhk.png  used on input line 1429.
(pdftex.def)             Requested size: 17.07164pt x 12.43224pt.
[379

]
\openout4 = `Main_Course_MachineLearning_Presentation.vrb'.

(Main_Course_MachineLearning_Presentation.vrb)
File: images/logo_yhk.png Graphic file (type png)
<use images/logo_yhk.png>
Package pdftex.def Info: images/logo_yhk.png  used on input line 1446.
(pdftex.def)             Requested size: 17.07164pt x 12.43224pt.
[380

]
\openout4 = `Main_Course_MachineLearning_Presentation.vrb'.

(Main_Course_MachineLearning_Presentation.vrb)
File: images/logo_yhk.png Graphic file (type png)
<use images/logo_yhk.png>
Package pdftex.def Info: images/logo_yhk.png  used on input line 1498.
(pdftex.def)             Requested size: 17.07164pt x 12.43224pt.
[381

]
\openout4 = `Main_Course_MachineLearning_Presentation.vrb'.

(Main_Course_MachineLearning_Presentation.vrb
File: images/ComplexNumber.png Graphic file (type png)
<use images/ComplexNumber.png>
Package pdftex.def Info: images/ComplexNumber.png  used on input line 14.
(pdftex.def)             Requested size: 122.91406pt x 133.86868pt.
)

LaTeX Font Warning: Font shape `OT1/lmr/bx/scit' undefined
(Font)              using `OT1/lmr/bx/it' instead on input line 1525.


LaTeX Font Warning: Font shape `OT1/lmr/bx/scit' undefined
(Font)              using `OT1/lmr/bx/it' instead on input line 1525.

File: images/logo_yhk.png Graphic file (type png)
<use images/logo_yhk.png>
Package pdftex.def Info: images/logo_yhk.png  used on input line 1525.
(pdftex.def)             Requested size: 17.07164pt x 12.43224pt.
[382

]
\openout4 = `Main_Course_MachineLearning_Presentation.vrb'.

(Main_Course_MachineLearning_Presentation.vrb)
File: images/logo_yhk.png Graphic file (type png)
<use images/logo_yhk.png>
Package pdftex.def Info: images/logo_yhk.png  used on input line 1651.
(pdftex.def)             Requested size: 17.07164pt x 12.43224pt.
[383

]
\openout4 = `Main_Course_MachineLearning_Presentation.vrb'.

(Main_Course_MachineLearning_Presentation.vrb)
File: images/logo_yhk.png Graphic file (type png)
<use images/logo_yhk.png>
Package pdftex.def Info: images/logo_yhk.png  used on input line 1699.
(pdftex.def)             Requested size: 17.07164pt x 12.43224pt.
[384

]
\openout4 = `Main_Course_MachineLearning_Presentation.vrb'.

(Main_Course_MachineLearning_Presentation.vrb)
File: images/logo_yhk.png Graphic file (type png)
<use images/logo_yhk.png>
Package pdftex.def Info: images/logo_yhk.png  used on input line 1753.
(pdftex.def)             Requested size: 17.07164pt x 12.43224pt.
[385

]
\openout4 = `Main_Course_MachineLearning_Presentation.vrb'.

(Main_Course_MachineLearning_Presentation.vrb)
File: images/logo_yhk.png Graphic file (type png)
<use images/logo_yhk.png>
Package pdftex.def Info: images/logo_yhk.png  used on input line 1792.
(pdftex.def)             Requested size: 17.07164pt x 12.43224pt.
[386

]
\openout4 = `Main_Course_MachineLearning_Presentation.vrb'.

(Main_Course_MachineLearning_Presentation.vrb)
File: images/logo_yhk.png Graphic file (type png)
<use images/logo_yhk.png>
Package pdftex.def Info: images/logo_yhk.png  used on input line 1816.
(pdftex.def)             Requested size: 17.07164pt x 12.43224pt.
[387

]
\openout4 = `Main_Course_MachineLearning_Presentation.vrb'.

(Main_Course_MachineLearning_Presentation.vrb)
File: images/logo_yhk.png Graphic file (type png)
<use images/logo_yhk.png>
Package pdftex.def Info: images/logo_yhk.png  used on input line 1831.
(pdftex.def)             Requested size: 17.07164pt x 12.43224pt.
[388

]
\openout4 = `Main_Course_MachineLearning_Presentation.vrb'.

(Main_Course_MachineLearning_Presentation.vrb)
File: images/logo_yhk.png Graphic file (type png)
<use images/logo_yhk.png>
Package pdftex.def Info: images/logo_yhk.png  used on input line 1844.
(pdftex.def)             Requested size: 17.07164pt x 12.43224pt.
[389

]
\openout4 = `Main_Course_MachineLearning_Presentation.vrb'.

(Main_Course_MachineLearning_Presentation.vrb)
File: images/logo_yhk.png Graphic file (type png)
<use images/logo_yhk.png>
Package pdftex.def Info: images/logo_yhk.png  used on input line 1871.
(pdftex.def)             Requested size: 17.07164pt x 12.43224pt.
[390

]
\openout4 = `Main_Course_MachineLearning_Presentation.vrb'.

(Main_Course_MachineLearning_Presentation.vrb)
File: images/logo_yhk.png Graphic file (type png)
<use images/logo_yhk.png>
Package pdftex.def Info: images/logo_yhk.png  used on input line 1890.
(pdftex.def)             Requested size: 17.07164pt x 12.43224pt.
[391

]
\openout4 = `Main_Course_MachineLearning_Presentation.vrb'.

(Main_Course_MachineLearning_Presentation.vrb)
File: images/logo_yhk.png Graphic file (type png)
<use images/logo_yhk.png>
Package pdftex.def Info: images/logo_yhk.png  used on input line 1921.
(pdftex.def)             Requested size: 17.07164pt x 12.43224pt.
[392

]
\openout4 = `Main_Course_MachineLearning_Presentation.vrb'.

(Main_Course_MachineLearning_Presentation.vrb)
File: images/logo_yhk.png Graphic file (type png)
<use images/logo_yhk.png>
Package pdftex.def Info: images/logo_yhk.png  used on input line 1932.
(pdftex.def)             Requested size: 17.07164pt x 12.43224pt.
[393

]
\openout4 = `Main_Course_MachineLearning_Presentation.vrb'.

(Main_Course_MachineLearning_Presentation.vrb)
File: images/logo_yhk.png Graphic file (type png)
<use images/logo_yhk.png>
Package pdftex.def Info: images/logo_yhk.png  used on input line 1951.
(pdftex.def)             Requested size: 17.07164pt x 12.43224pt.
[394

] (Main_Course_MachineLearning_Presentation.vrb)
File: images/logo_yhk.png Graphic file (type png)
<use images/logo_yhk.png>
Package pdftex.def Info: images/logo_yhk.png  used on input line 1951.
(pdftex.def)             Requested size: 17.07164pt x 12.43224pt.
[395

])) (seminar_python_basic_iolibraries_content.tex (python_fileio.tex
\openout4 = `Main_Course_MachineLearning_Presentation.vrb'.

(Main_Course_MachineLearning_Presentation.vrb)
File: images/logo_yhk.png Graphic file (type png)
<use images/logo_yhk.png>
Package pdftex.def Info: images/logo_yhk.png  used on input line 6.
(pdftex.def)             Requested size: 17.07164pt x 12.43224pt.
[396

]
\openout4 = `Main_Course_MachineLearning_Presentation.vrb'.

(Main_Course_MachineLearning_Presentation.vrb)
File: images/logo_yhk.png Graphic file (type png)
<use images/logo_yhk.png>
Package pdftex.def Info: images/logo_yhk.png  used on input line 33.
(pdftex.def)             Requested size: 17.07164pt x 12.43224pt.
[397

]
\openout4 = `Main_Course_MachineLearning_Presentation.vrb'.

(Main_Course_MachineLearning_Presentation.vrb)
File: images/logo_yhk.png Graphic file (type png)
<use images/logo_yhk.png>
Package pdftex.def Info: images/logo_yhk.png  used on input line 58.
(pdftex.def)             Requested size: 17.07164pt x 12.43224pt.
[398

]
\openout4 = `Main_Course_MachineLearning_Presentation.vrb'.

(Main_Course_MachineLearning_Presentation.vrb)
File: images/logo_yhk.png Graphic file (type png)
<use images/logo_yhk.png>
Package pdftex.def Info: images/logo_yhk.png  used on input line 78.
(pdftex.def)             Requested size: 17.07164pt x 12.43224pt.
[399

]
\openout4 = `Main_Course_MachineLearning_Presentation.vrb'.

(Main_Course_MachineLearning_Presentation.vrb)
File: images/logo_yhk.png Graphic file (type png)
<use images/logo_yhk.png>
Package pdftex.def Info: images/logo_yhk.png  used on input line 89.
(pdftex.def)             Requested size: 17.07164pt x 12.43224pt.
[400

]
\openout4 = `Main_Course_MachineLearning_Presentation.vrb'.

(Main_Course_MachineLearning_Presentation.vrb)
File: images/logo_yhk.png Graphic file (type png)
<use images/logo_yhk.png>
Package pdftex.def Info: images/logo_yhk.png  used on input line 106.
(pdftex.def)             Requested size: 17.07164pt x 12.43224pt.
[401

]
\openout4 = `Main_Course_MachineLearning_Presentation.vrb'.

(Main_Course_MachineLearning_Presentation.vrb)
File: images/logo_yhk.png Graphic file (type png)
<use images/logo_yhk.png>
Package pdftex.def Info: images/logo_yhk.png  used on input line 128.
(pdftex.def)             Requested size: 17.07164pt x 12.43224pt.
[402

]
\openout4 = `Main_Course_MachineLearning_Presentation.vrb'.

(Main_Course_MachineLearning_Presentation.vrb)
File: images/logo_yhk.png Graphic file (type png)
<use images/logo_yhk.png>
Package pdftex.def Info: images/logo_yhk.png  used on input line 145.
(pdftex.def)             Requested size: 17.07164pt x 12.43224pt.
[403

]
\openout4 = `Main_Course_MachineLearning_Presentation.vrb'.

(Main_Course_MachineLearning_Presentation.vrb)
File: images/logo_yhk.png Graphic file (type png)
<use images/logo_yhk.png>
Package pdftex.def Info: images/logo_yhk.png  used on input line 162.
(pdftex.def)             Requested size: 17.07164pt x 12.43224pt.
[404

]
\openout4 = `Main_Course_MachineLearning_Presentation.vrb'.

(Main_Course_MachineLearning_Presentation.vrb)
File: images/logo_yhk.png Graphic file (type png)
<use images/logo_yhk.png>
Package pdftex.def Info: images/logo_yhk.png  used on input line 180.
(pdftex.def)             Requested size: 17.07164pt x 12.43224pt.
[405

]
\openout4 = `Main_Course_MachineLearning_Presentation.vrb'.

(Main_Course_MachineLearning_Presentation.vrb)
File: images/logo_yhk.png Graphic file (type png)
<use images/logo_yhk.png>
Package pdftex.def Info: images/logo_yhk.png  used on input line 192.
(pdftex.def)             Requested size: 17.07164pt x 12.43224pt.
[406

]
\openout4 = `Main_Course_MachineLearning_Presentation.vrb'.

(Main_Course_MachineLearning_Presentation.vrb)
File: images/logo_yhk.png Graphic file (type png)
<use images/logo_yhk.png>
Package pdftex.def Info: images/logo_yhk.png  used on input line 267.
(pdftex.def)             Requested size: 17.07164pt x 12.43224pt.
[407

]
\openout4 = `Main_Course_MachineLearning_Presentation.vrb'.

(Main_Course_MachineLearning_Presentation.vrb)
File: images/logo_yhk.png Graphic file (type png)
<use images/logo_yhk.png>
Package pdftex.def Info: images/logo_yhk.png  used on input line 290.
(pdftex.def)             Requested size: 17.07164pt x 12.43224pt.
[408

]
\openout4 = `Main_Course_MachineLearning_Presentation.vrb'.

(Main_Course_MachineLearning_Presentation.vrb)
File: images/logo_yhk.png Graphic file (type png)
<use images/logo_yhk.png>
Package pdftex.def Info: images/logo_yhk.png  used on input line 316.
(pdftex.def)             Requested size: 17.07164pt x 12.43224pt.
[409

]
\openout4 = `Main_Course_MachineLearning_Presentation.vrb'.

(Main_Course_MachineLearning_Presentation.vrb)
File: images/logo_yhk.png Graphic file (type png)
<use images/logo_yhk.png>
Package pdftex.def Info: images/logo_yhk.png  used on input line 327.
(pdftex.def)             Requested size: 17.07164pt x 12.43224pt.
[410

]
\openout4 = `Main_Course_MachineLearning_Presentation.vrb'.

(Main_Course_MachineLearning_Presentation.vrb)
File: images/logo_yhk.png Graphic file (type png)
<use images/logo_yhk.png>
Package pdftex.def Info: images/logo_yhk.png  used on input line 345.
(pdftex.def)             Requested size: 17.07164pt x 12.43224pt.
[411

]
\openout4 = `Main_Course_MachineLearning_Presentation.vrb'.

(Main_Course_MachineLearning_Presentation.vrb)
File: images/logo_yhk.png Graphic file (type png)
<use images/logo_yhk.png>
Package pdftex.def Info: images/logo_yhk.png  used on input line 362.
(pdftex.def)             Requested size: 17.07164pt x 12.43224pt.
[412

]
\openout4 = `Main_Course_MachineLearning_Presentation.vrb'.

(Main_Course_MachineLearning_Presentation.vrb)
File: images/logo_yhk.png Graphic file (type png)
<use images/logo_yhk.png>
Package pdftex.def Info: images/logo_yhk.png  used on input line 429.
(pdftex.def)             Requested size: 17.07164pt x 12.43224pt.
[413

] (Main_Course_MachineLearning_Presentation.vrb)
File: images/logo_yhk.png Graphic file (type png)
<use images/logo_yhk.png>
Package pdftex.def Info: images/logo_yhk.png  used on input line 429.
(pdftex.def)             Requested size: 17.07164pt x 12.43224pt.
[414

]) (python_scientific.tex
\openout4 = `Main_Course_MachineLearning_Presentation.vrb'.

(Main_Course_MachineLearning_Presentation.vrb)
File: images/logo_yhk.png Graphic file (type png)
<use images/logo_yhk.png>
Package pdftex.def Info: images/logo_yhk.png  used on input line 6.
(pdftex.def)             Requested size: 17.07164pt x 12.43224pt.
[415

]
\openout4 = `Main_Course_MachineLearning_Presentation.vrb'.

(Main_Course_MachineLearning_Presentation.vrb
LaTeX Font Info:    External font `lmex10' loaded for size
(Font)              <7> on input line 15.
LaTeX Font Info:    Font shape `OT1/lmss/b/n' in size <7> not available
(Font)              Font shape `OT1/lmss/bx/n' tried instead on input line 15.
LaTeX Font Info:    Font shape `OT1/lmss/m/it' in size <7> not available
(Font)              Font shape `OT1/lmss/m/sl' tried instead on input line 15.
)
File: images/logo_yhk.png Graphic file (type png)
<use images/logo_yhk.png>
Package pdftex.def Info: images/logo_yhk.png  used on input line 26.
(pdftex.def)             Requested size: 17.07164pt x 12.43224pt.
[416

]
\openout4 = `Main_Course_MachineLearning_Presentation.vrb'.

(Main_Course_MachineLearning_Presentation.vrb
<images/numpy_perf1.png, id=3299, 421.575pt x 316.18124pt>
File: images/numpy_perf1.png Graphic file (type png)
<use images/numpy_perf1.png>
Package pdftex.def Info: images/numpy_perf1.png  used on input line 30.
(pdftex.def)             Requested size: 184.3758pt x 138.28552pt.
)
File: images/logo_yhk.png Graphic file (type png)
<use images/logo_yhk.png>
Package pdftex.def Info: images/logo_yhk.png  used on input line 66.
(pdftex.def)             Requested size: 17.07164pt x 12.43224pt.
[417

 <./images/numpy_perf1.png (PNG copy)>]
\openout4 = `Main_Course_MachineLearning_Presentation.vrb'.

(Main_Course_MachineLearning_Presentation.vrb)
File: images/logo_yhk.png Graphic file (type png)
<use images/logo_yhk.png>
Package pdftex.def Info: images/logo_yhk.png  used on input line 82.
(pdftex.def)             Requested size: 17.07164pt x 12.43224pt.
[418

]
\openout4 = `Main_Course_MachineLearning_Presentation.vrb'.

(Main_Course_MachineLearning_Presentation.vrb)
File: images/logo_yhk.png Graphic file (type png)
<use images/logo_yhk.png>
Package pdftex.def Info: images/logo_yhk.png  used on input line 102.
(pdftex.def)             Requested size: 17.07164pt x 12.43224pt.
[419

]
\openout4 = `Main_Course_MachineLearning_Presentation.vrb'.

(Main_Course_MachineLearning_Presentation.vrb)
File: images/logo_yhk.png Graphic file (type png)
<use images/logo_yhk.png>
Package pdftex.def Info: images/logo_yhk.png  used on input line 121.
(pdftex.def)             Requested size: 17.07164pt x 12.43224pt.
[420

]
\openout4 = `Main_Course_MachineLearning_Presentation.vrb'.

(Main_Course_MachineLearning_Presentation.vrb)
File: images/logo_yhk.png Graphic file (type png)
<use images/logo_yhk.png>
Package pdftex.def Info: images/logo_yhk.png  used on input line 143.
(pdftex.def)             Requested size: 17.07164pt x 12.43224pt.
[421

]
\openout4 = `Main_Course_MachineLearning_Presentation.vrb'.

(Main_Course_MachineLearning_Presentation.vrb)
File: images/logo_yhk.png Graphic file (type png)
<use images/logo_yhk.png>
Package pdftex.def Info: images/logo_yhk.png  used on input line 159.
(pdftex.def)             Requested size: 17.07164pt x 12.43224pt.
[422

]
\openout4 = `Main_Course_MachineLearning_Presentation.vrb'.

(Main_Course_MachineLearning_Presentation.vrb)
File: images/logo_yhk.png Graphic file (type png)
<use images/logo_yhk.png>
Package pdftex.def Info: images/logo_yhk.png  used on input line 188.
(pdftex.def)             Requested size: 17.07164pt x 12.43224pt.
[423

]
\openout4 = `Main_Course_MachineLearning_Presentation.vrb'.

(Main_Course_MachineLearning_Presentation.vrb)
File: images/logo_yhk.png Graphic file (type png)
<use images/logo_yhk.png>
Package pdftex.def Info: images/logo_yhk.png  used on input line 202.
(pdftex.def)             Requested size: 17.07164pt x 12.43224pt.
[424

]
\openout4 = `Main_Course_MachineLearning_Presentation.vrb'.

(Main_Course_MachineLearning_Presentation.vrb)
File: images/logo_yhk.png Graphic file (type png)
<use images/logo_yhk.png>
Package pdftex.def Info: images/logo_yhk.png  used on input line 225.
(pdftex.def)             Requested size: 17.07164pt x 12.43224pt.
[425

]
\openout4 = `Main_Course_MachineLearning_Presentation.vrb'.

(Main_Course_MachineLearning_Presentation.vrb)
File: images/logo_yhk.png Graphic file (type png)
<use images/logo_yhk.png>
Package pdftex.def Info: images/logo_yhk.png  used on input line 280.
(pdftex.def)             Requested size: 17.07164pt x 12.43224pt.
[426

]
\openout4 = `Main_Course_MachineLearning_Presentation.vrb'.

(Main_Course_MachineLearning_Presentation.vrb)
File: images/logo_yhk.png Graphic file (type png)
<use images/logo_yhk.png>
Package pdftex.def Info: images/logo_yhk.png  used on input line 300.
(pdftex.def)             Requested size: 17.07164pt x 12.43224pt.
[427

]
\openout4 = `Main_Course_MachineLearning_Presentation.vrb'.

(Main_Course_MachineLearning_Presentation.vrb)
File: images/logo_yhk.png Graphic file (type png)
<use images/logo_yhk.png>
Package pdftex.def Info: images/logo_yhk.png  used on input line 311.
(pdftex.def)             Requested size: 17.07164pt x 12.43224pt.
[428

]
\openout4 = `Main_Course_MachineLearning_Presentation.vrb'.

(Main_Course_MachineLearning_Presentation.vrb)
File: images/logo_yhk.png Graphic file (type png)
<use images/logo_yhk.png>
Package pdftex.def Info: images/logo_yhk.png  used on input line 326.
(pdftex.def)             Requested size: 17.07164pt x 12.43224pt.
[429

]
\openout4 = `Main_Course_MachineLearning_Presentation.vrb'.

(Main_Course_MachineLearning_Presentation.vrb)
File: images/logo_yhk.png Graphic file (type png)
<use images/logo_yhk.png>
Package pdftex.def Info: images/logo_yhk.png  used on input line 345.
(pdftex.def)             Requested size: 17.07164pt x 12.43224pt.
[430

]
\openout4 = `Main_Course_MachineLearning_Presentation.vrb'.

(Main_Course_MachineLearning_Presentation.vrb)
File: images/logo_yhk.png Graphic file (type png)
<use images/logo_yhk.png>
Package pdftex.def Info: images/logo_yhk.png  used on input line 360.
(pdftex.def)             Requested size: 17.07164pt x 12.43224pt.
[431

]
\openout4 = `Main_Course_MachineLearning_Presentation.vrb'.

(Main_Course_MachineLearning_Presentation.vrb)
File: images/logo_yhk.png Graphic file (type png)
<use images/logo_yhk.png>
Package pdftex.def Info: images/logo_yhk.png  used on input line 373.
(pdftex.def)             Requested size: 17.07164pt x 12.43224pt.
[432

]
\openout4 = `Main_Course_MachineLearning_Presentation.vrb'.

(Main_Course_MachineLearning_Presentation.vrb)
File: images/logo_yhk.png Graphic file (type png)
<use images/logo_yhk.png>
Package pdftex.def Info: images/logo_yhk.png  used on input line 427.
(pdftex.def)             Requested size: 17.07164pt x 12.43224pt.
[433

]
\openout4 = `Main_Course_MachineLearning_Presentation.vrb'.

(Main_Course_MachineLearning_Presentation.vrb)
File: images/logo_yhk.png Graphic file (type png)
<use images/logo_yhk.png>
Package pdftex.def Info: images/logo_yhk.png  used on input line 440.
(pdftex.def)             Requested size: 17.07164pt x 12.43224pt.
[434

]
\openout4 = `Main_Course_MachineLearning_Presentation.vrb'.

(Main_Course_MachineLearning_Presentation.vrb)
File: images/logo_yhk.png Graphic file (type png)
<use images/logo_yhk.png>
Package pdftex.def Info: images/logo_yhk.png  used on input line 461.
(pdftex.def)             Requested size: 17.07164pt x 12.43224pt.
[435

]
\openout4 = `Main_Course_MachineLearning_Presentation.vrb'.

(Main_Course_MachineLearning_Presentation.vrb)
File: images/logo_yhk.png Graphic file (type png)
<use images/logo_yhk.png>
Package pdftex.def Info: images/logo_yhk.png  used on input line 477.
(pdftex.def)             Requested size: 17.07164pt x 12.43224pt.
[436

]
\openout4 = `Main_Course_MachineLearning_Presentation.vrb'.

(Main_Course_MachineLearning_Presentation.vrb)
File: images/logo_yhk.png Graphic file (type png)
<use images/logo_yhk.png>
Package pdftex.def Info: images/logo_yhk.png  used on input line 494.
(pdftex.def)             Requested size: 17.07164pt x 12.43224pt.
[437

]
\openout4 = `Main_Course_MachineLearning_Presentation.vrb'.

(Main_Course_MachineLearning_Presentation.vrb)
File: images/logo_yhk.png Graphic file (type png)
<use images/logo_yhk.png>
Package pdftex.def Info: images/logo_yhk.png  used on input line 508.
(pdftex.def)             Requested size: 17.07164pt x 12.43224pt.
[438

] (Main_Course_MachineLearning_Presentation.vrb)
File: images/logo_yhk.png Graphic file (type png)
<use images/logo_yhk.png>
Package pdftex.def Info: images/logo_yhk.png  used on input line 508.
(pdftex.def)             Requested size: 17.07164pt x 12.43224pt.
[439

]) (python_plotting.tex
\openout4 = `Main_Course_MachineLearning_Presentation.vrb'.

(Main_Course_MachineLearning_Presentation.vrb)
File: images/logo_yhk.png Graphic file (type png)
<use images/logo_yhk.png>
Package pdftex.def Info: images/logo_yhk.png  used on input line 6.
(pdftex.def)             Requested size: 17.07164pt x 12.43224pt.
[440

]
\openout4 = `Main_Course_MachineLearning_Presentation.vrb'.

(Main_Course_MachineLearning_Presentation.vrb)
File: images/logo_yhk.png Graphic file (type png)
<use images/logo_yhk.png>
Package pdftex.def Info: images/logo_yhk.png  used on input line 21.
(pdftex.def)             Requested size: 17.07164pt x 12.43224pt.
[441

]
\openout4 = `Main_Course_MachineLearning_Presentation.vrb'.

(Main_Course_MachineLearning_Presentation.vrb)
File: images/logo_yhk.png Graphic file (type png)
<use images/logo_yhk.png>
Package pdftex.def Info: images/logo_yhk.png  used on input line 35.
(pdftex.def)             Requested size: 17.07164pt x 12.43224pt.
[442

]
\openout4 = `Main_Course_MachineLearning_Presentation.vrb'.

(Main_Course_MachineLearning_Presentation.vrb
<images/44.png, id=3516, 391.4625pt x 252.945pt>
File: images/44.png Graphic file (type png)
<use images/44.png>
Package pdftex.def Info: images/44.png  used on input line 24.
(pdftex.def)             Requested size: 122.91406pt x 79.4195pt.
)
File: images/logo_yhk.png Graphic file (type png)
<use images/logo_yhk.png>
Package pdftex.def Info: images/logo_yhk.png  used on input line 69.
(pdftex.def)             Requested size: 17.07164pt x 12.43224pt.
[443

 <./images/44.png>]
\openout4 = `Main_Course_MachineLearning_Presentation.vrb'.

(Main_Course_MachineLearning_Presentation.vrb)
File: images/logo_yhk.png Graphic file (type png)
<use images/logo_yhk.png>
Package pdftex.def Info: images/logo_yhk.png  used on input line 100.
(pdftex.def)             Requested size: 17.07164pt x 12.43224pt.
[444

]
\openout4 = `Main_Course_MachineLearning_Presentation.vrb'.

(Main_Course_MachineLearning_Presentation.vrb
<images/46.png, id=3530, 391.4625pt x 252.945pt>
File: images/46.png Graphic file (type png)
<use images/46.png>
Package pdftex.def Info: images/46.png  used on input line 28.
(pdftex.def)             Requested size: 73.74918pt x 47.65092pt.
<images/46_1.png, id=3531, 391.4625pt x 252.945pt>
File: images/46_1.png Graphic file (type png)
<use images/46_1.png>
Package pdftex.def Info: images/46_1.png  used on input line 29.
(pdftex.def)             Requested size: 73.74918pt x 47.65092pt.
<images/46_2.png, id=3532, 391.4625pt x 252.945pt>
File: images/46_2.png Graphic file (type png)
<use images/46_2.png>
Package pdftex.def Info: images/46_2.png  used on input line 30.
(pdftex.def)             Requested size: 73.74918pt x 47.65092pt.
)
File: images/logo_yhk.png Graphic file (type png)
<use images/logo_yhk.png>
Package pdftex.def Info: images/logo_yhk.png  used on input line 142.
(pdftex.def)             Requested size: 17.07164pt x 12.43224pt.
[445

 <./images/46.png> <./images/46_1.png> <./images/46_2.png>]
\openout4 = `Main_Course_MachineLearning_Presentation.vrb'.

(Main_Course_MachineLearning_Presentation.vrb
<images/47.png, id=3543, 391.4625pt x 252.945pt>
File: images/47.png Graphic file (type png)
<use images/47.png>
Package pdftex.def Info: images/47.png  used on input line 26.
(pdftex.def)             Requested size: 122.91406pt x 79.4195pt.
)
File: images/logo_yhk.png Graphic file (type png)
<use images/logo_yhk.png>
Package pdftex.def Info: images/logo_yhk.png  used on input line 179.
(pdftex.def)             Requested size: 17.07164pt x 12.43224pt.
[446

 <./images/47.png>]
\openout4 = `Main_Course_MachineLearning_Presentation.vrb'.

(Main_Course_MachineLearning_Presentation.vrb
<images/48.png, id=3551, 405.515pt x 279.0425pt>
File: images/48.png Graphic file (type png)
<use images/48.png>
Package pdftex.def Info: images/48.png  used on input line 27.
(pdftex.def)             Requested size: 122.91406pt x 84.57773pt.
)
File: images/logo_yhk.png Graphic file (type png)
<use images/logo_yhk.png>
Package pdftex.def Info: images/logo_yhk.png  used on input line 216.
(pdftex.def)             Requested size: 17.07164pt x 12.43224pt.
[447

 <./images/48.png>]
\openout4 = `Main_Course_MachineLearning_Presentation.vrb'.

(Main_Course_MachineLearning_Presentation.vrb
<images/49.png, id=3559, 391.4625pt x 252.945pt>
File: images/49.png Graphic file (type png)
<use images/49.png>
Package pdftex.def Info: images/49.png  used on input line 28.
(pdftex.def)             Requested size: 122.91406pt x 79.4195pt.
)
File: images/logo_yhk.png Graphic file (type png)
<use images/logo_yhk.png>
Package pdftex.def Info: images/logo_yhk.png  used on input line 251.
(pdftex.def)             Requested size: 17.07164pt x 12.43224pt.
[448

 <./images/49.png>]
\openout4 = `Main_Course_MachineLearning_Presentation.vrb'.

(Main_Course_MachineLearning_Presentation.vrb
<images/50.png, id=3567, 389.455pt x 252.945pt>
File: images/50.png Graphic file (type png)
<use images/50.png>
Package pdftex.def Info: images/50.png  used on input line 20.
(pdftex.def)             Requested size: 122.91406pt x 79.82861pt.
)
File: images/logo_yhk.png Graphic file (type png)
<use images/logo_yhk.png>
Package pdftex.def Info: images/logo_yhk.png  used on input line 281.
(pdftex.def)             Requested size: 17.07164pt x 12.43224pt.
[449

 <./images/50.png>]
\openout4 = `Main_Course_MachineLearning_Presentation.vrb'.

(Main_Course_MachineLearning_Presentation.vrb
<images/51.png, id=3575, 266.9975pt x 252.945pt>
File: images/51.png Graphic file (type png)
<use images/51.png>
Package pdftex.def Info: images/51.png  used on input line 21.
(pdftex.def)             Requested size: 122.91406pt x 116.44487pt.
)
File: images/logo_yhk.png Graphic file (type png)
<use images/logo_yhk.png>
Package pdftex.def Info: images/logo_yhk.png  used on input line 311.
(pdftex.def)             Requested size: 17.07164pt x 12.43224pt.
[450

 <./images/51.png>]
\openout4 = `Main_Course_MachineLearning_Presentation.vrb'.

(Main_Course_MachineLearning_Presentation.vrb
<images/52.png, id=3583, 391.4625pt x 252.945pt>
File: images/52.png Graphic file (type png)
<use images/52.png>
Package pdftex.def Info: images/52.png  used on input line 24.
(pdftex.def)             Requested size: 122.91406pt x 79.4195pt.
)
File: images/logo_yhk.png Graphic file (type png)
<use images/logo_yhk.png>
Package pdftex.def Info: images/logo_yhk.png  used on input line 344.
(pdftex.def)             Requested size: 17.07164pt x 12.43224pt.
[451

 <./images/52.png>]
\openout4 = `Main_Course_MachineLearning_Presentation.vrb'.

(Main_Course_MachineLearning_Presentation.vrb)
File: images/logo_yhk.png Graphic file (type png)
<use images/logo_yhk.png>
Package pdftex.def Info: images/logo_yhk.png  used on input line 355.
(pdftex.def)             Requested size: 17.07164pt x 12.43224pt.
[452

]
\openout4 = `Main_Course_MachineLearning_Presentation.vrb'.

(Main_Course_MachineLearning_Presentation.vrb
<images/53.png, id=3607, 375.4025pt x 252.945pt>
File: images/53.png Graphic file (type png)
<use images/53.png>
Package pdftex.def Info: images/53.png  used on input line 25.
(pdftex.def)             Requested size: 122.91406pt x 82.81596pt.
)
File: images/logo_yhk.png Graphic file (type png)
<use images/logo_yhk.png>
Package pdftex.def Info: images/logo_yhk.png  used on input line 389.
(pdftex.def)             Requested size: 17.07164pt x 12.43224pt.
[453

 <./images/53.png>]
\openout4 = `Main_Course_MachineLearning_Presentation.vrb'.

(Main_Course_MachineLearning_Presentation.vrb)
File: images/logo_yhk.png Graphic file (type png)
<use images/logo_yhk.png>
Package pdftex.def Info: images/logo_yhk.png  used on input line 405.
(pdftex.def)             Requested size: 17.07164pt x 12.43224pt.
[454

] (Main_Course_MachineLearning_Presentation.vrb)
File: images/logo_yhk.png Graphic file (type png)
<use images/logo_yhk.png>
Package pdftex.def Info: images/logo_yhk.png  used on input line 405.
(pdftex.def)             Requested size: 17.07164pt x 12.43224pt.
[455

]
\openout4 = `Main_Course_MachineLearning_Presentation.vrb'.

(Main_Course_MachineLearning_Presentation.vrb)
File: images/logo_yhk.png Graphic file (type png)
<use images/logo_yhk.png>
Package pdftex.def Info: images/logo_yhk.png  used on input line 411.
(pdftex.def)             Requested size: 17.07164pt x 12.43224pt.
[456

]
\openout4 = `Main_Course_MachineLearning_Presentation.vrb'.

(Main_Course_MachineLearning_Presentation.vrb)
File: images/logo_yhk.png Graphic file (type png)
<use images/logo_yhk.png>
Package pdftex.def Info: images/logo_yhk.png  used on input line 430.
(pdftex.def)             Requested size: 17.07164pt x 12.43224pt.
[457

]
\openout4 = `Main_Course_MachineLearning_Presentation.vrb'.

(Main_Course_MachineLearning_Presentation.vrb
<images/57.png, id=3676, 409.53pt x 281.05pt>
File: images/57.png Graphic file (type png)
<use images/57.png>
Package pdftex.def Info: images/57.png  used on input line 25.
(pdftex.def)             Requested size: 122.91406pt x 84.34995pt.
)
File: images/logo_yhk.png Graphic file (type png)
<use images/logo_yhk.png>
Package pdftex.def Info: images/logo_yhk.png  used on input line 462.
(pdftex.def)             Requested size: 17.07164pt x 12.43224pt.
[458

 <./images/57.png>]
\openout4 = `Main_Course_MachineLearning_Presentation.vrb'.

(Main_Course_MachineLearning_Presentation.vrb)
File: images/logo_yhk.png Graphic file (type png)
<use images/logo_yhk.png>
Package pdftex.def Info: images/logo_yhk.png  used on input line 489.
(pdftex.def)             Requested size: 17.07164pt x 12.43224pt.
[459

]
\openout4 = `Main_Course_MachineLearning_Presentation.vrb'.

(Main_Course_MachineLearning_Presentation.vrb
<images/matplotlibhist.png, id=3690, 409.53pt x 364.36125pt>
File: images/matplotlibhist.png Graphic file (type png)
<use images/matplotlibhist.png>
Package pdftex.def Info: images/matplotlibhist.png  used on input line 3.
(pdftex.def)             Requested size: 230.46739pt x 205.05276pt.
)
File: images/logo_yhk.png Graphic file (type png)
<use images/logo_yhk.png>
Package pdftex.def Info: images/logo_yhk.png  used on input line 496.
(pdftex.def)             Requested size: 17.07164pt x 12.43224pt.
[460

 <./images/matplotlibhist.png>])) (seminar_python_basic_closure_content.tex (py
thon_mining.tex
\openout4 = `Main_Course_MachineLearning_Presentation.vrb'.

(Main_Course_MachineLearning_Presentation.vrb)
File: images/logo_yhk.png Graphic file (type png)
<use images/logo_yhk.png>
Package pdftex.def Info: images/logo_yhk.png  used on input line 6.
(pdftex.def)             Requested size: 17.07164pt x 12.43224pt.
[461

]
\openout4 = `Main_Course_MachineLearning_Presentation.vrb'.

(Main_Course_MachineLearning_Presentation.vrb)
File: images/logo_yhk.png Graphic file (type png)
<use images/logo_yhk.png>
Package pdftex.def Info: images/logo_yhk.png  used on input line 52.
(pdftex.def)             Requested size: 17.07164pt x 12.43224pt.
[462

]
\openout4 = `Main_Course_MachineLearning_Presentation.vrb'.

(Main_Course_MachineLearning_Presentation.vrb)
File: images/logo_yhk.png Graphic file (type png)
<use images/logo_yhk.png>
Package pdftex.def Info: images/logo_yhk.png  used on input line 470.
(pdftex.def)             Requested size: 17.07164pt x 12.43224pt.
[463

]
\openout4 = `Main_Course_MachineLearning_Presentation.vrb'.

(Main_Course_MachineLearning_Presentation.vrb)
File: images/logo_yhk.png Graphic file (type png)
<use images/logo_yhk.png>
Package pdftex.def Info: images/logo_yhk.png  used on input line 481.
(pdftex.def)             Requested size: 17.07164pt x 12.43224pt.
[464

]
\openout4 = `Main_Course_MachineLearning_Presentation.vrb'.

(Main_Course_MachineLearning_Presentation.vrb)
File: images/logo_yhk.png Graphic file (type png)
<use images/logo_yhk.png>
Package pdftex.def Info: images/logo_yhk.png  used on input line 493.
(pdftex.def)             Requested size: 17.07164pt x 12.43224pt.
[465

]
\openout4 = `Main_Course_MachineLearning_Presentation.vrb'.

(Main_Course_MachineLearning_Presentation.vrb
<images/hkex.png, id=3741, 1257.19687pt x 521.69907pt>
File: images/hkex.png Graphic file (type png)
<use images/hkex.png>
Package pdftex.def Info: images/hkex.png  used on input line 6.
(pdftex.def)             Requested size: 307.28987pt x 127.51091pt.
)
File: images/logo_yhk.png Graphic file (type png)
<use images/logo_yhk.png>
Package pdftex.def Info: images/logo_yhk.png  used on input line 505.
(pdftex.def)             Requested size: 17.07164pt x 12.43224pt.
[466

 <./images/hkex.png>]
\openout4 = `Main_Course_MachineLearning_Presentation.vrb'.

(Main_Course_MachineLearning_Presentation.vrb
<images/hkexsrc.png, id=3749, 546.04pt x 187.70125pt>
File: images/hkexsrc.png Graphic file (type png)
<use images/hkexsrc.png>
Package pdftex.def Info: images/hkexsrc.png  used on input line 4.
(pdftex.def)             Requested size: 307.28987pt x 105.63037pt.
)
File: images/logo_yhk.png Graphic file (type png)
<use images/logo_yhk.png>
Package pdftex.def Info: images/logo_yhk.png  used on input line 513.
(pdftex.def)             Requested size: 17.07164pt x 12.43224pt.
[467

 <./images/hkexsrc.png>]
\openout4 = `Main_Course_MachineLearning_Presentation.vrb'.

(Main_Course_MachineLearning_Presentation.vrb
<images/hkexhtml.png, id=3757, 580.41844pt x 423.83344pt>
File: images/hkexhtml.png Graphic file (type png)
<use images/hkexhtml.png>
Package pdftex.def Info: images/hkexhtml.png  used on input line 4.
(pdftex.def)             Requested size: 245.83282pt x 179.5092pt.
)
File: images/logo_yhk.png Graphic file (type png)
<use images/logo_yhk.png>
Package pdftex.def Info: images/logo_yhk.png  used on input line 521.
(pdftex.def)             Requested size: 17.07164pt x 12.43224pt.
[468

 <./images/hkexhtml.png>]
\openout4 = `Main_Course_MachineLearning_Presentation.vrb'.

(Main_Course_MachineLearning_Presentation.vrb)
File: images/logo_yhk.png Graphic file (type png)
<use images/logo_yhk.png>
Package pdftex.def Info: images/logo_yhk.png  used on input line 540.
(pdftex.def)             Requested size: 17.07164pt x 12.43224pt.
[469

]
\openout4 = `Main_Course_MachineLearning_Presentation.vrb'.

(Main_Course_MachineLearning_Presentation.vrb)
File: images/logo_yhk.png Graphic file (type png)
<use images/logo_yhk.png>
Package pdftex.def Info: images/logo_yhk.png  used on input line 562.
(pdftex.def)             Requested size: 17.07164pt x 12.43224pt.
[470

]
\openout4 = `Main_Course_MachineLearning_Presentation.vrb'.

(Main_Course_MachineLearning_Presentation.vrb)
File: images/logo_yhk.png Graphic file (type png)
<use images/logo_yhk.png>
Package pdftex.def Info: images/logo_yhk.png  used on input line 586.
(pdftex.def)             Requested size: 17.07164pt x 12.43224pt.
[471

]
\openout4 = `Main_Course_MachineLearning_Presentation.vrb'.

(Main_Course_MachineLearning_Presentation.vrb
Overfull \hbox (47.586pt too wide) in paragraph at lines 9--10
[][][][][][][][][][][][][][][][][][][][][][][][][][][][][][][][][][][][][][][][
][]  
 []

)
File: images/logo_yhk.png Graphic file (type png)
<use images/logo_yhk.png>
Package pdftex.def Info: images/logo_yhk.png  used on input line 617.
(pdftex.def)             Requested size: 17.07164pt x 12.43224pt.
[472

]
\openout4 = `Main_Course_MachineLearning_Presentation.vrb'.

(Main_Course_MachineLearning_Presentation.vrb)
File: images/logo_yhk.png Graphic file (type png)
<use images/logo_yhk.png>
Package pdftex.def Info: images/logo_yhk.png  used on input line 637.
(pdftex.def)             Requested size: 17.07164pt x 12.43224pt.
[473

]
\openout4 = `Main_Course_MachineLearning_Presentation.vrb'.

(Main_Course_MachineLearning_Presentation.vrb)
File: images/logo_yhk.png Graphic file (type png)
<use images/logo_yhk.png>
Package pdftex.def Info: images/logo_yhk.png  used on input line 656.
(pdftex.def)             Requested size: 17.07164pt x 12.43224pt.
[474

]
\openout4 = `Main_Course_MachineLearning_Presentation.vrb'.

(Main_Course_MachineLearning_Presentation.vrb)
File: images/logo_yhk.png Graphic file (type png)
<use images/logo_yhk.png>
Package pdftex.def Info: images/logo_yhk.png  used on input line 682.
(pdftex.def)             Requested size: 17.07164pt x 12.43224pt.
[475

]
\openout4 = `Main_Course_MachineLearning_Presentation.vrb'.

(Main_Course_MachineLearning_Presentation.vrb)
File: images/logo_yhk.png Graphic file (type png)
<use images/logo_yhk.png>
Package pdftex.def Info: images/logo_yhk.png  used on input line 705.
(pdftex.def)             Requested size: 17.07164pt x 12.43224pt.
[476

]
\openout4 = `Main_Course_MachineLearning_Presentation.vrb'.

(Main_Course_MachineLearning_Presentation.vrb)
File: images/logo_yhk.png Graphic file (type png)
<use images/logo_yhk.png>
Package pdftex.def Info: images/logo_yhk.png  used on input line 721.
(pdftex.def)             Requested size: 17.07164pt x 12.43224pt.
[477

] (Main_Course_MachineLearning_Presentation.vrb)
File: images/logo_yhk.png Graphic file (type png)
<use images/logo_yhk.png>
Package pdftex.def Info: images/logo_yhk.png  used on input line 721.
(pdftex.def)             Requested size: 17.07164pt x 12.43224pt.
[478

]) (python_testing.tex
\openout4 = `Main_Course_MachineLearning_Presentation.vrb'.

(Main_Course_MachineLearning_Presentation.vrb)
File: images/logo_yhk.png Graphic file (type png)
<use images/logo_yhk.png>
Package pdftex.def Info: images/logo_yhk.png  used on input line 6.
(pdftex.def)             Requested size: 17.07164pt x 12.43224pt.
[479

]
\openout4 = `Main_Course_MachineLearning_Presentation.vrb'.

(Main_Course_MachineLearning_Presentation.vrb)
File: images/logo_yhk.png Graphic file (type png)
<use images/logo_yhk.png>
Package pdftex.def Info: images/logo_yhk.png  used on input line 23.
(pdftex.def)             Requested size: 17.07164pt x 12.43224pt.
[480

]
\openout4 = `Main_Course_MachineLearning_Presentation.vrb'.

(Main_Course_MachineLearning_Presentation.vrb)
File: images/logo_yhk.png Graphic file (type png)
<use images/logo_yhk.png>
Package pdftex.def Info: images/logo_yhk.png  used on input line 41.
(pdftex.def)             Requested size: 17.07164pt x 12.43224pt.
[481

]
\openout4 = `Main_Course_MachineLearning_Presentation.vrb'.

(Main_Course_MachineLearning_Presentation.vrb)
File: images/logo_yhk.png Graphic file (type png)
<use images/logo_yhk.png>
Package pdftex.def Info: images/logo_yhk.png  used on input line 66.
(pdftex.def)             Requested size: 17.07164pt x 12.43224pt.
[482

]
\openout4 = `Main_Course_MachineLearning_Presentation.vrb'.

(Main_Course_MachineLearning_Presentation.vrb)
File: images/logo_yhk.png Graphic file (type png)
<use images/logo_yhk.png>
Package pdftex.def Info: images/logo_yhk.png  used on input line 76.
(pdftex.def)             Requested size: 17.07164pt x 12.43224pt.
[483

]
\openout4 = `Main_Course_MachineLearning_Presentation.vrb'.

(Main_Course_MachineLearning_Presentation.vrb
Underfull \hbox (badness 1132) in paragraph at lines 20--23
\OT1/lmss/m/n/9 are doc-u-men-ta-tion lines, and
 []

)
File: images/logo_yhk.png Graphic file (type png)
<use images/logo_yhk.png>
Package pdftex.def Info: images/logo_yhk.png  used on input line 105.
(pdftex.def)             Requested size: 17.07164pt x 12.43224pt.
[484

]
\openout4 = `Main_Course_MachineLearning_Presentation.vrb'.

(Main_Course_MachineLearning_Presentation.vrb)
File: images/logo_yhk.png Graphic file (type png)
<use images/logo_yhk.png>
Package pdftex.def Info: images/logo_yhk.png  used on input line 131.
(pdftex.def)             Requested size: 17.07164pt x 12.43224pt.
[485

]
\openout4 = `Main_Course_MachineLearning_Presentation.vrb'.

(Main_Course_MachineLearning_Presentation.vrb)
File: images/logo_yhk.png Graphic file (type png)
<use images/logo_yhk.png>
Package pdftex.def Info: images/logo_yhk.png  used on input line 158.
(pdftex.def)             Requested size: 17.07164pt x 12.43224pt.
[486

]
\openout4 = `Main_Course_MachineLearning_Presentation.vrb'.

(Main_Course_MachineLearning_Presentation.vrb (C:\Users\yoges\AppData\Local\Pro
grams\MiKTeX\tex/latex/listings\lstlang1.sty
File: lstlang1.sty 2023/02/27 1.9 listings language file
))
File: images/logo_yhk.png Graphic file (type png)
<use images/logo_yhk.png>
Package pdftex.def Info: images/logo_yhk.png  used on input line 170.
(pdftex.def)             Requested size: 17.07164pt x 12.43224pt.
[487

]
\openout4 = `Main_Course_MachineLearning_Presentation.vrb'.

(Main_Course_MachineLearning_Presentation.vrb

Package Listings Warning: Text dropped after begin of listing on input line 5.

)
File: images/logo_yhk.png Graphic file (type png)
<use images/logo_yhk.png>
Package pdftex.def Info: images/logo_yhk.png  used on input line 192.
(pdftex.def)             Requested size: 17.07164pt x 12.43224pt.
[488

]
\openout4 = `Main_Course_MachineLearning_Presentation.vrb'.

(Main_Course_MachineLearning_Presentation.vrb

Package Listings Warning: Text dropped after begin of listing on input line 5.

)
File: images/logo_yhk.png Graphic file (type png)
<use images/logo_yhk.png>
Package pdftex.def Info: images/logo_yhk.png  used on input line 221.
(pdftex.def)             Requested size: 17.07164pt x 12.43224pt.
[489

]
\openout4 = `Main_Course_MachineLearning_Presentation.vrb'.

(Main_Course_MachineLearning_Presentation.vrb)
File: images/logo_yhk.png Graphic file (type png)
<use images/logo_yhk.png>
Package pdftex.def Info: images/logo_yhk.png  used on input line 233.
(pdftex.def)             Requested size: 17.07164pt x 12.43224pt.
[490

]
\openout4 = `Main_Course_MachineLearning_Presentation.vrb'.

(Main_Course_MachineLearning_Presentation.vrb)
File: images/logo_yhk.png Graphic file (type png)
<use images/logo_yhk.png>
Package pdftex.def Info: images/logo_yhk.png  used on input line 254.
(pdftex.def)             Requested size: 17.07164pt x 12.43224pt.
[491

]
\openout4 = `Main_Course_MachineLearning_Presentation.vrb'.

(Main_Course_MachineLearning_Presentation.vrb
Overfull \hbox (42.12561pt too wide) in paragraph at lines 6--13
[][]  
 []

)
File: images/logo_yhk.png Graphic file (type png)
<use images/logo_yhk.png>
Package pdftex.def Info: images/logo_yhk.png  used on input line 274.
(pdftex.def)             Requested size: 17.07164pt x 12.43224pt.
[492

]
\openout4 = `Main_Course_MachineLearning_Presentation.vrb'.

(Main_Course_MachineLearning_Presentation.vrb)
File: images/logo_yhk.png Graphic file (type png)
<use images/logo_yhk.png>
Package pdftex.def Info: images/logo_yhk.png  used on input line 292.
(pdftex.def)             Requested size: 17.07164pt x 12.43224pt.
[493

]
\openout4 = `Main_Course_MachineLearning_Presentation.vrb'.

(Main_Course_MachineLearning_Presentation.vrb)
File: images/logo_yhk.png Graphic file (type png)
<use images/logo_yhk.png>
Package pdftex.def Info: images/logo_yhk.png  used on input line 302.
(pdftex.def)             Requested size: 17.07164pt x 12.43224pt.
[494

]
\openout4 = `Main_Course_MachineLearning_Presentation.vrb'.

(Main_Course_MachineLearning_Presentation.vrb)
File: images/logo_yhk.png Graphic file (type png)
<use images/logo_yhk.png>
Package pdftex.def Info: images/logo_yhk.png  used on input line 318.
(pdftex.def)             Requested size: 17.07164pt x 12.43224pt.
[495

]
\openout4 = `Main_Course_MachineLearning_Presentation.vrb'.

(Main_Course_MachineLearning_Presentation.vrb)
File: images/logo_yhk.png Graphic file (type png)
<use images/logo_yhk.png>
Package pdftex.def Info: images/logo_yhk.png  used on input line 337.
(pdftex.def)             Requested size: 17.07164pt x 12.43224pt.
[496

]
\openout4 = `Main_Course_MachineLearning_Presentation.vrb'.

(Main_Course_MachineLearning_Presentation.vrb)
File: images/logo_yhk.png Graphic file (type png)
<use images/logo_yhk.png>
Package pdftex.def Info: images/logo_yhk.png  used on input line 353.
(pdftex.def)             Requested size: 17.07164pt x 12.43224pt.
[497

]
\openout4 = `Main_Course_MachineLearning_Presentation.vrb'.

(Main_Course_MachineLearning_Presentation.vrb)
File: images/logo_yhk.png Graphic file (type png)
<use images/logo_yhk.png>
Package pdftex.def Info: images/logo_yhk.png  used on input line 370.
(pdftex.def)             Requested size: 17.07164pt x 12.43224pt.
[498

] (Main_Course_MachineLearning_Presentation.vrb)
File: images/logo_yhk.png Graphic file (type png)
<use images/logo_yhk.png>
Package pdftex.def Info: images/logo_yhk.png  used on input line 370.
(pdftex.def)             Requested size: 17.07164pt x 12.43224pt.
[499

]) (python_assignments.tex
\openout4 = `Main_Course_MachineLearning_Presentation.vrb'.

(Main_Course_MachineLearning_Presentation.vrb)
File: images/logo_yhk.png Graphic file (type png)
<use images/logo_yhk.png>
Package pdftex.def Info: images/logo_yhk.png  used on input line 6.
(pdftex.def)             Requested size: 17.07164pt x 12.43224pt.
[500

]
\openout4 = `Main_Course_MachineLearning_Presentation.vrb'.

(Main_Course_MachineLearning_Presentation.vrb)
File: images/logo_yhk.png Graphic file (type png)
<use images/logo_yhk.png>
Package pdftex.def Info: images/logo_yhk.png  used on input line 18.
(pdftex.def)             Requested size: 17.07164pt x 12.43224pt.
[501

]
\openout4 = `Main_Course_MachineLearning_Presentation.vrb'.

(Main_Course_MachineLearning_Presentation.vrb)
File: images/logo_yhk.png Graphic file (type png)
<use images/logo_yhk.png>
Package pdftex.def Info: images/logo_yhk.png  used on input line 28.
(pdftex.def)             Requested size: 17.07164pt x 12.43224pt.
[502

]
\openout4 = `Main_Course_MachineLearning_Presentation.vrb'.

(Main_Course_MachineLearning_Presentation.vrb)
File: images/logo_yhk.png Graphic file (type png)
<use images/logo_yhk.png>
Package pdftex.def Info: images/logo_yhk.png  used on input line 48.
(pdftex.def)             Requested size: 17.07164pt x 12.43224pt.
[503

]
\openout4 = `Main_Course_MachineLearning_Presentation.vrb'.

(Main_Course_MachineLearning_Presentation.vrb)
File: images/logo_yhk.png Graphic file (type png)
<use images/logo_yhk.png>
Package pdftex.def Info: images/logo_yhk.png  used on input line 59.
(pdftex.def)             Requested size: 17.07164pt x 12.43224pt.
[504

]
\openout4 = `Main_Course_MachineLearning_Presentation.vrb'.

(Main_Course_MachineLearning_Presentation.vrb)
File: images/logo_yhk.png Graphic file (type png)
<use images/logo_yhk.png>
Package pdftex.def Info: images/logo_yhk.png  used on input line 78.
(pdftex.def)             Requested size: 17.07164pt x 12.43224pt.
[505

]
\openout4 = `Main_Course_MachineLearning_Presentation.vrb'.

(Main_Course_MachineLearning_Presentation.vrb)
File: images/logo_yhk.png Graphic file (type png)
<use images/logo_yhk.png>
Package pdftex.def Info: images/logo_yhk.png  used on input line 91.
(pdftex.def)             Requested size: 17.07164pt x 12.43224pt.
[506

]
\openout4 = `Main_Course_MachineLearning_Presentation.vrb'.

(Main_Course_MachineLearning_Presentation.vrb)
File: images/logo_yhk.png Graphic file (type png)
<use images/logo_yhk.png>
Package pdftex.def Info: images/logo_yhk.png  used on input line 107.
(pdftex.def)             Requested size: 17.07164pt x 12.43224pt.
[507

] (Main_Course_MachineLearning_Presentation.vrb)
File: images/logo_yhk.png Graphic file (type png)
<use images/logo_yhk.png>
Package pdftex.def Info: images/logo_yhk.png  used on input line 107.
(pdftex.def)             Requested size: 17.07164pt x 12.43224pt.
[508

]) (python_conclusion.tex
\openout4 = `Main_Course_MachineLearning_Presentation.vrb'.

(Main_Course_MachineLearning_Presentation.vrb)
File: images/logo_yhk.png Graphic file (type png)
<use images/logo_yhk.png>
Package pdftex.def Info: images/logo_yhk.png  used on input line 6.
(pdftex.def)             Requested size: 17.07164pt x 12.43224pt.
[509

]
File: images/logo_yhk.png Graphic file (type png)
<use images/logo_yhk.png>
Package pdftex.def Info: images/logo_yhk.png  used on input line 24.
(pdftex.def)             Requested size: 17.07164pt x 12.43224pt.
[510

]
File: images/logo_yhk.png Graphic file (type png)
<use images/logo_yhk.png>
Package pdftex.def Info: images/logo_yhk.png  used on input line 44.
(pdftex.def)             Requested size: 17.07164pt x 12.43224pt.
[511

]
File: images/logo_yhk.png Graphic file (type png)
<use images/logo_yhk.png>
Package pdftex.def Info: images/logo_yhk.png  used on input line 61.
(pdftex.def)             Requested size: 17.07164pt x 12.43224pt.
[512

]

LaTeX Font Warning: Font shape `OT1/lmss/m/sc' in size <6> not available
(Font)              Font shape `OT1/lmr/m/sc' tried instead on input line 86.

File: images/logo_yhk.png Graphic file (type png)
<use images/logo_yhk.png>
Package pdftex.def Info: images/logo_yhk.png  used on input line 86.
(pdftex.def)             Requested size: 17.07164pt x 12.43224pt.
[513

]
\openout4 = `Main_Course_MachineLearning_Presentation.vrb'.

(Main_Course_MachineLearning_Presentation.vrb)
File: images/logo_yhk.png Graphic file (type png)
<use images/logo_yhk.png>
Package pdftex.def Info: images/logo_yhk.png  used on input line 102.
(pdftex.def)             Requested size: 17.07164pt x 12.43224pt.
[514

] (Main_Course_MachineLearning_Presentation.vrb)
File: images/logo_yhk.png Graphic file (type png)
<use images/logo_yhk.png>
Package pdftex.def Info: images/logo_yhk.png  used on input line 102.
(pdftex.def)             Requested size: 17.07164pt x 12.43224pt.
[515

]
File: images/logo_yhk.png Graphic file (type png)
<use images/logo_yhk.png>
Package pdftex.def Info: images/logo_yhk.png  used on input line 109.
(pdftex.def)             Requested size: 17.07164pt x 12.43224pt.
[516

])) (python_kids_short.tex
\openout4 = `Main_Course_MachineLearning_Presentation.vrb'.

(Main_Course_MachineLearning_Presentation.vrb)
File: images/logo_yhk.png Graphic file (type png)
<use images/logo_yhk.png>
Package pdftex.def Info: images/logo_yhk.png  used on input line 6.
(pdftex.def)             Requested size: 17.07164pt x 12.43224pt.
[517

]
\openout4 = `Main_Course_MachineLearning_Presentation.vrb'.

(Main_Course_MachineLearning_Presentation.vrb)
File: images/logo_yhk.png Graphic file (type png)
<use images/logo_yhk.png>
Package pdftex.def Info: images/logo_yhk.png  used on input line 18.
(pdftex.def)             Requested size: 17.07164pt x 12.43224pt.
[518

]
\openout4 = `Main_Course_MachineLearning_Presentation.vrb'.

(Main_Course_MachineLearning_Presentation.vrb)
File: images/logo_yhk.png Graphic file (type png)
<use images/logo_yhk.png>
Package pdftex.def Info: images/logo_yhk.png  used on input line 56.
(pdftex.def)             Requested size: 17.07164pt x 12.43224pt.
[519

]
\openout4 = `Main_Course_MachineLearning_Presentation.vrb'.

(Main_Course_MachineLearning_Presentation.vrb)
File: images/logo_yhk.png Graphic file (type png)
<use images/logo_yhk.png>
Package pdftex.def Info: images/logo_yhk.png  used on input line 79.
(pdftex.def)             Requested size: 17.07164pt x 12.43224pt.
[520

]
\openout4 = `Main_Course_MachineLearning_Presentation.vrb'.

(Main_Course_MachineLearning_Presentation.vrb)
File: images/logo_yhk.png Graphic file (type png)
<use images/logo_yhk.png>
Package pdftex.def Info: images/logo_yhk.png  used on input line 90.
(pdftex.def)             Requested size: 17.07164pt x 12.43224pt.
[521

]
\openout4 = `Main_Course_MachineLearning_Presentation.vrb'.

(Main_Course_MachineLearning_Presentation.vrb)
File: images/logo_yhk.png Graphic file (type png)
<use images/logo_yhk.png>
Package pdftex.def Info: images/logo_yhk.png  used on input line 117.
(pdftex.def)             Requested size: 17.07164pt x 12.43224pt.
[522

]
\openout4 = `Main_Course_MachineLearning_Presentation.vrb'.

(Main_Course_MachineLearning_Presentation.vrb
Overfull \hbox (37.2564pt too wide) in paragraph at lines 15--16
[][][][][][][][][][][][][][][][][][][][][][][][][][][][][][][][][][][][][][]  
 []

)
File: images/logo_yhk.png Graphic file (type png)
<use images/logo_yhk.png>
Package pdftex.def Info: images/logo_yhk.png  used on input line 144.
(pdftex.def)             Requested size: 17.07164pt x 12.43224pt.
[523

]) (python_automation.tex
\openout4 = `Main_Course_MachineLearning_Presentation.vrb'.

(Main_Course_MachineLearning_Presentation.vrb)
File: images/logo_yhk.png Graphic file (type png)
<use images/logo_yhk.png>
Package pdftex.def Info: images/logo_yhk.png  used on input line 10.
(pdftex.def)             Requested size: 17.07164pt x 12.43224pt.
[524

]
\openout4 = `Main_Course_MachineLearning_Presentation.vrb'.

(Main_Course_MachineLearning_Presentation.vrb)
File: images/logo_yhk.png Graphic file (type png)
<use images/logo_yhk.png>
Package pdftex.def Info: images/logo_yhk.png  used on input line 21.
(pdftex.def)             Requested size: 17.07164pt x 12.43224pt.
[525

]
\openout4 = `Main_Course_MachineLearning_Presentation.vrb'.

(Main_Course_MachineLearning_Presentation.vrb)
File: images/logo_yhk.png Graphic file (type png)
<use images/logo_yhk.png>
Package pdftex.def Info: images/logo_yhk.png  used on input line 44.
(pdftex.def)             Requested size: 17.07164pt x 12.43224pt.
[526

]) (python_engineering_short.tex
\openout4 = `Main_Course_MachineLearning_Presentation.vrb'.

(Main_Course_MachineLearning_Presentation.vrb)
File: images/logo_yhk.png Graphic file (type png)
<use images/logo_yhk.png>
Package pdftex.def Info: images/logo_yhk.png  used on input line 6.
(pdftex.def)             Requested size: 17.07164pt x 12.43224pt.
[527

]
\openout4 = `Main_Course_MachineLearning_Presentation.vrb'.

(Main_Course_MachineLearning_Presentation.vrb
<images/plt.png, id=4305, 462.528pt x 344.0052pt>
File: images/plt.png Graphic file (type png)
<use images/plt.png>
Package pdftex.def Info: images/plt.png  used on input line 24.
(pdftex.def)             Requested size: 122.91406pt x 91.41289pt.
)
File: images/logo_yhk.png Graphic file (type png)
<use images/logo_yhk.png>
Package pdftex.def Info: images/logo_yhk.png  used on input line 38.
(pdftex.def)             Requested size: 17.07164pt x 12.43224pt.
[528

 <./images/plt.png>]) (python_ai_short.tex
\openout4 = `Main_Course_MachineLearning_Presentation.vrb'.

(Main_Course_MachineLearning_Presentation.vrb)
File: images/logo_yhk.png Graphic file (type png)
<use images/logo_yhk.png>
Package pdftex.def Info: images/logo_yhk.png  used on input line 8.
(pdftex.def)             Requested size: 17.07164pt x 12.43224pt.
[529

]
\openout4 = `Main_Course_MachineLearning_Presentation.vrb'.

(Main_Course_MachineLearning_Presentation.vrb)
File: images/logo_yhk.png Graphic file (type png)
<use images/logo_yhk.png>
Package pdftex.def Info: images/logo_yhk.png  used on input line 18.
(pdftex.def)             Requested size: 17.07164pt x 12.43224pt.
[530

]
\openout4 = `Main_Course_MachineLearning_Presentation.vrb'.

(Main_Course_MachineLearning_Presentation.vrb)
File: images/logo_yhk.png Graphic file (type png)
<use images/logo_yhk.png>
Package pdftex.def Info: images/logo_yhk.png  used on input line 28.
(pdftex.def)             Requested size: 17.07164pt x 12.43224pt.
[531

]
\openout4 = `Main_Course_MachineLearning_Presentation.vrb'.

(Main_Course_MachineLearning_Presentation.vrb)
File: images/logo_yhk.png Graphic file (type png)
<use images/logo_yhk.png>
Package pdftex.def Info: images/logo_yhk.png  used on input line 39.
(pdftex.def)             Requested size: 17.07164pt x 12.43224pt.
[532

]
\openout4 = `Main_Course_MachineLearning_Presentation.vrb'.

(Main_Course_MachineLearning_Presentation.vrb)
File: images/logo_yhk.png Graphic file (type png)
<use images/logo_yhk.png>
Package pdftex.def Info: images/logo_yhk.png  used on input line 51.
(pdftex.def)             Requested size: 17.07164pt x 12.43224pt.
[533

]
\openout4 = `Main_Course_MachineLearning_Presentation.vrb'.

(Main_Course_MachineLearning_Presentation.vrb)
File: images/logo_yhk.png Graphic file (type png)
<use images/logo_yhk.png>
Package pdftex.def Info: images/logo_yhk.png  used on input line 62.
(pdftex.def)             Requested size: 17.07164pt x 12.43224pt.
[534

]
\openout4 = `Main_Course_MachineLearning_Presentation.vrb'.

(Main_Course_MachineLearning_Presentation.vrb)
File: images/logo_yhk.png Graphic file (type png)
<use images/logo_yhk.png>
Package pdftex.def Info: images/logo_yhk.png  used on input line 72.
(pdftex.def)             Requested size: 17.07164pt x 12.43224pt.
[535

]
\openout4 = `Main_Course_MachineLearning_Presentation.vrb'.

(Main_Course_MachineLearning_Presentation.vrb)
File: images/logo_yhk.png Graphic file (type png)
<use images/logo_yhk.png>
Package pdftex.def Info: images/logo_yhk.png  used on input line 85.
(pdftex.def)             Requested size: 17.07164pt x 12.43224pt.
[536

]) (python_refs.tex
\openout4 = `Main_Course_MachineLearning_Presentation.vrb'.

(Main_Course_MachineLearning_Presentation.vrb)
File: images/logo_yhk.png Graphic file (type png)
<use images/logo_yhk.png>
Package pdftex.def Info: images/logo_yhk.png  used on input line 6.
(pdftex.def)             Requested size: 17.07164pt x 12.43224pt.
[537

]
File: images/logo_yhk.png Graphic file (type png)
<use images/logo_yhk.png>
Package pdftex.def Info: images/logo_yhk.png  used on input line 21.
(pdftex.def)             Requested size: 17.07164pt x 12.43224pt.
[538

]
File: images/logo_yhk.png Graphic file (type png)
<use images/logo_yhk.png>
Package pdftex.def Info: images/logo_yhk.png  used on input line 42.
(pdftex.def)             Requested size: 17.07164pt x 12.43224pt.
[539

])) (workshop_ml_foundations_content.tex (seminar_ml_intro_content.tex (ml_intr
o.tex
\openout4 = `Main_Course_MachineLearning_Presentation.vrb'.

(Main_Course_MachineLearning_Presentation.vrb)
File: images/logo_yhk.png Graphic file (type png)
<use images/logo_yhk.png>
Package pdftex.def Info: images/logo_yhk.png  used on input line 6.
(pdftex.def)             Requested size: 17.07164pt x 12.43224pt.
[540

]
\openout4 = `Main_Course_MachineLearning_Presentation.vrb'.

(Main_Course_MachineLearning_Presentation.vrb)
File: images/logo_yhk.png Graphic file (type png)
<use images/logo_yhk.png>
Package pdftex.def Info: images/logo_yhk.png  used on input line 16.
(pdftex.def)             Requested size: 17.07164pt x 12.43224pt.
[541

]
\openout4 = `Main_Course_MachineLearning_Presentation.vrb'.

(Main_Course_MachineLearning_Presentation.vrb)
File: images/logo_yhk.png Graphic file (type png)
<use images/logo_yhk.png>
Package pdftex.def Info: images/logo_yhk.png  used on input line 29.
(pdftex.def)             Requested size: 17.07164pt x 12.43224pt.
[542

]
\openout4 = `Main_Course_MachineLearning_Presentation.vrb'.

(Main_Course_MachineLearning_Presentation.vrb)
File: images/logo_yhk.png Graphic file (type png)
<use images/logo_yhk.png>
Package pdftex.def Info: images/logo_yhk.png  used on input line 51.
(pdftex.def)             Requested size: 17.07164pt x 12.43224pt.
[543

]
\openout4 = `Main_Course_MachineLearning_Presentation.vrb'.

(Main_Course_MachineLearning_Presentation.vrb)
File: images/logo_yhk.png Graphic file (type png)
<use images/logo_yhk.png>
Package pdftex.def Info: images/logo_yhk.png  used on input line 127.
(pdftex.def)             Requested size: 17.07164pt x 12.43224pt.
[544

]
\openout4 = `Main_Course_MachineLearning_Presentation.vrb'.

(Main_Course_MachineLearning_Presentation.vrb)
File: images/logo_yhk.png Graphic file (type png)
<use images/logo_yhk.png>
Package pdftex.def Info: images/logo_yhk.png  used on input line 138.
(pdftex.def)             Requested size: 17.07164pt x 12.43224pt.
[545

]
\openout4 = `Main_Course_MachineLearning_Presentation.vrb'.

(Main_Course_MachineLearning_Presentation.vrb)
File: images/logo_yhk.png Graphic file (type png)
<use images/logo_yhk.png>
Package pdftex.def Info: images/logo_yhk.png  used on input line 151.
(pdftex.def)             Requested size: 17.07164pt x 12.43224pt.
[546

]
\openout4 = `Main_Course_MachineLearning_Presentation.vrb'.

(Main_Course_MachineLearning_Presentation.vrb)
File: images/logo_yhk.png Graphic file (type png)
<use images/logo_yhk.png>
Package pdftex.def Info: images/logo_yhk.png  used on input line 163.
(pdftex.def)             Requested size: 17.07164pt x 12.43224pt.
[547

]
\openout4 = `Main_Course_MachineLearning_Presentation.vrb'.

(Main_Course_MachineLearning_Presentation.vrb)
File: images/logo_yhk.png Graphic file (type png)
<use images/logo_yhk.png>
Package pdftex.def Info: images/logo_yhk.png  used on input line 173.
(pdftex.def)             Requested size: 17.07164pt x 12.43224pt.
[548

]
\openout4 = `Main_Course_MachineLearning_Presentation.vrb'.

(Main_Course_MachineLearning_Presentation.vrb
<images/tradml.jpg, id=4439, 493.3632pt x 369.5406pt>
File: images/tradml.jpg Graphic file (type jpg)
<use images/tradml.jpg>
Package pdftex.def Info: images/tradml.jpg  used on input line 3.
(pdftex.def)             Requested size: 245.83282pt x 184.13266pt.
)
File: images/logo_yhk.png Graphic file (type png)
<use images/logo_yhk.png>
Package pdftex.def Info: images/logo_yhk.png  used on input line 180.
(pdftex.def)             Requested size: 17.07164pt x 12.43224pt.
[549

 <./images/tradml.jpg>]
\openout4 = `Main_Course_MachineLearning_Presentation.vrb'.

(Main_Course_MachineLearning_Presentation.vrb)
File: images/logo_yhk.png Graphic file (type png)
<use images/logo_yhk.png>
Package pdftex.def Info: images/logo_yhk.png  used on input line 193.
(pdftex.def)             Requested size: 17.07164pt x 12.43224pt.
[550

]
\openout4 = `Main_Course_MachineLearning_Presentation.vrb'.

(Main_Course_MachineLearning_Presentation.vrb
<images/mlteq2.jpeg, id=4452, 1533.73pt x 706.64pt>
File: images/mlteq2.jpeg Graphic file (type jpg)
<use images/mlteq2.jpeg>
Package pdftex.def Info: images/mlteq2.jpeg  used on input line 3.
(pdftex.def)             Requested size: 307.28987pt x 141.57349pt.
)
File: images/logo_yhk.png Graphic file (type png)
<use images/logo_yhk.png>
Package pdftex.def Info: images/logo_yhk.png  used on input line 201.
(pdftex.def)             Requested size: 17.07164pt x 12.43224pt.
[551

 <./images/mlteq2.jpeg>]
\openout4 = `Main_Course_MachineLearning_Presentation.vrb'.

(Main_Course_MachineLearning_Presentation.vrb)
File: images/logo_yhk.png Graphic file (type png)
<use images/logo_yhk.png>
Package pdftex.def Info: images/logo_yhk.png  used on input line 212.
(pdftex.def)             Requested size: 17.07164pt x 12.43224pt.
[552

]
\openout4 = `Main_Course_MachineLearning_Presentation.vrb'.

(Main_Course_MachineLearning_Presentation.vrb)
File: images/logo_yhk.png Graphic file (type png)
<use images/logo_yhk.png>
Package pdftex.def Info: images/logo_yhk.png  used on input line 293.
(pdftex.def)             Requested size: 17.07164pt x 12.43224pt.
[553

]
\openout4 = `Main_Course_MachineLearning_Presentation.vrb'.

(Main_Course_MachineLearning_Presentation.vrb)
File: images/logo_yhk.png Graphic file (type png)
<use images/logo_yhk.png>
Package pdftex.def Info: images/logo_yhk.png  used on input line 305.
(pdftex.def)             Requested size: 17.07164pt x 12.43224pt.
[554

]
\openout4 = `Main_Course_MachineLearning_Presentation.vrb'.

(Main_Course_MachineLearning_Presentation.vrb
<images/datachar.jpg, id=4478, 646.66594pt x 330.48468pt>
File: images/datachar.jpg Graphic file (type jpg)
<use images/datachar.jpg>
Package pdftex.def Info: images/datachar.jpg  used on input line 3.
(pdftex.def)             Requested size: 307.28987pt x 157.04236pt.
)
File: images/logo_yhk.png Graphic file (type png)
<use images/logo_yhk.png>
Package pdftex.def Info: images/logo_yhk.png  used on input line 315.
(pdftex.def)             Requested size: 17.07164pt x 12.43224pt.
[555

 <./images/datachar.jpg>]
\openout4 = `Main_Course_MachineLearning_Presentation.vrb'.

(Main_Course_MachineLearning_Presentation.vrb)
File: images/logo_yhk.png Graphic file (type png)
<use images/logo_yhk.png>
Package pdftex.def Info: images/logo_yhk.png  used on input line 327.
(pdftex.def)             Requested size: 17.07164pt x 12.43224pt.
[556

]
\openout4 = `Main_Course_MachineLearning_Presentation.vrb'.

(Main_Course_MachineLearning_Presentation.vrb)
File: images/logo_yhk.png Graphic file (type png)
<use images/logo_yhk.png>
Package pdftex.def Info: images/logo_yhk.png  used on input line 343.
(pdftex.def)             Requested size: 17.07164pt x 12.43224pt.
[557

]
\openout4 = `Main_Course_MachineLearning_Presentation.vrb'.

(Main_Course_MachineLearning_Presentation.vrb
<images/mathspuzz.png, id=4497, 803.0pt x 389.455pt>
File: images/mathspuzz.png Graphic file (type png)
<use images/mathspuzz.png>
Package pdftex.def Info: images/mathspuzz.png  used on input line 4.
(pdftex.def)             Requested size: 307.28987pt x 149.04033pt.
)
File: images/logo_yhk.png Graphic file (type png)
<use images/logo_yhk.png>
Package pdftex.def Info: images/logo_yhk.png  used on input line 351.
(pdftex.def)             Requested size: 17.07164pt x 12.43224pt.
[558

 <./images/mathspuzz.png>]
\openout4 = `Main_Course_MachineLearning_Presentation.vrb'.

(Main_Course_MachineLearning_Presentation.vrb)
File: images/logo_yhk.png Graphic file (type png)
<use images/logo_yhk.png>
Package pdftex.def Info: images/logo_yhk.png  used on input line 360.
(pdftex.def)             Requested size: 17.07164pt x 12.43224pt.
[559

]
\openout4 = `Main_Course_MachineLearning_Presentation.vrb'.

(Main_Course_MachineLearning_Presentation.vrb)
File: images/logo_yhk.png Graphic file (type png)
<use images/logo_yhk.png>
Package pdftex.def Info: images/logo_yhk.png  used on input line 549.
(pdftex.def)             Requested size: 17.07164pt x 12.43224pt.
[560

]
\openout4 = `Main_Course_MachineLearning_Presentation.vrb'.

(Main_Course_MachineLearning_Presentation.vrb)
File: images/logo_yhk.png Graphic file (type png)
<use images/logo_yhk.png>
Package pdftex.def Info: images/logo_yhk.png  used on input line 559.
(pdftex.def)             Requested size: 17.07164pt x 12.43224pt.
[561

]
\openout4 = `Main_Course_MachineLearning_Presentation.vrb'.

(Main_Course_MachineLearning_Presentation.vrb)
File: images/logo_yhk.png Graphic file (type png)
<use images/logo_yhk.png>
Package pdftex.def Info: images/logo_yhk.png  used on input line 569.
(pdftex.def)             Requested size: 17.07164pt x 12.43224pt.
[562

]
\openout4 = `Main_Course_MachineLearning_Presentation.vrb'.

(Main_Course_MachineLearning_Presentation.vrb)
File: images/logo_yhk.png Graphic file (type png)
<use images/logo_yhk.png>
Package pdftex.def Info: images/logo_yhk.png  used on input line 577.
(pdftex.def)             Requested size: 17.07164pt x 12.43224pt.
[563

]
\openout4 = `Main_Course_MachineLearning_Presentation.vrb'.

(Main_Course_MachineLearning_Presentation.vrb)
File: images/logo_yhk.png Graphic file (type png)
<use images/logo_yhk.png>
Package pdftex.def Info: images/logo_yhk.png  used on input line 588.
(pdftex.def)             Requested size: 17.07164pt x 12.43224pt.
[564

]
\openout4 = `Main_Course_MachineLearning_Presentation.vrb'.

(Main_Course_MachineLearning_Presentation.vrb
<images/mlsupunsup.png, id=4542, 469.0323pt x 198.7425pt>
File: images/mlsupunsup.png Graphic file (type png)
<use images/mlsupunsup.png>
Package pdftex.def Info: images/mlsupunsup.png  used on input line 3.
(pdftex.def)             Requested size: 307.28987pt x 130.21518pt.
)
File: images/logo_yhk.png Graphic file (type png)
<use images/logo_yhk.png>
Package pdftex.def Info: images/logo_yhk.png  used on input line 596.
(pdftex.def)             Requested size: 17.07164pt x 12.43224pt.
[565

 <./images/mlsupunsup.png (PNG copy)>]
\openout4 = `Main_Course_MachineLearning_Presentation.vrb'.

(Main_Course_MachineLearning_Presentation.vrb)
File: images/logo_yhk.png Graphic file (type png)
<use images/logo_yhk.png>
Package pdftex.def Info: images/logo_yhk.png  used on input line 611.
(pdftex.def)             Requested size: 17.07164pt x 12.43224pt.
[566

]
\openout4 = `Main_Course_MachineLearning_Presentation.vrb'.

(Main_Course_MachineLearning_Presentation.vrb)
File: images/logo_yhk.png Graphic file (type png)
<use images/logo_yhk.png>
Package pdftex.def Info: images/logo_yhk.png  used on input line 620.
(pdftex.def)             Requested size: 17.07164pt x 12.43224pt.
[567

]
\openout4 = `Main_Course_MachineLearning_Presentation.vrb'.

(Main_Course_MachineLearning_Presentation.vrb)
File: images/logo_yhk.png Graphic file (type png)
<use images/logo_yhk.png>
Package pdftex.def Info: images/logo_yhk.png  used on input line 630.
(pdftex.def)             Requested size: 17.07164pt x 12.43224pt.
[568

]
\openout4 = `Main_Course_MachineLearning_Presentation.vrb'.

(Main_Course_MachineLearning_Presentation.vrb)
File: images/logo_yhk.png Graphic file (type png)
<use images/logo_yhk.png>
Package pdftex.def Info: images/logo_yhk.png  used on input line 639.
(pdftex.def)             Requested size: 17.07164pt x 12.43224pt.
[569

]
\openout4 = `Main_Course_MachineLearning_Presentation.vrb'.

(Main_Course_MachineLearning_Presentation.vrb)
File: images/logo_yhk.png Graphic file (type png)
<use images/logo_yhk.png>
Package pdftex.def Info: images/logo_yhk.png  used on input line 648.
(pdftex.def)             Requested size: 17.07164pt x 12.43224pt.
[570

]
\openout4 = `Main_Course_MachineLearning_Presentation.vrb'.

(Main_Course_MachineLearning_Presentation.vrb)
File: images/logo_yhk.png Graphic file (type png)
<use images/logo_yhk.png>
Package pdftex.def Info: images/logo_yhk.png  used on input line 658.
(pdftex.def)             Requested size: 17.07164pt x 12.43224pt.
[571

]
\openout4 = `Main_Course_MachineLearning_Presentation.vrb'.

(Main_Course_MachineLearning_Presentation.vrb)
File: images/logo_yhk.png Graphic file (type png)
<use images/logo_yhk.png>
Package pdftex.def Info: images/logo_yhk.png  used on input line 672.
(pdftex.def)             Requested size: 17.07164pt x 12.43224pt.
[572

]
\openout4 = `Main_Course_MachineLearning_Presentation.vrb'.

(Main_Course_MachineLearning_Presentation.vrb)
File: images/logo_yhk.png Graphic file (type png)
<use images/logo_yhk.png>
Package pdftex.def Info: images/logo_yhk.png  used on input line 682.
(pdftex.def)             Requested size: 17.07164pt x 12.43224pt.
[573

]
\openout4 = `Main_Course_MachineLearning_Presentation.vrb'.

(Main_Course_MachineLearning_Presentation.vrb
<images/ml8.png, id=4599, 568.37344pt x 200.24812pt>
File: images/ml8.png Graphic file (type png)
<use images/ml8.png>
Package pdftex.def Info: images/ml8.png  used on input line 4.
(pdftex.def)             Requested size: 307.28987pt x 108.26682pt.
)
File: images/logo_yhk.png Graphic file (type png)
<use images/logo_yhk.png>
Package pdftex.def Info: images/logo_yhk.png  used on input line 827.
(pdftex.def)             Requested size: 17.07164pt x 12.43224pt.
[574

 <./images/ml8.png>]
\openout4 = `Main_Course_MachineLearning_Presentation.vrb'.

(Main_Course_MachineLearning_Presentation.vrb
<images/ml9.png, id=4606, 566.115pt x 232.61906pt>
File: images/ml9.png Graphic file (type png)
<use images/ml9.png>
Package pdftex.def Info: images/ml9.png  used on input line 4.
(pdftex.def)             Requested size: 307.28987pt x 126.26906pt.
)
File: images/logo_yhk.png Graphic file (type png)
<use images/logo_yhk.png>
Package pdftex.def Info: images/logo_yhk.png  used on input line 838.
(pdftex.def)             Requested size: 17.07164pt x 12.43224pt.
[575

 <./images/ml9.png>]
\openout4 = `Main_Course_MachineLearning_Presentation.vrb'.

(Main_Course_MachineLearning_Presentation.vrb
<images/ml10.png, id=4613, 545.03625pt x 195.73125pt>
File: images/ml10.png Graphic file (type png)
<use images/ml10.png>
Package pdftex.def Info: images/ml10.png  used on input line 4.
(pdftex.def)             Requested size: 307.28987pt x 110.3524pt.
)
File: images/logo_yhk.png Graphic file (type png)
<use images/logo_yhk.png>
Package pdftex.def Info: images/logo_yhk.png  used on input line 850.
(pdftex.def)             Requested size: 17.07164pt x 12.43224pt.
[576

 <./images/ml10.png>]
\openout4 = `Main_Course_MachineLearning_Presentation.vrb'.

(Main_Course_MachineLearning_Presentation.vrb
<images/ml11.png, id=4620, 530.73282pt x 229.60782pt>
File: images/ml11.png Graphic file (type png)
<use images/ml11.png>
Package pdftex.def Info: images/ml11.png  used on input line 4.
(pdftex.def)             Requested size: 307.28987pt x 132.94139pt.
)
File: images/logo_yhk.png Graphic file (type png)
<use images/logo_yhk.png>
Package pdftex.def Info: images/logo_yhk.png  used on input line 862.
(pdftex.def)             Requested size: 17.07164pt x 12.43224pt.
[577

 <./images/ml11.png>]
\openout4 = `Main_Course_MachineLearning_Presentation.vrb'.

(Main_Course_MachineLearning_Presentation.vrb
<images/ml12.png, id=4628, 576.65437pt x 202.50656pt>
File: images/ml12.png Graphic file (type png)
<use images/ml12.png>
Package pdftex.def Info: images/ml12.png  used on input line 4.
(pdftex.def)             Requested size: 307.28987pt x 107.91505pt.
)
File: images/logo_yhk.png Graphic file (type png)
<use images/logo_yhk.png>
Package pdftex.def Info: images/logo_yhk.png  used on input line 874.
(pdftex.def)             Requested size: 17.07164pt x 12.43224pt.
[578

 <./images/ml12.png>]
\openout4 = `Main_Course_MachineLearning_Presentation.vrb'.

(Main_Course_MachineLearning_Presentation.vrb
<images/ml6.png, id=4635, 618.81187pt x 194.97844pt>
File: images/ml6.png Graphic file (type png)
<use images/ml6.png>
Package pdftex.def Info: images/ml6.png  used on input line 4.
(pdftex.def)             Requested size: 307.28987pt x 96.82552pt.
)
File: images/logo_yhk.png Graphic file (type png)
<use images/logo_yhk.png>
Package pdftex.def Info: images/logo_yhk.png  used on input line 918.
(pdftex.def)             Requested size: 17.07164pt x 12.43224pt.
[579

 <./images/ml6.png>]
\openout4 = `Main_Course_MachineLearning_Presentation.vrb'.

(Main_Course_MachineLearning_Presentation.vrb
<images/ml7.png, id=4642, 612.03656pt x 212.29312pt>
File: images/ml7.png Graphic file (type png)
<use images/ml7.png>
Package pdftex.def Info: images/ml7.png  used on input line 4.
(pdftex.def)             Requested size: 307.28987pt x 106.58684pt.
)
File: images/logo_yhk.png Graphic file (type png)
<use images/logo_yhk.png>
Package pdftex.def Info: images/logo_yhk.png  used on input line 929.
(pdftex.def)             Requested size: 17.07164pt x 12.43224pt.
[580

 <./images/ml7.png>]
\openout4 = `Main_Course_MachineLearning_Presentation.vrb'.

(Main_Course_MachineLearning_Presentation.vrb
<images/ml16.png, id=4649, 599.99156pt x 186.6975pt>
File: images/ml16.png Graphic file (type png)
<use images/ml16.png>
Package pdftex.def Info: images/ml16.png  used on input line 4.
(pdftex.def)             Requested size: 307.28987pt x 95.61899pt.
)
File: images/logo_yhk.png Graphic file (type png)
<use images/logo_yhk.png>
Package pdftex.def Info: images/logo_yhk.png  used on input line 938.
(pdftex.def)             Requested size: 17.07164pt x 12.43224pt.
[581

 <./images/ml16.png>]
\openout4 = `Main_Course_MachineLearning_Presentation.vrb'.

(Main_Course_MachineLearning_Presentation.vrb
<images/ml17.png, id=4656, 569.12625pt x 148.30406pt>
File: images/ml17.png Graphic file (type png)
<use images/ml17.png>
Package pdftex.def Info: images/ml17.png  used on input line 4.
(pdftex.def)             Requested size: 307.28987pt x 80.07846pt.
)
File: images/logo_yhk.png Graphic file (type png)
<use images/logo_yhk.png>
Package pdftex.def Info: images/logo_yhk.png  used on input line 949.
(pdftex.def)             Requested size: 17.07164pt x 12.43224pt.
[582

 <./images/ml17.png>]
\openout4 = `Main_Course_MachineLearning_Presentation.vrb'.

(Main_Course_MachineLearning_Presentation.vrb)
File: images/logo_yhk.png Graphic file (type png)
<use images/logo_yhk.png>
Package pdftex.def Info: images/logo_yhk.png  used on input line 1182.
(pdftex.def)             Requested size: 17.07164pt x 12.43224pt.
[583

]
\openout4 = `Main_Course_MachineLearning_Presentation.vrb'.

(Main_Course_MachineLearning_Presentation.vrb
<images/housing1.png, id=4670, 823.075pt x 449.68pt>
File: images/housing1.png Graphic file (type png)
<use images/housing1.png>
Package pdftex.def Info: images/housing1.png  used on input line 3.
(pdftex.def)             Requested size: 184.3758pt x 100.72763pt.
<images/housing2.png, id=4671, 803.0pt x 150.5625pt>
File: images/housing2.png Graphic file (type png)
<use images/housing2.png>
Package pdftex.def Info: images/housing2.png  used on input line 6.
(pdftex.def)             Requested size: 184.3758pt x 34.56891pt.
)
File: images/logo_yhk.png Graphic file (type png)
<use images/logo_yhk.png>
Package pdftex.def Info: images/logo_yhk.png  used on input line 1192.
(pdftex.def)             Requested size: 17.07164pt x 12.43224pt.
[584

 <./images/housing1.png (PNG copy)> <./images/housing2.png (PNG copy)>]
\openout4 = `Main_Course_MachineLearning_Presentation.vrb'.

(Main_Course_MachineLearning_Presentation.vrb)
File: images/logo_yhk.png Graphic file (type png)
<use images/logo_yhk.png>
Package pdftex.def Info: images/logo_yhk.png  used on input line 1202.
(pdftex.def)             Requested size: 17.07164pt x 12.43224pt.
[585

]
\openout4 = `Main_Course_MachineLearning_Presentation.vrb'.

(Main_Course_MachineLearning_Presentation.vrb)
File: images/logo_yhk.png Graphic file (type png)
<use images/logo_yhk.png>
Package pdftex.def Info: images/logo_yhk.png  used on input line 1245.
(pdftex.def)             Requested size: 17.07164pt x 12.43224pt.
[586

]
\openout4 = `Main_Course_MachineLearning_Presentation.vrb'.

(Main_Course_MachineLearning_Presentation.vrb)
File: images/logo_yhk.png Graphic file (type png)
<use images/logo_yhk.png>
Package pdftex.def Info: images/logo_yhk.png  used on input line 1260.
(pdftex.def)             Requested size: 17.07164pt x 12.43224pt.
[587

]
\openout4 = `Main_Course_MachineLearning_Presentation.vrb'.

(Main_Course_MachineLearning_Presentation.vrb)
File: images/logo_yhk.png Graphic file (type png)
<use images/logo_yhk.png>
Package pdftex.def Info: images/logo_yhk.png  used on input line 1283.
(pdftex.def)             Requested size: 17.07164pt x 12.43224pt.
[588

]
\openout4 = `Main_Course_MachineLearning_Presentation.vrb'.

(Main_Course_MachineLearning_Presentation.vrb)
File: images/logo_yhk.png Graphic file (type png)
<use images/logo_yhk.png>
Package pdftex.def Info: images/logo_yhk.png  used on input line 1297.
(pdftex.def)             Requested size: 17.07164pt x 12.43224pt.
[589

]
\openout4 = `Main_Course_MachineLearning_Presentation.vrb'.

(Main_Course_MachineLearning_Presentation.vrb
<images/housing4.png, id=4709, 803.0pt x 347.2975pt>
File: images/housing4.png Graphic file (type png)
<use images/housing4.png>
Package pdftex.def Info: images/housing4.png  used on input line 4.
(pdftex.def)             Requested size: 245.83282pt x 106.32037pt.
)
File: images/logo_yhk.png Graphic file (type png)
<use images/logo_yhk.png>
Package pdftex.def Info: images/logo_yhk.png  used on input line 1306.
(pdftex.def)             Requested size: 17.07164pt x 12.43224pt.
[590

 <./images/housing4.png (PNG copy)>]
\openout4 = `Main_Course_MachineLearning_Presentation.vrb'.

(Main_Course_MachineLearning_Presentation.vrb)
File: images/logo_yhk.png Graphic file (type png)
<use images/logo_yhk.png>
Package pdftex.def Info: images/logo_yhk.png  used on input line 1319.
(pdftex.def)             Requested size: 17.07164pt x 12.43224pt.
[591

]
\openout4 = `Main_Course_MachineLearning_Presentation.vrb'.

(Main_Course_MachineLearning_Presentation.vrb)
File: images/logo_yhk.png Graphic file (type png)
<use images/logo_yhk.png>
Package pdftex.def Info: images/logo_yhk.png  used on input line 1328.
(pdftex.def)             Requested size: 17.07164pt x 12.43224pt.
[592

]
\openout4 = `Main_Course_MachineLearning_Presentation.vrb'.

(Main_Course_MachineLearning_Presentation.vrb
<images/costeqn.png, id=4728, 803.0pt x 200.75pt>
File: images/costeqn.png Graphic file (type png)
<use images/costeqn.png>
Package pdftex.def Info: images/costeqn.png  used on input line 3.
(pdftex.def)             Requested size: 245.83282pt x 61.45686pt.
)
File: images/logo_yhk.png Graphic file (type png)
<use images/logo_yhk.png>
Package pdftex.def Info: images/logo_yhk.png  used on input line 1335.
(pdftex.def)             Requested size: 17.07164pt x 12.43224pt.
[593

 <./images/costeqn.png (PNG copy)>]
\openout4 = `Main_Course_MachineLearning_Presentation.vrb'.

(Main_Course_MachineLearning_Presentation.vrb
<images/costgrph.png, id=4735, 803.0pt x 559.08875pt>
File: images/costgrph.png Graphic file (type png)
<use images/costgrph.png>
Package pdftex.def Info: images/costgrph.png  used on input line 4.
(pdftex.def)             Requested size: 245.83282pt x 171.15736pt.
)
File: images/logo_yhk.png Graphic file (type png)
<use images/logo_yhk.png>
Package pdftex.def Info: images/logo_yhk.png  used on input line 1343.
(pdftex.def)             Requested size: 17.07164pt x 12.43224pt.
[594

 <./images/costgrph.png (PNG copy)>]
\openout4 = `Main_Course_MachineLearning_Presentation.vrb'.

(Main_Course_MachineLearning_Presentation.vrb
<images/costgrph1.png, id=4742, 803.0pt x 559.08875pt>
File: images/costgrph1.png Graphic file (type png)
<use images/costgrph1.png>
Package pdftex.def Info: images/costgrph1.png  used on input line 6.
(pdftex.def)             Requested size: 245.83282pt x 171.15736pt.
)
File: images/logo_yhk.png Graphic file (type png)
<use images/logo_yhk.png>
Package pdftex.def Info: images/logo_yhk.png  used on input line 1353.
(pdftex.def)             Requested size: 17.07164pt x 12.43224pt.
[595

 <./images/costgrph1.png (PNG copy)>]
\openout4 = `Main_Course_MachineLearning_Presentation.vrb'.

(Main_Course_MachineLearning_Presentation.vrb)
File: images/logo_yhk.png Graphic file (type png)
<use images/logo_yhk.png>
Package pdftex.def Info: images/logo_yhk.png  used on input line 1368.
(pdftex.def)             Requested size: 17.07164pt x 12.43224pt.
[596

]
\openout4 = `Main_Course_MachineLearning_Presentation.vrb'.

(Main_Course_MachineLearning_Presentation.vrb
<images/wtupdate_algo.png, id=4756, 301.125pt x 148.555pt>
File: images/wtupdate_algo.png Graphic file (type png)
<use images/wtupdate_algo.png>
Package pdftex.def Info: images/wtupdate_algo.png  used on input line 4.
(pdftex.def)             Requested size: 153.64493pt x 75.80057pt.
)
File: images/logo_yhk.png Graphic file (type png)
<use images/logo_yhk.png>
Package pdftex.def Info: images/logo_yhk.png  used on input line 1376.
(pdftex.def)             Requested size: 17.07164pt x 12.43224pt.
[597

 <./images/wtupdate_algo.png (PNG copy)>]
\openout4 = `Main_Course_MachineLearning_Presentation.vrb'.

(Main_Course_MachineLearning_Presentation.vrb)
File: images/logo_yhk.png Graphic file (type png)
<use images/logo_yhk.png>
Package pdftex.def Info: images/logo_yhk.png  used on input line 1404.
(pdftex.def)             Requested size: 17.07164pt x 12.43224pt.
[598

]
\openout4 = `Main_Course_MachineLearning_Presentation.vrb'.

(Main_Course_MachineLearning_Presentation.vrb)
File: images/logo_yhk.png Graphic file (type png)
<use images/logo_yhk.png>
Package pdftex.def Info: images/logo_yhk.png  used on input line 1695.
(pdftex.def)             Requested size: 17.07164pt x 12.43224pt.
[599

]
\openout4 = `Main_Course_MachineLearning_Presentation.vrb'.

(Main_Course_MachineLearning_Presentation.vrb)
File: images/logo_yhk.png Graphic file (type png)
<use images/logo_yhk.png>
Package pdftex.def Info: images/logo_yhk.png  used on input line 1720.
(pdftex.def)             Requested size: 17.07164pt x 12.43224pt.
[600

]
\openout4 = `Main_Course_MachineLearning_Presentation.vrb'.

(Main_Course_MachineLearning_Presentation.vrb)
File: images/logo_yhk.png Graphic file (type png)
<use images/logo_yhk.png>
Package pdftex.def Info: images/logo_yhk.png  used on input line 1741.
(pdftex.def)             Requested size: 17.07164pt x 12.43224pt.
[601

]
\openout4 = `Main_Course_MachineLearning_Presentation.vrb'.

(Main_Course_MachineLearning_Presentation.vrb)
File: images/logo_yhk.png Graphic file (type png)
<use images/logo_yhk.png>
Package pdftex.def Info: images/logo_yhk.png  used on input line 1753.
(pdftex.def)             Requested size: 17.07164pt x 12.43224pt.
[602

]
\openout4 = `Main_Course_MachineLearning_Presentation.vrb'.

(Main_Course_MachineLearning_Presentation.vrb)
File: images/logo_yhk.png Graphic file (type png)
<use images/logo_yhk.png>
Package pdftex.def Info: images/logo_yhk.png  used on input line 1762.
(pdftex.def)             Requested size: 17.07164pt x 12.43224pt.
[603

]) (ml_concepts_short.tex
\openout4 = `Main_Course_MachineLearning_Presentation.vrb'.

(Main_Course_MachineLearning_Presentation.vrb)
File: images/logo_yhk.png Graphic file (type png)
<use images/logo_yhk.png>
Package pdftex.def Info: images/logo_yhk.png  used on input line 6.
(pdftex.def)             Requested size: 17.07164pt x 12.43224pt.
[604

]
\openout4 = `Main_Course_MachineLearning_Presentation.vrb'.

(Main_Course_MachineLearning_Presentation.vrb)
File: images/logo_yhk.png Graphic file (type png)
<use images/logo_yhk.png>
Package pdftex.def Info: images/logo_yhk.png  used on input line 13.
(pdftex.def)             Requested size: 17.07164pt x 12.43224pt.
[605

]
\openout4 = `Main_Course_MachineLearning_Presentation.vrb'.

(Main_Course_MachineLearning_Presentation.vrb
LaTeX Font Info:    Font shape `OT1/lmss/b/n' in size <8> not available
(Font)              Font shape `OT1/lmss/bx/n' tried instead on input line 6.
)
File: images/logo_yhk.png Graphic file (type png)
<use images/logo_yhk.png>
Package pdftex.def Info: images/logo_yhk.png  used on input line 30.
(pdftex.def)             Requested size: 17.07164pt x 12.43224pt.
[606

]
\openout4 = `Main_Course_MachineLearning_Presentation.vrb'.

(Main_Course_MachineLearning_Presentation.vrb)
File: images/logo_yhk.png Graphic file (type png)
<use images/logo_yhk.png>
Package pdftex.def Info: images/logo_yhk.png  used on input line 45.
(pdftex.def)             Requested size: 17.07164pt x 12.43224pt.
[607

]
\openout4 = `Main_Course_MachineLearning_Presentation.vrb'.

(Main_Course_MachineLearning_Presentation.vrb)
LaTeX Font Info:    External font `lmex10' loaded for size
(Font)              <10> on input line 58.
LaTeX Font Info:    Font shape `OT1/lmss/b/n' in size <10> not available
(Font)              Font shape `OT1/lmss/bx/n' tried instead on input line 58.
LaTeX Font Info:    Font shape `OT1/lmss/m/it' in size <10> not available
(Font)              Font shape `OT1/lmss/m/sl' tried instead on input line 58.
File: images/logo_yhk.png Graphic file (type png)
<use images/logo_yhk.png>
Package pdftex.def Info: images/logo_yhk.png  used on input line 58.
(pdftex.def)             Requested size: 17.07164pt x 12.43224pt.
[608

]
\openout4 = `Main_Course_MachineLearning_Presentation.vrb'.

(Main_Course_MachineLearning_Presentation.vrb)
File: images/logo_yhk.png Graphic file (type png)
<use images/logo_yhk.png>
Package pdftex.def Info: images/logo_yhk.png  used on input line 68.
(pdftex.def)             Requested size: 17.07164pt x 12.43224pt.
[609

]
\openout4 = `Main_Course_MachineLearning_Presentation.vrb'.

(Main_Course_MachineLearning_Presentation.vrb)
File: images/logo_yhk.png Graphic file (type png)
<use images/logo_yhk.png>
Package pdftex.def Info: images/logo_yhk.png  used on input line 85.
(pdftex.def)             Requested size: 17.07164pt x 12.43224pt.
[610

]
\openout4 = `Main_Course_MachineLearning_Presentation.vrb'.

(Main_Course_MachineLearning_Presentation.vrb)
File: images/logo_yhk.png Graphic file (type png)
<use images/logo_yhk.png>
Package pdftex.def Info: images/logo_yhk.png  used on input line 113.
(pdftex.def)             Requested size: 17.07164pt x 12.43224pt.
[611

]
\openout4 = `Main_Course_MachineLearning_Presentation.vrb'.

(Main_Course_MachineLearning_Presentation.vrb)
File: images/logo_yhk.png Graphic file (type png)
<use images/logo_yhk.png>
Package pdftex.def Info: images/logo_yhk.png  used on input line 132.
(pdftex.def)             Requested size: 17.07164pt x 12.43224pt.
[612

]
\openout4 = `Main_Course_MachineLearning_Presentation.vrb'.

(Main_Course_MachineLearning_Presentation.vrb)
File: images/logo_yhk.png Graphic file (type png)
<use images/logo_yhk.png>
Package pdftex.def Info: images/logo_yhk.png  used on input line 151.
(pdftex.def)             Requested size: 17.07164pt x 12.43224pt.
[613

]
\openout4 = `Main_Course_MachineLearning_Presentation.vrb'.

(Main_Course_MachineLearning_Presentation.vrb)
File: images/logo_yhk.png Graphic file (type png)
<use images/logo_yhk.png>
Package pdftex.def Info: images/logo_yhk.png  used on input line 194.
(pdftex.def)             Requested size: 17.07164pt x 12.43224pt.
[614

]
\openout4 = `Main_Course_MachineLearning_Presentation.vrb'.

(Main_Course_MachineLearning_Presentation.vrb)
File: images/logo_yhk.png Graphic file (type png)
<use images/logo_yhk.png>
Package pdftex.def Info: images/logo_yhk.png  used on input line 281.
(pdftex.def)             Requested size: 17.07164pt x 12.43224pt.
[615

]
\openout4 = `Main_Course_MachineLearning_Presentation.vrb'.

(Main_Course_MachineLearning_Presentation.vrb)
File: images/logo_yhk.png Graphic file (type png)
<use images/logo_yhk.png>
Package pdftex.def Info: images/logo_yhk.png  used on input line 288.
(pdftex.def)             Requested size: 17.07164pt x 12.43224pt.
[616

]
\openout4 = `Main_Course_MachineLearning_Presentation.vrb'.

(Main_Course_MachineLearning_Presentation.vrb)
File: images/logo_yhk.png Graphic file (type png)
<use images/logo_yhk.png>
Package pdftex.def Info: images/logo_yhk.png  used on input line 295.
(pdftex.def)             Requested size: 17.07164pt x 12.43224pt.
[617

]
\openout4 = `Main_Course_MachineLearning_Presentation.vrb'.

(Main_Course_MachineLearning_Presentation.vrb)
File: images/logo_yhk.png Graphic file (type png)
<use images/logo_yhk.png>
Package pdftex.def Info: images/logo_yhk.png  used on input line 306.
(pdftex.def)             Requested size: 17.07164pt x 12.43224pt.
[618

]
\openout4 = `Main_Course_MachineLearning_Presentation.vrb'.

(Main_Course_MachineLearning_Presentation.vrb
<images/traintest.png, id=4961, 858.95906pt x 639.89063pt>
File: images/traintest.png Graphic file (type png)
<use images/traintest.png>
Package pdftex.def Info: images/traintest.png  used on input line 3.
(pdftex.def)             Requested size: 245.83282pt x 183.13231pt.
)
File: images/logo_yhk.png Graphic file (type png)
<use images/logo_yhk.png>
Package pdftex.def Info: images/logo_yhk.png  used on input line 316.
(pdftex.def)             Requested size: 17.07164pt x 12.43224pt.
[619

 <./images/traintest.png>]
\openout4 = `Main_Course_MachineLearning_Presentation.vrb'.

(Main_Course_MachineLearning_Presentation.vrb)
File: images/logo_yhk.png Graphic file (type png)
<use images/logo_yhk.png>
Package pdftex.def Info: images/logo_yhk.png  used on input line 331.
(pdftex.def)             Requested size: 17.07164pt x 12.43224pt.
[620

]
\openout4 = `Main_Course_MachineLearning_Presentation.vrb'.

(Main_Course_MachineLearning_Presentation.vrb)
File: images/logo_yhk.png Graphic file (type png)
<use images/logo_yhk.png>
Package pdftex.def Info: images/logo_yhk.png  used on input line 375.
(pdftex.def)             Requested size: 17.07164pt x 12.43224pt.
[621

]
\openout4 = `Main_Course_MachineLearning_Presentation.vrb'.

(Main_Course_MachineLearning_Presentation.vrb
<images/kfold.png, id=4982, 1059.96pt x 603.0028pt>
File: images/kfold.png Graphic file (type png)
<use images/kfold.png>
Package pdftex.def Info: images/kfold.png  used on input line 3.
(pdftex.def)             Requested size: 230.46739pt x 131.10603pt.
)
File: images/logo_yhk.png Graphic file (type png)
<use images/logo_yhk.png>
Package pdftex.def Info: images/logo_yhk.png  used on input line 386.
(pdftex.def)             Requested size: 17.07164pt x 12.43224pt.
[622

 <./images/kfold.png>]
\openout4 = `Main_Course_MachineLearning_Presentation.vrb'.

(Main_Course_MachineLearning_Presentation.vrb)
File: images/logo_yhk.png Graphic file (type png)
<use images/logo_yhk.png>
Package pdftex.def Info: images/logo_yhk.png  used on input line 393.
(pdftex.def)             Requested size: 17.07164pt x 12.43224pt.
[623

]
\openout4 = `Main_Course_MachineLearning_Presentation.vrb'.

(Main_Course_MachineLearning_Presentation.vrb)
File: images/logo_yhk.png Graphic file (type png)
<use images/logo_yhk.png>
Package pdftex.def Info: images/logo_yhk.png  used on input line 400.
(pdftex.def)             Requested size: 17.07164pt x 12.43224pt.
[624

]
\openout4 = `Main_Course_MachineLearning_Presentation.vrb'.

(Main_Course_MachineLearning_Presentation.vrb)
File: images/logo_yhk.png Graphic file (type png)
<use images/logo_yhk.png>
Package pdftex.def Info: images/logo_yhk.png  used on input line 412.
(pdftex.def)             Requested size: 17.07164pt x 12.43224pt.
[625

]
\openout4 = `Main_Course_MachineLearning_Presentation.vrb'.

(Main_Course_MachineLearning_Presentation.vrb)
File: images/logo_yhk.png Graphic file (type png)
<use images/logo_yhk.png>
Package pdftex.def Info: images/logo_yhk.png  used on input line 469.
(pdftex.def)             Requested size: 17.07164pt x 12.43224pt.
[626

]
\openout4 = `Main_Course_MachineLearning_Presentation.vrb'.

(Main_Course_MachineLearning_Presentation.vrb)
File: images/logo_yhk.png Graphic file (type png)
<use images/logo_yhk.png>
Package pdftex.def Info: images/logo_yhk.png  used on input line 485.
(pdftex.def)             Requested size: 17.07164pt x 12.43224pt.
[627

]
\openout4 = `Main_Course_MachineLearning_Presentation.vrb'.

(Main_Course_MachineLearning_Presentation.vrb)
File: images/logo_yhk.png Graphic file (type png)
<use images/logo_yhk.png>
Package pdftex.def Info: images/logo_yhk.png  used on input line 492.
(pdftex.def)             Requested size: 17.07164pt x 12.43224pt.
[628

]
\openout4 = `Main_Course_MachineLearning_Presentation.vrb'.

(Main_Course_MachineLearning_Presentation.vrb)
File: images/logo_yhk.png Graphic file (type png)
<use images/logo_yhk.png>
Package pdftex.def Info: images/logo_yhk.png  used on input line 502.
(pdftex.def)             Requested size: 17.07164pt x 12.43224pt.
[629

]
\openout4 = `Main_Course_MachineLearning_Presentation.vrb'.

(Main_Course_MachineLearning_Presentation.vrb)
File: images/logo_yhk.png Graphic file (type png)
<use images/logo_yhk.png>
Package pdftex.def Info: images/logo_yhk.png  used on input line 524.
(pdftex.def)             Requested size: 17.07164pt x 12.43224pt.
[630

]
\openout4 = `Main_Course_MachineLearning_Presentation.vrb'.

(Main_Course_MachineLearning_Presentation.vrb
<images/confmat1.png, id=5057, 479.54156pt x 239.39438pt>
File: images/confmat1.png Graphic file (type png)
<use images/confmat1.png>
Package pdftex.def Info: images/confmat1.png  used on input line 4.
(pdftex.def)             Requested size: 245.83282pt x 122.7251pt.
)
File: images/logo_yhk.png Graphic file (type png)
<use images/logo_yhk.png>
Package pdftex.def Info: images/logo_yhk.png  used on input line 548.
(pdftex.def)             Requested size: 17.07164pt x 12.43224pt.
[631

 <./images/confmat1.png>]
\openout4 = `Main_Course_MachineLearning_Presentation.vrb'.

(Main_Course_MachineLearning_Presentation.vrb
<images/confmat5.png, id=5065, 525.46312pt x 196.48407pt>
File: images/confmat5.png Graphic file (type png)
<use images/confmat5.png>
Package pdftex.def Info: images/confmat5.png  used on input line 4.
(pdftex.def)             Requested size: 245.83282pt x 91.92178pt.
)
File: images/logo_yhk.png Graphic file (type png)
<use images/logo_yhk.png>
Package pdftex.def Info: images/logo_yhk.png  used on input line 604.
(pdftex.def)             Requested size: 17.07164pt x 12.43224pt.
[632

 <./images/confmat5.png>]
\openout4 = `Main_Course_MachineLearning_Presentation.vrb'.

(Main_Course_MachineLearning_Presentation.vrb
<images/confmat6.png, id=5072, 532.99126pt x 196.48407pt>
File: images/confmat6.png Graphic file (type png)
<use images/confmat6.png>
Package pdftex.def Info: images/confmat6.png  used on input line 8.
(pdftex.def)             Requested size: 245.83282pt x 90.62361pt.
)
File: images/logo_yhk.png Graphic file (type png)
<use images/logo_yhk.png>
Package pdftex.def Info: images/logo_yhk.png  used on input line 618.
(pdftex.def)             Requested size: 17.07164pt x 12.43224pt.
[633

 <./images/confmat6.png>]
\openout4 = `Main_Course_MachineLearning_Presentation.vrb'.

(Main_Course_MachineLearning_Presentation.vrb
<images/confmat7.png, id=5079, 545.03625pt x 196.48407pt>
File: images/confmat7.png Graphic file (type png)
<use images/confmat7.png>
Package pdftex.def Info: images/confmat7.png  used on input line 7.
(pdftex.def)             Requested size: 245.83282pt x 88.62088pt.
)
File: images/logo_yhk.png Graphic file (type png)
<use images/logo_yhk.png>
Package pdftex.def Info: images/logo_yhk.png  used on input line 632.
(pdftex.def)             Requested size: 17.07164pt x 12.43224pt.
[634

 <./images/confmat7.png>]
\openout4 = `Main_Course_MachineLearning_Presentation.vrb'.

(Main_Course_MachineLearning_Presentation.vrb
<images/confmat8.png, id=5086, 537.50812pt x 196.48407pt>
File: images/confmat8.png Graphic file (type png)
<use images/confmat8.png>
Package pdftex.def Info: images/confmat8.png  used on input line 8.
(pdftex.def)             Requested size: 245.83282pt x 89.86209pt.
)
File: images/logo_yhk.png Graphic file (type png)
<use images/logo_yhk.png>
Package pdftex.def Info: images/logo_yhk.png  used on input line 646.
(pdftex.def)             Requested size: 17.07164pt x 12.43224pt.
[635

 <./images/confmat8.png>]
\openout4 = `Main_Course_MachineLearning_Presentation.vrb'.

(Main_Course_MachineLearning_Presentation.vrb)
File: images/logo_yhk.png Graphic file (type png)
<use images/logo_yhk.png>
Package pdftex.def Info: images/logo_yhk.png  used on input line 662.
(pdftex.def)             Requested size: 17.07164pt x 12.43224pt.
[636

]
\openout4 = `Main_Course_MachineLearning_Presentation.vrb'.

(Main_Course_MachineLearning_Presentation.vrb
<images/confmat9.png, id=5099, 543.53062pt x 196.48407pt>
File: images/confmat9.png Graphic file (type png)
<use images/confmat9.png>
Package pdftex.def Info: images/confmat9.png  used on input line 7.
(pdftex.def)             Requested size: 215.10196pt x 77.75876pt.
)
File: images/logo_yhk.png Graphic file (type png)
<use images/logo_yhk.png>
Package pdftex.def Info: images/logo_yhk.png  used on input line 711.
(pdftex.def)             Requested size: 17.07164pt x 12.43224pt.
[637

 <./images/confmat9.png>]
\openout4 = `Main_Course_MachineLearning_Presentation.vrb'.

(Main_Course_MachineLearning_Presentation.vrb)
File: images/logo_yhk.png Graphic file (type png)
<use images/logo_yhk.png>
Package pdftex.def Info: images/logo_yhk.png  used on input line 726.
(pdftex.def)             Requested size: 17.07164pt x 12.43224pt.
[638

]
\openout4 = `Main_Course_MachineLearning_Presentation.vrb'.

(Main_Course_MachineLearning_Presentation.vrb
File: images/confmat7.png Graphic file (type png)
<use images/confmat7.png>
Package pdftex.def Info: images/confmat7.png  used on input line 8.
(pdftex.def)             Requested size: 215.10196pt x 77.5429pt.
)
File: images/logo_yhk.png Graphic file (type png)
<use images/logo_yhk.png>
Package pdftex.def Info: images/logo_yhk.png  used on input line 740.
(pdftex.def)             Requested size: 17.07164pt x 12.43224pt.
[639

]
\openout4 = `Main_Course_MachineLearning_Presentation.vrb'.

(Main_Course_MachineLearning_Presentation.vrb)
File: images/logo_yhk.png Graphic file (type png)
<use images/logo_yhk.png>
Package pdftex.def Info: images/logo_yhk.png  used on input line 754.
(pdftex.def)             Requested size: 17.07164pt x 12.43224pt.
[640

]
\openout4 = `Main_Course_MachineLearning_Presentation.vrb'.

(Main_Course_MachineLearning_Presentation.vrb
Underfull \hbox (badness 10000) in paragraph at lines 11--11
[]|\OT1/lmss/m/n/8 False Pos-i-tives (false
 []


Underfull \hbox (badness 10000) in paragraph at lines 13--13
[]|\OT1/lmss/m/n/8 A miss is ex-pen-sive:
 []

)
File: images/logo_yhk.png Graphic file (type png)
<use images/logo_yhk.png>
Package pdftex.def Info: images/logo_yhk.png  used on input line 774.
(pdftex.def)             Requested size: 17.07164pt x 12.43224pt.
[641

]
\openout4 = `Main_Course_MachineLearning_Presentation.vrb'.

(Main_Course_MachineLearning_Presentation.vrb
<images/confmat10.png, id=5149, 535.2497pt x 196.48407pt>
File: images/confmat10.png Graphic file (type png)
<use images/confmat10.png>
Package pdftex.def Info: images/confmat10.png  used on input line 7.
(pdftex.def)             Requested size: 245.83282pt x 90.24284pt.
)
File: images/logo_yhk.png Graphic file (type png)
<use images/logo_yhk.png>
Package pdftex.def Info: images/logo_yhk.png  used on input line 787.
(pdftex.def)             Requested size: 17.07164pt x 12.43224pt.
[642

 <./images/confmat10.png>]
\openout4 = `Main_Course_MachineLearning_Presentation.vrb'.

(Main_Course_MachineLearning_Presentation.vrb
<images/confmat.png, id=5156, 486.31688pt x 204.01219pt>
File: images/confmat.png Graphic file (type png)
<use images/confmat.png>
Package pdftex.def Info: images/confmat.png  used on input line 3.
(pdftex.def)             Requested size: 276.559pt x 116.01732pt.
)
File: images/logo_yhk.png Graphic file (type png)
<use images/logo_yhk.png>
Package pdftex.def Info: images/logo_yhk.png  used on input line 797.
(pdftex.def)             Requested size: 17.07164pt x 12.43224pt.
[643

 <./images/confmat.png>]
\openout4 = `Main_Course_MachineLearning_Presentation.vrb'.

(Main_Course_MachineLearning_Presentation.vrb)
File: images/logo_yhk.png Graphic file (type png)
<use images/logo_yhk.png>
Package pdftex.def Info: images/logo_yhk.png  used on input line 807.
(pdftex.def)             Requested size: 17.07164pt x 12.43224pt.
[644

]
\openout4 = `Main_Course_MachineLearning_Presentation.vrb'.

(Main_Course_MachineLearning_Presentation.vrb)
File: images/logo_yhk.png Graphic file (type png)
<use images/logo_yhk.png>
Package pdftex.def Info: images/logo_yhk.png  used on input line 818.
(pdftex.def)             Requested size: 17.07164pt x 12.43224pt.
[645

]
\openout4 = `Main_Course_MachineLearning_Presentation.vrb'.

(Main_Course_MachineLearning_Presentation.vrb)
File: images/logo_yhk.png Graphic file (type png)
<use images/logo_yhk.png>
Package pdftex.def Info: images/logo_yhk.png  used on input line 867.
(pdftex.def)             Requested size: 17.07164pt x 12.43224pt.
[646

]
\openout4 = `Main_Course_MachineLearning_Presentation.vrb'.

(Main_Course_MachineLearning_Presentation.vrb)
File: images/logo_yhk.png Graphic file (type png)
<use images/logo_yhk.png>
Package pdftex.def Info: images/logo_yhk.png  used on input line 877.
(pdftex.def)             Requested size: 17.07164pt x 12.43224pt.
[647

]
\openout4 = `Main_Course_MachineLearning_Presentation.vrb'.

(Main_Course_MachineLearning_Presentation.vrb
<images/f11.png, id=5188, 498.36188pt x 255.95625pt>
File: images/f11.png Graphic file (type png)
<use images/f11.png>
Package pdftex.def Info: images/f11.png  used on input line 9.
(pdftex.def)             Requested size: 184.3758pt x 94.6945pt.
)
File: images/logo_yhk.png Graphic file (type png)
<use images/logo_yhk.png>
Package pdftex.def Info: images/logo_yhk.png  used on input line 908.
(pdftex.def)             Requested size: 17.07164pt x 12.43224pt.
[648

 <./images/f11.png>]
\openout4 = `Main_Course_MachineLearning_Presentation.vrb'.

(Main_Course_MachineLearning_Presentation.vrb)
File: images/logo_yhk.png Graphic file (type png)
<use images/logo_yhk.png>
Package pdftex.def Info: images/logo_yhk.png  used on input line 931.
(pdftex.def)             Requested size: 17.07164pt x 12.43224pt.
[649

]
\openout4 = `Main_Course_MachineLearning_Presentation.vrb'.

(Main_Course_MachineLearning_Presentation.vrb)
File: images/logo_yhk.png Graphic file (type png)
<use images/logo_yhk.png>
Package pdftex.def Info: images/logo_yhk.png  used on input line 942.
(pdftex.def)             Requested size: 17.07164pt x 12.43224pt.
[650

]
\openout4 = `Main_Course_MachineLearning_Presentation.vrb'.

(Main_Course_MachineLearning_Presentation.vrb)
File: images/logo_yhk.png Graphic file (type png)
<use images/logo_yhk.png>
Package pdftex.def Info: images/logo_yhk.png  used on input line 968.
(pdftex.def)             Requested size: 17.07164pt x 12.43224pt.
[651

]
\openout4 = `Main_Course_MachineLearning_Presentation.vrb'.

(Main_Course_MachineLearning_Presentation.vrb)
File: images/logo_yhk.png Graphic file (type png)
<use images/logo_yhk.png>
Package pdftex.def Info: images/logo_yhk.png  used on input line 992.
(pdftex.def)             Requested size: 17.07164pt x 12.43224pt.
[652

]
\openout4 = `Main_Course_MachineLearning_Presentation.vrb'.

(Main_Course_MachineLearning_Presentation.vrb)
File: images/logo_yhk.png Graphic file (type png)
<use images/logo_yhk.png>
Package pdftex.def Info: images/logo_yhk.png  used on input line 1110.
(pdftex.def)             Requested size: 17.07164pt x 12.43224pt.
[653

]
\openout4 = `Main_Course_MachineLearning_Presentation.vrb'.

(Main_Course_MachineLearning_Presentation.vrb)
File: images/logo_yhk.png Graphic file (type png)
<use images/logo_yhk.png>
Package pdftex.def Info: images/logo_yhk.png  used on input line 1191.
(pdftex.def)             Requested size: 17.07164pt x 12.43224pt.
[654

]
\openout4 = `Main_Course_MachineLearning_Presentation.vrb'.

(Main_Course_MachineLearning_Presentation.vrb)
File: images/logo_yhk.png Graphic file (type png)
<use images/logo_yhk.png>
Package pdftex.def Info: images/logo_yhk.png  used on input line 1200.
(pdftex.def)             Requested size: 17.07164pt x 12.43224pt.
[655

]
\openout4 = `Main_Course_MachineLearning_Presentation.vrb'.

(Main_Course_MachineLearning_Presentation.vrb)
File: images/logo_yhk.png Graphic file (type png)
<use images/logo_yhk.png>
Package pdftex.def Info: images/logo_yhk.png  used on input line 1207.
(pdftex.def)             Requested size: 17.07164pt x 12.43224pt.
[656

]
\openout4 = `Main_Course_MachineLearning_Presentation.vrb'.

(Main_Course_MachineLearning_Presentation.vrb)
File: images/logo_yhk.png Graphic file (type png)
<use images/logo_yhk.png>
Package pdftex.def Info: images/logo_yhk.png  used on input line 1214.
(pdftex.def)             Requested size: 17.07164pt x 12.43224pt.
[657

]
\openout4 = `Main_Course_MachineLearning_Presentation.vrb'.

(Main_Course_MachineLearning_Presentation.vrb)
File: images/logo_yhk.png Graphic file (type png)
<use images/logo_yhk.png>
Package pdftex.def Info: images/logo_yhk.png  used on input line 1225.
(pdftex.def)             Requested size: 17.07164pt x 12.43224pt.
[658

]
\openout4 = `Main_Course_MachineLearning_Presentation.vrb'.

(Main_Course_MachineLearning_Presentation.vrb
<images/unovfit1.png, id=5275, 841.1425pt x 301.125pt>
File: images/unovfit1.png Graphic file (type png)
<use images/unovfit1.png>
Package pdftex.def Info: images/unovfit1.png  used on input line 3.
(pdftex.def)             Requested size: 307.28987pt x 110.00848pt.
)
File: images/logo_yhk.png Graphic file (type png)
<use images/logo_yhk.png>
Package pdftex.def Info: images/logo_yhk.png  used on input line 1258.
(pdftex.def)             Requested size: 17.07164pt x 12.43224pt.
[659

 <./images/unovfit1.png>]
\openout4 = `Main_Course_MachineLearning_Presentation.vrb'.

(Main_Course_MachineLearning_Presentation.vrb)
File: images/logo_yhk.png Graphic file (type png)
<use images/logo_yhk.png>
Package pdftex.def Info: images/logo_yhk.png  used on input line 1282.
(pdftex.def)             Requested size: 17.07164pt x 12.43224pt.
[660

]
\openout4 = `Main_Course_MachineLearning_Presentation.vrb'.

(Main_Course_MachineLearning_Presentation.vrb
<images/ovefit1.png, id=5289, 215.6055pt x 141.52875pt>
File: images/ovefit1.png Graphic file (type png)
<use images/ovefit1.png>
Package pdftex.def Info: images/ovefit1.png  used on input line 6.
(pdftex.def)             Requested size: 98.335pt x 64.549pt.
<images/ovefit2.jpg, id=5290, 730.73pt x 548.0475pt>
File: images/ovefit2.jpg Graphic file (type jpg)
<use images/ovefit2.jpg>
Package pdftex.def Info: images/ovefit2.jpg  used on input line 7.
(pdftex.def)             Requested size: 98.335pt x 73.74907pt.
)
File: images/logo_yhk.png Graphic file (type png)
<use images/logo_yhk.png>
Package pdftex.def Info: images/logo_yhk.png  used on input line 1300.
(pdftex.def)             Requested size: 17.07164pt x 12.43224pt.
[661

 <./images/ovefit1.png> <./images/ovefit2.jpg>]
\openout4 = `Main_Course_MachineLearning_Presentation.vrb'.

(Main_Course_MachineLearning_Presentation.vrb)
File: images/logo_yhk.png Graphic file (type png)
<use images/logo_yhk.png>
Package pdftex.def Info: images/logo_yhk.png  used on input line 1314.
(pdftex.def)             Requested size: 17.07164pt x 12.43224pt.
[662

]
\openout4 = `Main_Course_MachineLearning_Presentation.vrb'.

(Main_Course_MachineLearning_Presentation.vrb)
File: images/logo_yhk.png Graphic file (type png)
<use images/logo_yhk.png>
Package pdftex.def Info: images/logo_yhk.png  used on input line 1352.
(pdftex.def)             Requested size: 17.07164pt x 12.43224pt.
[663

]
\openout4 = `Main_Course_MachineLearning_Presentation.vrb'.

(Main_Course_MachineLearning_Presentation.vrb)
File: images/logo_yhk.png Graphic file (type png)
<use images/logo_yhk.png>
Package pdftex.def Info: images/logo_yhk.png  used on input line 1366.
(pdftex.def)             Requested size: 17.07164pt x 12.43224pt.
[664

]
\openout4 = `Main_Course_MachineLearning_Presentation.vrb'.

(Main_Course_MachineLearning_Presentation.vrb)
File: images/logo_yhk.png Graphic file (type png)
<use images/logo_yhk.png>
Package pdftex.def Info: images/logo_yhk.png  used on input line 1394.
(pdftex.def)             Requested size: 17.07164pt x 12.43224pt.
[665

]
\openout4 = `Main_Course_MachineLearning_Presentation.vrb'.

(Main_Course_MachineLearning_Presentation.vrb)
File: images/logo_yhk.png Graphic file (type png)
<use images/logo_yhk.png>
Package pdftex.def Info: images/logo_yhk.png  used on input line 1401.
(pdftex.def)             Requested size: 17.07164pt x 12.43224pt.
[666

]
\openout4 = `Main_Course_MachineLearning_Presentation.vrb'.

(Main_Course_MachineLearning_Presentation.vrb)
File: images/logo_yhk.png Graphic file (type png)
<use images/logo_yhk.png>
Package pdftex.def Info: images/logo_yhk.png  used on input line 1408.
(pdftex.def)             Requested size: 17.07164pt x 12.43224pt.
[667

]
\openout4 = `Main_Course_MachineLearning_Presentation.vrb'.

(Main_Course_MachineLearning_Presentation.vrb)
File: images/logo_yhk.png Graphic file (type png)
<use images/logo_yhk.png>
Package pdftex.def Info: images/logo_yhk.png  used on input line 1415.
(pdftex.def)             Requested size: 17.07164pt x 12.43224pt.
[668

]
\openout4 = `Main_Course_MachineLearning_Presentation.vrb'.

(Main_Course_MachineLearning_Presentation.vrb)
File: images/logo_yhk.png Graphic file (type png)
<use images/logo_yhk.png>
Package pdftex.def Info: images/logo_yhk.png  used on input line 1436.
(pdftex.def)             Requested size: 17.07164pt x 12.43224pt.
[669

]
\openout4 = `Main_Course_MachineLearning_Presentation.vrb'.

(Main_Course_MachineLearning_Presentation.vrb)
File: images/logo_yhk.png Graphic file (type png)
<use images/logo_yhk.png>
Package pdftex.def Info: images/logo_yhk.png  used on input line 1450.
(pdftex.def)             Requested size: 17.07164pt x 12.43224pt.
[670

]
\openout4 = `Main_Course_MachineLearning_Presentation.vrb'.

(Main_Course_MachineLearning_Presentation.vrb)
File: images/logo_yhk.png Graphic file (type png)
<use images/logo_yhk.png>
Package pdftex.def Info: images/logo_yhk.png  used on input line 1464.
(pdftex.def)             Requested size: 17.07164pt x 12.43224pt.
[671

]
\openout4 = `Main_Course_MachineLearning_Presentation.vrb'.

(Main_Course_MachineLearning_Presentation.vrb
<images/bv1.png, id=5387, 299.1175pt x 216.30812pt>
File: images/bv1.png Graphic file (type png)
<use images/bv1.png>
Package pdftex.def Info: images/bv1.png  used on input line 10.
(pdftex.def)             Requested size: 122.91406pt x 88.88493pt.
)
File: images/logo_yhk.png Graphic file (type png)
<use images/logo_yhk.png>
Package pdftex.def Info: images/logo_yhk.png  used on input line 1535.
(pdftex.def)             Requested size: 17.07164pt x 12.43224pt.
[672

 <./images/bv1.png>]
\openout4 = `Main_Course_MachineLearning_Presentation.vrb'.

(Main_Course_MachineLearning_Presentation.vrb
<images/bv2.png, id=5394, 275.52937pt x 201.75375pt>
File: images/bv2.png Graphic file (type png)
<use images/bv2.png>
Package pdftex.def Info: images/bv2.png  used on input line 9.
(pdftex.def)             Requested size: 122.91406pt x 90.00333pt.
)
File: images/logo_yhk.png Graphic file (type png)
<use images/logo_yhk.png>
Package pdftex.def Info: images/logo_yhk.png  used on input line 1550.
(pdftex.def)             Requested size: 17.07164pt x 12.43224pt.
[673

 <./images/bv2.png>]
\openout4 = `Main_Course_MachineLearning_Presentation.vrb'.

(Main_Course_MachineLearning_Presentation.vrb
<images/bv3.png, id=5402, 278.54062pt x 154.07562pt>
File: images/bv3.png Graphic file (type png)
<use images/bv3.png>
Package pdftex.def Info: images/bv3.png  used on input line 9.
(pdftex.def)             Requested size: 122.91406pt x 67.9886pt.
)
File: images/logo_yhk.png Graphic file (type png)
<use images/logo_yhk.png>
Package pdftex.def Info: images/logo_yhk.png  used on input line 1565.
(pdftex.def)             Requested size: 17.07164pt x 12.43224pt.
[674

 <./images/bv3.png>]
\openout4 = `Main_Course_MachineLearning_Presentation.vrb'.

(Main_Course_MachineLearning_Presentation.vrb
<images/bv4.png, id=5409, 304.63812pt x 171.64125pt>
File: images/bv4.png Graphic file (type png)
<use images/bv4.png>
Package pdftex.def Info: images/bv4.png  used on input line 11.
(pdftex.def)             Requested size: 122.91406pt x 69.25241pt.
)
File: images/logo_yhk.png Graphic file (type png)
<use images/logo_yhk.png>
Package pdftex.def Info: images/logo_yhk.png  used on input line 1586.
(pdftex.def)             Requested size: 17.07164pt x 12.43224pt.
[675

 <./images/bv4.png>]
\openout4 = `Main_Course_MachineLearning_Presentation.vrb'.

(Main_Course_MachineLearning_Presentation.vrb
<images/bv5.png, id=5416, 287.57437pt x 166.6225pt>
File: images/bv5.png Graphic file (type png)
<use images/bv5.png>
Package pdftex.def Info: images/bv5.png  used on input line 9.
(pdftex.def)             Requested size: 122.91406pt x 71.2166pt.
)
File: images/logo_yhk.png Graphic file (type png)
<use images/logo_yhk.png>
Package pdftex.def Info: images/logo_yhk.png  used on input line 1601.
(pdftex.def)             Requested size: 17.07164pt x 12.43224pt.
[676

 <./images/bv5.png>]
\openout4 = `Main_Course_MachineLearning_Presentation.vrb'.

(Main_Course_MachineLearning_Presentation.vrb
<images/bv6.png, id=5423, 490.33188pt x 160.09813pt>
File: images/bv6.png Graphic file (type png)
<use images/bv6.png>
Package pdftex.def Info: images/bv6.png  used on input line 8.
(pdftex.def)             Requested size: 215.10196pt x 70.23085pt.
)
File: images/logo_yhk.png Graphic file (type png)
<use images/logo_yhk.png>
Package pdftex.def Info: images/logo_yhk.png  used on input line 1615.
(pdftex.def)             Requested size: 17.07164pt x 12.43224pt.
[677

 <./images/bv6.png>]
\openout4 = `Main_Course_MachineLearning_Presentation.vrb'.

(Main_Course_MachineLearning_Presentation.vrb
<images/bv7.png, id=5430, 490.33188pt x 156.08313pt>
File: images/bv7.png Graphic file (type png)
<use images/bv7.png>
Package pdftex.def Info: images/bv7.png  used on input line 12.
(pdftex.def)             Requested size: 215.10196pt x 68.46957pt.
)
File: images/logo_yhk.png Graphic file (type png)
<use images/logo_yhk.png>
Package pdftex.def Info: images/logo_yhk.png  used on input line 1633.
(pdftex.def)             Requested size: 17.07164pt x 12.43224pt.
[678

 <./images/bv7.png>]
\openout4 = `Main_Course_MachineLearning_Presentation.vrb'.

(Main_Course_MachineLearning_Presentation.vrb
<images/bv8.png, id=5437, 510.40688pt x 155.07938pt>
File: images/bv8.png Graphic file (type png)
<use images/bv8.png>
Package pdftex.def Info: images/bv8.png  used on input line 11.
(pdftex.def)             Requested size: 215.10196pt x 65.35532pt.
)
File: images/logo_yhk.png Graphic file (type png)
<use images/logo_yhk.png>
Package pdftex.def Info: images/logo_yhk.png  used on input line 1650.
(pdftex.def)             Requested size: 17.07164pt x 12.43224pt.
[679

 <./images/bv8.png>]
\openout4 = `Main_Course_MachineLearning_Presentation.vrb'.

(Main_Course_MachineLearning_Presentation.vrb
<images/biasvariations.png, id=5445, 396.7322pt x 355.3275pt>
File: images/biasvariations.png Graphic file (type png)
<use images/biasvariations.png>
Package pdftex.def Info: images/biasvariations.png  used on input line 6.
(pdftex.def)             Requested size: 184.3758pt x 165.13339pt.
)
File: images/logo_yhk.png Graphic file (type png)
<use images/logo_yhk.png>
Package pdftex.def Info: images/logo_yhk.png  used on input line 1778.
(pdftex.def)             Requested size: 17.07164pt x 12.43224pt.
[680

 <./images/biasvariations.png>]
\openout4 = `Main_Course_MachineLearning_Presentation.vrb'.

(Main_Course_MachineLearning_Presentation.vrb)
File: images/logo_yhk.png Graphic file (type png)
<use images/logo_yhk.png>
Package pdftex.def Info: images/logo_yhk.png  used on input line 2074.
(pdftex.def)             Requested size: 17.07164pt x 12.43224pt.
[681

]
\openout4 = `Main_Course_MachineLearning_Presentation.vrb'.

(Main_Course_MachineLearning_Presentation.vrb)
File: images/logo_yhk.png Graphic file (type png)
<use images/logo_yhk.png>
Package pdftex.def Info: images/logo_yhk.png  used on input line 2084.
(pdftex.def)             Requested size: 17.07164pt x 12.43224pt.
[682

]
\openout4 = `Main_Course_MachineLearning_Presentation.vrb'.

(Main_Course_MachineLearning_Presentation.vrb)
File: images/logo_yhk.png Graphic file (type png)
<use images/logo_yhk.png>
Package pdftex.def Info: images/logo_yhk.png  used on input line 2101.
(pdftex.def)             Requested size: 17.07164pt x 12.43224pt.
[683

]
\openout4 = `Main_Course_MachineLearning_Presentation.vrb'.

(Main_Course_MachineLearning_Presentation.vrb)
File: images/logo_yhk.png Graphic file (type png)
<use images/logo_yhk.png>
Package pdftex.def Info: images/logo_yhk.png  used on input line 2108.
(pdftex.def)             Requested size: 17.07164pt x 12.43224pt.
[684

]
\openout4 = `Main_Course_MachineLearning_Presentation.vrb'.

(Main_Course_MachineLearning_Presentation.vrb)
File: images/logo_yhk.png Graphic file (type png)
<use images/logo_yhk.png>
Package pdftex.def Info: images/logo_yhk.png  used on input line 2115.
(pdftex.def)             Requested size: 17.07164pt x 12.43224pt.
[685

]
\openout4 = `Main_Course_MachineLearning_Presentation.vrb'.

(Main_Course_MachineLearning_Presentation.vrb)
File: images/logo_yhk.png Graphic file (type png)
<use images/logo_yhk.png>
Package pdftex.def Info: images/logo_yhk.png  used on input line 2123.
(pdftex.def)             Requested size: 17.07164pt x 12.43224pt.
[686

]
\openout4 = `Main_Course_MachineLearning_Presentation.vrb'.

(Main_Course_MachineLearning_Presentation.vrb)
File: images/logo_yhk.png Graphic file (type png)
<use images/logo_yhk.png>
Package pdftex.def Info: images/logo_yhk.png  used on input line 2160.
(pdftex.def)             Requested size: 17.07164pt x 12.43224pt.
[687

]) (ml_intro_sklearn.tex
\openout4 = `Main_Course_MachineLearning_Presentation.vrb'.

(Main_Course_MachineLearning_Presentation.vrb)
File: images/logo_yhk.png Graphic file (type png)
<use images/logo_yhk.png>
Package pdftex.def Info: images/logo_yhk.png  used on input line 6.
(pdftex.def)             Requested size: 17.07164pt x 12.43224pt.
[688

]
\openout4 = `Main_Course_MachineLearning_Presentation.vrb'.

(Main_Course_MachineLearning_Presentation.vrb
<images/SKL-logo2.jpg, id=5519, 377.41pt x 134.5025pt>
File: images/SKL-logo2.jpg Graphic file (type jpg)
<use images/SKL-logo2.jpg>
Package pdftex.def Info: images/SKL-logo2.jpg  used on input line 9.
(pdftex.def)             Requested size: 184.3758pt x 65.7077pt.
)
File: images/logo_yhk.png Graphic file (type png)
<use images/logo_yhk.png>
Package pdftex.def Info: images/logo_yhk.png  used on input line 20.
(pdftex.def)             Requested size: 17.07164pt x 12.43224pt.
[689

 <./images/SKL-logo2.jpg>]
\openout4 = `Main_Course_MachineLearning_Presentation.vrb'.

(Main_Course_MachineLearning_Presentation.vrb
<images/SKLsite.jpg, id=5526, 848.4197pt x 471.26062pt>
File: images/SKLsite.jpg Graphic file (type jpg)
<use images/SKLsite.jpg>
Package pdftex.def Info: images/SKLsite.jpg  used on input line 3.
(pdftex.def)             Requested size: 307.28987pt x 170.68198pt.
)
File: images/logo_yhk.png Graphic file (type png)
<use images/logo_yhk.png>
Package pdftex.def Info: images/logo_yhk.png  used on input line 27.
(pdftex.def)             Requested size: 17.07164pt x 12.43224pt.
[690

 <./images/SKLsite.jpg>]
\openout4 = `Main_Course_MachineLearning_Presentation.vrb'.

(Main_Course_MachineLearning_Presentation.vrb)
File: images/logo_yhk.png Graphic file (type png)
<use images/logo_yhk.png>
Package pdftex.def Info: images/logo_yhk.png  used on input line 65.
(pdftex.def)             Requested size: 17.07164pt x 12.43224pt.
[691

]
\openout4 = `Main_Course_MachineLearning_Presentation.vrb'.

(Main_Course_MachineLearning_Presentation.vrb)
File: images/logo_yhk.png Graphic file (type png)
<use images/logo_yhk.png>
Package pdftex.def Info: images/logo_yhk.png  used on input line 80.
(pdftex.def)             Requested size: 17.07164pt x 12.43224pt.
[692

]
\openout4 = `Main_Course_MachineLearning_Presentation.vrb'.

(Main_Course_MachineLearning_Presentation.vrb)
File: images/logo_yhk.png Graphic file (type png)
<use images/logo_yhk.png>
Package pdftex.def Info: images/logo_yhk.png  used on input line 104.
(pdftex.def)             Requested size: 17.07164pt x 12.43224pt.
[693

]
\openout4 = `Main_Course_MachineLearning_Presentation.vrb'.

(Main_Course_MachineLearning_Presentation.vrb)
File: images/logo_yhk.png Graphic file (type png)
<use images/logo_yhk.png>
Package pdftex.def Info: images/logo_yhk.png  used on input line 111.
(pdftex.def)             Requested size: 17.07164pt x 12.43224pt.
[694

]
\openout4 = `Main_Course_MachineLearning_Presentation.vrb'.

(Main_Course_MachineLearning_Presentation.vrb (C:\Users\yoges\AppData\Local\Pro
grams\MiKTeX\tex/latex/listings\lstlang1.sty
File: lstlang1.sty 2023/02/27 1.9 listings language file
))
File: images/logo_yhk.png Graphic file (type png)
<use images/logo_yhk.png>
Package pdftex.def Info: images/logo_yhk.png  used on input line 139.
(pdftex.def)             Requested size: 17.07164pt x 12.43224pt.
[695

]
\openout4 = `Main_Course_MachineLearning_Presentation.vrb'.

(Main_Course_MachineLearning_Presentation.vrb)
File: images/logo_yhk.png Graphic file (type png)
<use images/logo_yhk.png>
Package pdftex.def Info: images/logo_yhk.png  used on input line 162.
(pdftex.def)             Requested size: 17.07164pt x 12.43224pt.
[696

]
\openout4 = `Main_Course_MachineLearning_Presentation.vrb'.

(Main_Course_MachineLearning_Presentation.vrb)
File: images/logo_yhk.png Graphic file (type png)
<use images/logo_yhk.png>
Package pdftex.def Info: images/logo_yhk.png  used on input line 169.
(pdftex.def)             Requested size: 17.07164pt x 12.43224pt.
[697

]
\openout4 = `Main_Course_MachineLearning_Presentation.vrb'.

(Main_Course_MachineLearning_Presentation.vrb)
File: images/logo_yhk.png Graphic file (type png)
<use images/logo_yhk.png>
Package pdftex.def Info: images/logo_yhk.png  used on input line 176.
(pdftex.def)             Requested size: 17.07164pt x 12.43224pt.
[698

]
\openout4 = `Main_Course_MachineLearning_Presentation.vrb'.

(Main_Course_MachineLearning_Presentation.vrb)
File: images/logo_yhk.png Graphic file (type png)
<use images/logo_yhk.png>
Package pdftex.def Info: images/logo_yhk.png  used on input line 198.
(pdftex.def)             Requested size: 17.07164pt x 12.43224pt.
[699

]
\openout4 = `Main_Course_MachineLearning_Presentation.vrb'.

(Main_Course_MachineLearning_Presentation.vrb)
File: images/logo_yhk.png Graphic file (type png)
<use images/logo_yhk.png>
Package pdftex.def Info: images/logo_yhk.png  used on input line 222.
(pdftex.def)             Requested size: 17.07164pt x 12.43224pt.
[700

]
\openout4 = `Main_Course_MachineLearning_Presentation.vrb'.

(Main_Course_MachineLearning_Presentation.vrb)
File: images/logo_yhk.png Graphic file (type png)
<use images/logo_yhk.png>
Package pdftex.def Info: images/logo_yhk.png  used on input line 243.
(pdftex.def)             Requested size: 17.07164pt x 12.43224pt.
[701

]
\openout4 = `Main_Course_MachineLearning_Presentation.vrb'.

(Main_Course_MachineLearning_Presentation.vrb)
File: images/logo_yhk.png Graphic file (type png)
<use images/logo_yhk.png>
Package pdftex.def Info: images/logo_yhk.png  used on input line 270.
(pdftex.def)             Requested size: 17.07164pt x 12.43224pt.
[702

]
\openout4 = `Main_Course_MachineLearning_Presentation.vrb'.

(Main_Course_MachineLearning_Presentation.vrb)
File: images/logo_yhk.png Graphic file (type png)
<use images/logo_yhk.png>
Package pdftex.def Info: images/logo_yhk.png  used on input line 285.
(pdftex.def)             Requested size: 17.07164pt x 12.43224pt.
[703

]
\openout4 = `Main_Course_MachineLearning_Presentation.vrb'.

(Main_Course_MachineLearning_Presentation.vrb)
File: images/logo_yhk.png Graphic file (type png)
<use images/logo_yhk.png>
Package pdftex.def Info: images/logo_yhk.png  used on input line 414.
(pdftex.def)             Requested size: 17.07164pt x 12.43224pt.
[704

]
\openout4 = `Main_Course_MachineLearning_Presentation.vrb'.

(Main_Course_MachineLearning_Presentation.vrb)
File: images/logo_yhk.png Graphic file (type png)
<use images/logo_yhk.png>
Package pdftex.def Info: images/logo_yhk.png  used on input line 440.
(pdftex.def)             Requested size: 17.07164pt x 12.43224pt.
[705

]
\openout4 = `Main_Course_MachineLearning_Presentation.vrb'.

(Main_Course_MachineLearning_Presentation.vrb)
File: images/logo_yhk.png Graphic file (type png)
<use images/logo_yhk.png>
Package pdftex.def Info: images/logo_yhk.png  used on input line 458.
(pdftex.def)             Requested size: 17.07164pt x 12.43224pt.
[706

]
\openout4 = `Main_Course_MachineLearning_Presentation.vrb'.

(Main_Course_MachineLearning_Presentation.vrb)
File: images/logo_yhk.png Graphic file (type png)
<use images/logo_yhk.png>
Package pdftex.def Info: images/logo_yhk.png  used on input line 480.
(pdftex.def)             Requested size: 17.07164pt x 12.43224pt.
[707

]
\openout4 = `Main_Course_MachineLearning_Presentation.vrb'.

(Main_Course_MachineLearning_Presentation.vrb)
File: images/logo_yhk.png Graphic file (type png)
<use images/logo_yhk.png>
Package pdftex.def Info: images/logo_yhk.png  used on input line 504.
(pdftex.def)             Requested size: 17.07164pt x 12.43224pt.
[708

])) (seminar_ml_dataprep_content.tex (python_intro_pandas.tex
File: images/logo_yhk.png Graphic file (type png)
<use images/logo_yhk.png>
Package pdftex.def Info: images/logo_yhk.png  used on input line 6.
(pdftex.def)             Requested size: 17.07164pt x 12.43224pt.
[709

]
\openout4 = `Main_Course_MachineLearning_Presentation.vrb'.

(Main_Course_MachineLearning_Presentation.vrb
LaTeX Font Info:    Trying to load font information for OML+lmtt on input line 
2.
LaTeX Font Info:    No file OMLlmtt.fd. on input line 2.

LaTeX Font Warning: Font shape `OML/lmtt/m/n' undefined
(Font)              using `OML/cmm/m/it' instead
(Font)              for symbol `textgreater' on input line 2.

)
File: images/logo_yhk.png Graphic file (type png)
<use images/logo_yhk.png>
Package pdftex.def Info: images/logo_yhk.png  used on input line 17.
(pdftex.def)             Requested size: 17.07164pt x 12.43224pt.
[710

]
\openout4 = `Main_Course_MachineLearning_Presentation.vrb'.

(Main_Course_MachineLearning_Presentation.vrb)
File: images/logo_yhk.png Graphic file (type png)
<use images/logo_yhk.png>
Package pdftex.def Info: images/logo_yhk.png  used on input line 33.
(pdftex.def)             Requested size: 17.07164pt x 12.43224pt.
[711

]
\openout4 = `Main_Course_MachineLearning_Presentation.vrb'.

(Main_Course_MachineLearning_Presentation.vrb)
File: images/logo_yhk.png Graphic file (type png)
<use images/logo_yhk.png>
Package pdftex.def Info: images/logo_yhk.png  used on input line 46.
(pdftex.def)             Requested size: 17.07164pt x 12.43224pt.
[712

]
\openout4 = `Main_Course_MachineLearning_Presentation.vrb'.

(Main_Course_MachineLearning_Presentation.vrb)
File: images/logo_yhk.png Graphic file (type png)
<use images/logo_yhk.png>
Package pdftex.def Info: images/logo_yhk.png  used on input line 59.
(pdftex.def)             Requested size: 17.07164pt x 12.43224pt.
[713

]
\openout4 = `Main_Course_MachineLearning_Presentation.vrb'.

(Main_Course_MachineLearning_Presentation.vrb)
File: images/logo_yhk.png Graphic file (type png)
<use images/logo_yhk.png>
Package pdftex.def Info: images/logo_yhk.png  used on input line 77.
(pdftex.def)             Requested size: 17.07164pt x 12.43224pt.
[714

]
\openout4 = `Main_Course_MachineLearning_Presentation.vrb'.

(Main_Course_MachineLearning_Presentation.vrb)
File: images/logo_yhk.png Graphic file (type png)
<use images/logo_yhk.png>
Package pdftex.def Info: images/logo_yhk.png  used on input line 94.
(pdftex.def)             Requested size: 17.07164pt x 12.43224pt.
[715

]
\openout4 = `Main_Course_MachineLearning_Presentation.vrb'.

(Main_Course_MachineLearning_Presentation.vrb)
File: images/logo_yhk.png Graphic file (type png)
<use images/logo_yhk.png>
Package pdftex.def Info: images/logo_yhk.png  used on input line 103.
(pdftex.def)             Requested size: 17.07164pt x 12.43224pt.
[716

]
\openout4 = `Main_Course_MachineLearning_Presentation.vrb'.

(Main_Course_MachineLearning_Presentation.vrb)
File: images/logo_yhk.png Graphic file (type png)
<use images/logo_yhk.png>
Package pdftex.def Info: images/logo_yhk.png  used on input line 114.
(pdftex.def)             Requested size: 17.07164pt x 12.43224pt.
[717

]
\openout4 = `Main_Course_MachineLearning_Presentation.vrb'.

(Main_Course_MachineLearning_Presentation.vrb)
File: images/logo_yhk.png Graphic file (type png)
<use images/logo_yhk.png>
Package pdftex.def Info: images/logo_yhk.png  used on input line 125.
(pdftex.def)             Requested size: 17.07164pt x 12.43224pt.
[718

]
\openout4 = `Main_Course_MachineLearning_Presentation.vrb'.

(Main_Course_MachineLearning_Presentation.vrb)
File: images/logo_yhk.png Graphic file (type png)
<use images/logo_yhk.png>
Package pdftex.def Info: images/logo_yhk.png  used on input line 130.
(pdftex.def)             Requested size: 17.07164pt x 12.43224pt.
[719

]
\openout4 = `Main_Course_MachineLearning_Presentation.vrb'.

(Main_Course_MachineLearning_Presentation.vrb)
File: images/logo_yhk.png Graphic file (type png)
<use images/logo_yhk.png>
Package pdftex.def Info: images/logo_yhk.png  used on input line 151.
(pdftex.def)             Requested size: 17.07164pt x 12.43224pt.
[720

]
\openout4 = `Main_Course_MachineLearning_Presentation.vrb'.

(Main_Course_MachineLearning_Presentation.vrb)
File: images/logo_yhk.png Graphic file (type png)
<use images/logo_yhk.png>
Package pdftex.def Info: images/logo_yhk.png  used on input line 164.
(pdftex.def)             Requested size: 17.07164pt x 12.43224pt.
[721

]
\openout4 = `Main_Course_MachineLearning_Presentation.vrb'.

(Main_Course_MachineLearning_Presentation.vrb)
File: images/logo_yhk.png Graphic file (type png)
<use images/logo_yhk.png>
Package pdftex.def Info: images/logo_yhk.png  used on input line 182.
(pdftex.def)             Requested size: 17.07164pt x 12.43224pt.
[722

]
\openout4 = `Main_Course_MachineLearning_Presentation.vrb'.

(Main_Course_MachineLearning_Presentation.vrb)
File: images/logo_yhk.png Graphic file (type png)
<use images/logo_yhk.png>
Package pdftex.def Info: images/logo_yhk.png  used on input line 193.
(pdftex.def)             Requested size: 17.07164pt x 12.43224pt.
[723

]
\openout4 = `Main_Course_MachineLearning_Presentation.vrb'.

(Main_Course_MachineLearning_Presentation.vrb)
File: images/logo_yhk.png Graphic file (type png)
<use images/logo_yhk.png>
Package pdftex.def Info: images/logo_yhk.png  used on input line 209.
(pdftex.def)             Requested size: 17.07164pt x 12.43224pt.
[724

]
\openout4 = `Main_Course_MachineLearning_Presentation.vrb'.

(Main_Course_MachineLearning_Presentation.vrb)
File: images/logo_yhk.png Graphic file (type png)
<use images/logo_yhk.png>
Package pdftex.def Info: images/logo_yhk.png  used on input line 224.
(pdftex.def)             Requested size: 17.07164pt x 12.43224pt.
[725

]
\openout4 = `Main_Course_MachineLearning_Presentation.vrb'.

(Main_Course_MachineLearning_Presentation.vrb)
File: images/logo_yhk.png Graphic file (type png)
<use images/logo_yhk.png>
Package pdftex.def Info: images/logo_yhk.png  used on input line 236.
(pdftex.def)             Requested size: 17.07164pt x 12.43224pt.
[726

]
\openout4 = `Main_Course_MachineLearning_Presentation.vrb'.

(Main_Course_MachineLearning_Presentation.vrb)
File: images/logo_yhk.png Graphic file (type png)
<use images/logo_yhk.png>
Package pdftex.def Info: images/logo_yhk.png  used on input line 256.
(pdftex.def)             Requested size: 17.07164pt x 12.43224pt.
[727

]
\openout4 = `Main_Course_MachineLearning_Presentation.vrb'.

(Main_Course_MachineLearning_Presentation.vrb)
File: images/logo_yhk.png Graphic file (type png)
<use images/logo_yhk.png>
Package pdftex.def Info: images/logo_yhk.png  used on input line 265.
(pdftex.def)             Requested size: 17.07164pt x 12.43224pt.
[728

]
\openout4 = `Main_Course_MachineLearning_Presentation.vrb'.

(Main_Course_MachineLearning_Presentation.vrb)
File: images/logo_yhk.png Graphic file (type png)
<use images/logo_yhk.png>
Package pdftex.def Info: images/logo_yhk.png  used on input line 275.
(pdftex.def)             Requested size: 17.07164pt x 12.43224pt.
[729

]
\openout4 = `Main_Course_MachineLearning_Presentation.vrb'.

(Main_Course_MachineLearning_Presentation.vrb)
File: images/logo_yhk.png Graphic file (type png)
<use images/logo_yhk.png>
Package pdftex.def Info: images/logo_yhk.png  used on input line 291.
(pdftex.def)             Requested size: 17.07164pt x 12.43224pt.
[730

]
\openout4 = `Main_Course_MachineLearning_Presentation.vrb'.

(Main_Course_MachineLearning_Presentation.vrb)
File: images/logo_yhk.png Graphic file (type png)
<use images/logo_yhk.png>
Package pdftex.def Info: images/logo_yhk.png  used on input line 311.
(pdftex.def)             Requested size: 17.07164pt x 12.43224pt.
[731

]
\openout4 = `Main_Course_MachineLearning_Presentation.vrb'.

(Main_Course_MachineLearning_Presentation.vrb)
File: images/logo_yhk.png Graphic file (type png)
<use images/logo_yhk.png>
Package pdftex.def Info: images/logo_yhk.png  used on input line 320.
(pdftex.def)             Requested size: 17.07164pt x 12.43224pt.
[732

]
\openout4 = `Main_Course_MachineLearning_Presentation.vrb'.

(Main_Course_MachineLearning_Presentation.vrb)
File: images/logo_yhk.png Graphic file (type png)
<use images/logo_yhk.png>
Package pdftex.def Info: images/logo_yhk.png  used on input line 330.
(pdftex.def)             Requested size: 17.07164pt x 12.43224pt.
[733

]
File: images/logo_yhk.png Graphic file (type png)
<use images/logo_yhk.png>
Package pdftex.def Info: images/logo_yhk.png  used on input line 337.
(pdftex.def)             Requested size: 17.07164pt x 12.43224pt.
[734

]
\openout4 = `Main_Course_MachineLearning_Presentation.vrb'.

(Main_Course_MachineLearning_Presentation.vrb)
File: images/logo_yhk.png Graphic file (type png)
<use images/logo_yhk.png>
Package pdftex.def Info: images/logo_yhk.png  used on input line 362.
(pdftex.def)             Requested size: 17.07164pt x 12.43224pt.
[735

]
\openout4 = `Main_Course_MachineLearning_Presentation.vrb'.

(Main_Course_MachineLearning_Presentation.vrb)
File: images/logo_yhk.png Graphic file (type png)
<use images/logo_yhk.png>
Package pdftex.def Info: images/logo_yhk.png  used on input line 385.
(pdftex.def)             Requested size: 17.07164pt x 12.43224pt.
[736

]
\openout4 = `Main_Course_MachineLearning_Presentation.vrb'.

(Main_Course_MachineLearning_Presentation.vrb)
File: images/logo_yhk.png Graphic file (type png)
<use images/logo_yhk.png>
Package pdftex.def Info: images/logo_yhk.png  used on input line 399.
(pdftex.def)             Requested size: 17.07164pt x 12.43224pt.
[737

]
\openout4 = `Main_Course_MachineLearning_Presentation.vrb'.

(Main_Course_MachineLearning_Presentation.vrb)
File: images/logo_yhk.png Graphic file (type png)
<use images/logo_yhk.png>
Package pdftex.def Info: images/logo_yhk.png  used on input line 416.
(pdftex.def)             Requested size: 17.07164pt x 12.43224pt.
[738

]
\openout4 = `Main_Course_MachineLearning_Presentation.vrb'.

(Main_Course_MachineLearning_Presentation.vrb)
File: images/logo_yhk.png Graphic file (type png)
<use images/logo_yhk.png>
Package pdftex.def Info: images/logo_yhk.png  used on input line 435.
(pdftex.def)             Requested size: 17.07164pt x 12.43224pt.
[739

]
\openout4 = `Main_Course_MachineLearning_Presentation.vrb'.

(Main_Course_MachineLearning_Presentation.vrb)
File: images/logo_yhk.png Graphic file (type png)
<use images/logo_yhk.png>
Package pdftex.def Info: images/logo_yhk.png  used on input line 458.
(pdftex.def)             Requested size: 17.07164pt x 12.43224pt.
[740

]
\openout4 = `Main_Course_MachineLearning_Presentation.vrb'.

(Main_Course_MachineLearning_Presentation.vrb)
File: images/logo_yhk.png Graphic file (type png)
<use images/logo_yhk.png>
Package pdftex.def Info: images/logo_yhk.png  used on input line 483.
(pdftex.def)             Requested size: 17.07164pt x 12.43224pt.
[741

]
\openout4 = `Main_Course_MachineLearning_Presentation.vrb'.

(Main_Course_MachineLearning_Presentation.vrb)
File: images/logo_yhk.png Graphic file (type png)
<use images/logo_yhk.png>
Package pdftex.def Info: images/logo_yhk.png  used on input line 504.
(pdftex.def)             Requested size: 17.07164pt x 12.43224pt.
[742

]
\openout4 = `Main_Course_MachineLearning_Presentation.vrb'.

(Main_Course_MachineLearning_Presentation.vrb)
File: images/logo_yhk.png Graphic file (type png)
<use images/logo_yhk.png>
Package pdftex.def Info: images/logo_yhk.png  used on input line 522.
(pdftex.def)             Requested size: 17.07164pt x 12.43224pt.
[743

]
\openout4 = `Main_Course_MachineLearning_Presentation.vrb'.

(Main_Course_MachineLearning_Presentation.vrb)
File: images/logo_yhk.png Graphic file (type png)
<use images/logo_yhk.png>
Package pdftex.def Info: images/logo_yhk.png  used on input line 540.
(pdftex.def)             Requested size: 17.07164pt x 12.43224pt.
[744

]
\openout4 = `Main_Course_MachineLearning_Presentation.vrb'.

(Main_Course_MachineLearning_Presentation.vrb)
File: images/logo_yhk.png Graphic file (type png)
<use images/logo_yhk.png>
Package pdftex.def Info: images/logo_yhk.png  used on input line 552.
(pdftex.def)             Requested size: 17.07164pt x 12.43224pt.
[745

]
\openout4 = `Main_Course_MachineLearning_Presentation.vrb'.

(Main_Course_MachineLearning_Presentation.vrb)
File: images/logo_yhk.png Graphic file (type png)
<use images/logo_yhk.png>
Package pdftex.def Info: images/logo_yhk.png  used on input line 570.
(pdftex.def)             Requested size: 17.07164pt x 12.43224pt.
[746

]
\openout4 = `Main_Course_MachineLearning_Presentation.vrb'.

(Main_Course_MachineLearning_Presentation.vrb)
File: images/logo_yhk.png Graphic file (type png)
<use images/logo_yhk.png>
Package pdftex.def Info: images/logo_yhk.png  used on input line 591.
(pdftex.def)             Requested size: 17.07164pt x 12.43224pt.
[747

]
\openout4 = `Main_Course_MachineLearning_Presentation.vrb'.

(Main_Course_MachineLearning_Presentation.vrb)
File: images/logo_yhk.png Graphic file (type png)
<use images/logo_yhk.png>
Package pdftex.def Info: images/logo_yhk.png  used on input line 609.
(pdftex.def)             Requested size: 17.07164pt x 12.43224pt.
[748

]
\openout4 = `Main_Course_MachineLearning_Presentation.vrb'.

(Main_Course_MachineLearning_Presentation.vrb)
File: images/logo_yhk.png Graphic file (type png)
<use images/logo_yhk.png>
Package pdftex.def Info: images/logo_yhk.png  used on input line 623.
(pdftex.def)             Requested size: 17.07164pt x 12.43224pt.
[749

]
\openout4 = `Main_Course_MachineLearning_Presentation.vrb'.

(Main_Course_MachineLearning_Presentation.vrb)
File: images/logo_yhk.png Graphic file (type png)
<use images/logo_yhk.png>
Package pdftex.def Info: images/logo_yhk.png  used on input line 638.
(pdftex.def)             Requested size: 17.07164pt x 12.43224pt.
[750

]
\openout4 = `Main_Course_MachineLearning_Presentation.vrb'.

(Main_Course_MachineLearning_Presentation.vrb)
File: images/logo_yhk.png Graphic file (type png)
<use images/logo_yhk.png>
Package pdftex.def Info: images/logo_yhk.png  used on input line 649.
(pdftex.def)             Requested size: 17.07164pt x 12.43224pt.
[751

]
\openout4 = `Main_Course_MachineLearning_Presentation.vrb'.

(Main_Course_MachineLearning_Presentation.vrb)
File: images/logo_yhk.png Graphic file (type png)
<use images/logo_yhk.png>
Package pdftex.def Info: images/logo_yhk.png  used on input line 664.
(pdftex.def)             Requested size: 17.07164pt x 12.43224pt.
[752

]
\openout4 = `Main_Course_MachineLearning_Presentation.vrb'.

(Main_Course_MachineLearning_Presentation.vrb)
File: images/logo_yhk.png Graphic file (type png)
<use images/logo_yhk.png>
Package pdftex.def Info: images/logo_yhk.png  used on input line 686.
(pdftex.def)             Requested size: 17.07164pt x 12.43224pt.
[753

]
\openout4 = `Main_Course_MachineLearning_Presentation.vrb'.

(Main_Course_MachineLearning_Presentation.vrb)
File: images/logo_yhk.png Graphic file (type png)
<use images/logo_yhk.png>
Package pdftex.def Info: images/logo_yhk.png  used on input line 706.
(pdftex.def)             Requested size: 17.07164pt x 12.43224pt.
[754

]
\openout4 = `Main_Course_MachineLearning_Presentation.vrb'.

(Main_Course_MachineLearning_Presentation.vrb)
File: images/logo_yhk.png Graphic file (type png)
<use images/logo_yhk.png>
Package pdftex.def Info: images/logo_yhk.png  used on input line 716.
(pdftex.def)             Requested size: 17.07164pt x 12.43224pt.
[755

]
\openout4 = `Main_Course_MachineLearning_Presentation.vrb'.

(Main_Course_MachineLearning_Presentation.vrb)
File: images/logo_yhk.png Graphic file (type png)
<use images/logo_yhk.png>
Package pdftex.def Info: images/logo_yhk.png  used on input line 732.
(pdftex.def)             Requested size: 17.07164pt x 12.43224pt.
[756

]
\openout4 = `Main_Course_MachineLearning_Presentation.vrb'.

(Main_Course_MachineLearning_Presentation.vrb)
File: images/logo_yhk.png Graphic file (type png)
<use images/logo_yhk.png>
Package pdftex.def Info: images/logo_yhk.png  used on input line 750.
(pdftex.def)             Requested size: 17.07164pt x 12.43224pt.
[757

]
\openout4 = `Main_Course_MachineLearning_Presentation.vrb'.

(Main_Course_MachineLearning_Presentation.vrb)
File: images/logo_yhk.png Graphic file (type png)
<use images/logo_yhk.png>
Package pdftex.def Info: images/logo_yhk.png  used on input line 765.
(pdftex.def)             Requested size: 17.07164pt x 12.43224pt.
[758

]
\openout4 = `Main_Course_MachineLearning_Presentation.vrb'.

(Main_Course_MachineLearning_Presentation.vrb)
File: images/logo_yhk.png Graphic file (type png)
<use images/logo_yhk.png>
Package pdftex.def Info: images/logo_yhk.png  used on input line 791.
(pdftex.def)             Requested size: 17.07164pt x 12.43224pt.
[759

]
\openout4 = `Main_Course_MachineLearning_Presentation.vrb'.

(Main_Course_MachineLearning_Presentation.vrb)
File: images/logo_yhk.png Graphic file (type png)
<use images/logo_yhk.png>
Package pdftex.def Info: images/logo_yhk.png  used on input line 802.
(pdftex.def)             Requested size: 17.07164pt x 12.43224pt.
[760

]
\openout4 = `Main_Course_MachineLearning_Presentation.vrb'.

(Main_Course_MachineLearning_Presentation.vrb)
File: images/logo_yhk.png Graphic file (type png)
<use images/logo_yhk.png>
Package pdftex.def Info: images/logo_yhk.png  used on input line 820.
(pdftex.def)             Requested size: 17.07164pt x 12.43224pt.
[761

]
\openout4 = `Main_Course_MachineLearning_Presentation.vrb'.

(Main_Course_MachineLearning_Presentation.vrb)
File: images/logo_yhk.png Graphic file (type png)
<use images/logo_yhk.png>
Package pdftex.def Info: images/logo_yhk.png  used on input line 829.
(pdftex.def)             Requested size: 17.07164pt x 12.43224pt.
[762

]
\openout4 = `Main_Course_MachineLearning_Presentation.vrb'.

(Main_Course_MachineLearning_Presentation.vrb)
File: images/logo_yhk.png Graphic file (type png)
<use images/logo_yhk.png>
Package pdftex.def Info: images/logo_yhk.png  used on input line 841.
(pdftex.def)             Requested size: 17.07164pt x 12.43224pt.
[763

]
\openout4 = `Main_Course_MachineLearning_Presentation.vrb'.

(Main_Course_MachineLearning_Presentation.vrb)
File: images/logo_yhk.png Graphic file (type png)
<use images/logo_yhk.png>
Package pdftex.def Info: images/logo_yhk.png  used on input line 856.
(pdftex.def)             Requested size: 17.07164pt x 12.43224pt.
[764

]
\openout4 = `Main_Course_MachineLearning_Presentation.vrb'.

(Main_Course_MachineLearning_Presentation.vrb)
File: images/logo_yhk.png Graphic file (type png)
<use images/logo_yhk.png>
Package pdftex.def Info: images/logo_yhk.png  used on input line 875.
(pdftex.def)             Requested size: 17.07164pt x 12.43224pt.
[765

]
\openout4 = `Main_Course_MachineLearning_Presentation.vrb'.

(Main_Course_MachineLearning_Presentation.vrb)
File: images/logo_yhk.png Graphic file (type png)
<use images/logo_yhk.png>
Package pdftex.def Info: images/logo_yhk.png  used on input line 883.
(pdftex.def)             Requested size: 17.07164pt x 12.43224pt.
[766

]
\openout4 = `Main_Course_MachineLearning_Presentation.vrb'.

(Main_Course_MachineLearning_Presentation.vrb)
File: images/logo_yhk.png Graphic file (type png)
<use images/logo_yhk.png>
Package pdftex.def Info: images/logo_yhk.png  used on input line 894.
(pdftex.def)             Requested size: 17.07164pt x 12.43224pt.
[767

]
\openout4 = `Main_Course_MachineLearning_Presentation.vrb'.

(Main_Course_MachineLearning_Presentation.vrb)
File: images/logo_yhk.png Graphic file (type png)
<use images/logo_yhk.png>
Package pdftex.def Info: images/logo_yhk.png  used on input line 911.
(pdftex.def)             Requested size: 17.07164pt x 12.43224pt.
[768

]
\openout4 = `Main_Course_MachineLearning_Presentation.vrb'.

(Main_Course_MachineLearning_Presentation.vrb)
File: images/logo_yhk.png Graphic file (type png)
<use images/logo_yhk.png>
Package pdftex.def Info: images/logo_yhk.png  used on input line 928.
(pdftex.def)             Requested size: 17.07164pt x 12.43224pt.
[769

]
\openout4 = `Main_Course_MachineLearning_Presentation.vrb'.

(Main_Course_MachineLearning_Presentation.vrb)
File: images/logo_yhk.png Graphic file (type png)
<use images/logo_yhk.png>
Package pdftex.def Info: images/logo_yhk.png  used on input line 939.
(pdftex.def)             Requested size: 17.07164pt x 12.43224pt.
[770

]
\openout4 = `Main_Course_MachineLearning_Presentation.vrb'.

(Main_Course_MachineLearning_Presentation.vrb)
File: images/logo_yhk.png Graphic file (type png)
<use images/logo_yhk.png>
Package pdftex.def Info: images/logo_yhk.png  used on input line 961.
(pdftex.def)             Requested size: 17.07164pt x 12.43224pt.
[771

]
\openout4 = `Main_Course_MachineLearning_Presentation.vrb'.

(Main_Course_MachineLearning_Presentation.vrb)
File: images/logo_yhk.png Graphic file (type png)
<use images/logo_yhk.png>
Package pdftex.def Info: images/logo_yhk.png  used on input line 972.
(pdftex.def)             Requested size: 17.07164pt x 12.43224pt.
[772

]
\openout4 = `Main_Course_MachineLearning_Presentation.vrb'.

(Main_Course_MachineLearning_Presentation.vrb)
File: images/logo_yhk.png Graphic file (type png)
<use images/logo_yhk.png>
Package pdftex.def Info: images/logo_yhk.png  used on input line 982.
(pdftex.def)             Requested size: 17.07164pt x 12.43224pt.
[773

]) (ml_datapreparation_sklearn.tex
\openout4 = `Main_Course_MachineLearning_Presentation.vrb'.

(Main_Course_MachineLearning_Presentation.vrb)
File: images/logo_yhk.png Graphic file (type png)
<use images/logo_yhk.png>
Package pdftex.def Info: images/logo_yhk.png  used on input line 6.
(pdftex.def)             Requested size: 17.07164pt x 12.43224pt.
[774

]
\openout4 = `Main_Course_MachineLearning_Presentation.vrb'.

(Main_Course_MachineLearning_Presentation.vrb)
File: images/logo_yhk.png Graphic file (type png)
<use images/logo_yhk.png>
Package pdftex.def Info: images/logo_yhk.png  used on input line 15.
(pdftex.def)             Requested size: 17.07164pt x 12.43224pt.
[775

]
\openout4 = `Main_Course_MachineLearning_Presentation.vrb'.

(Main_Course_MachineLearning_Presentation.vrb
Overfull \hbox (67.0064pt too wide) in paragraph at lines 7--8
[][][][][][][][][][][][][][][][][][][][][][][][][][][][][][][][][][][][][][][][
][][][][][][][][][][][][][][][][][][][][][][][][][][][][][][][][][][][][]  
 []

)
File: images/logo_yhk.png Graphic file (type png)
<use images/logo_yhk.png>
Package pdftex.def Info: images/logo_yhk.png  used on input line 34.
(pdftex.def)             Requested size: 17.07164pt x 12.43224pt.
[776

]
\openout4 = `Main_Course_MachineLearning_Presentation.vrb'.

(Main_Course_MachineLearning_Presentation.vrb)
File: images/logo_yhk.png Graphic file (type png)
<use images/logo_yhk.png>
Package pdftex.def Info: images/logo_yhk.png  used on input line 46.
(pdftex.def)             Requested size: 17.07164pt x 12.43224pt.
[777

]
\openout4 = `Main_Course_MachineLearning_Presentation.vrb'.

(Main_Course_MachineLearning_Presentation.vrb)
File: images/logo_yhk.png Graphic file (type png)
<use images/logo_yhk.png>
Package pdftex.def Info: images/logo_yhk.png  used on input line 62.
(pdftex.def)             Requested size: 17.07164pt x 12.43224pt.
[778

]
\openout4 = `Main_Course_MachineLearning_Presentation.vrb'.

(Main_Course_MachineLearning_Presentation.vrb)
File: images/logo_yhk.png Graphic file (type png)
<use images/logo_yhk.png>
Package pdftex.def Info: images/logo_yhk.png  used on input line 74.
(pdftex.def)             Requested size: 17.07164pt x 12.43224pt.
[779

]
\openout4 = `Main_Course_MachineLearning_Presentation.vrb'.

(Main_Course_MachineLearning_Presentation.vrb)
File: images/logo_yhk.png Graphic file (type png)
<use images/logo_yhk.png>
Package pdftex.def Info: images/logo_yhk.png  used on input line 90.
(pdftex.def)             Requested size: 17.07164pt x 12.43224pt.
[780

]
\openout4 = `Main_Course_MachineLearning_Presentation.vrb'.

(Main_Course_MachineLearning_Presentation.vrb)
File: images/logo_yhk.png Graphic file (type png)
<use images/logo_yhk.png>
Package pdftex.def Info: images/logo_yhk.png  used on input line 106.
(pdftex.def)             Requested size: 17.07164pt x 12.43224pt.
[781

]
\openout4 = `Main_Course_MachineLearning_Presentation.vrb'.

(Main_Course_MachineLearning_Presentation.vrb)
File: images/logo_yhk.png Graphic file (type png)
<use images/logo_yhk.png>
Package pdftex.def Info: images/logo_yhk.png  used on input line 118.
(pdftex.def)             Requested size: 17.07164pt x 12.43224pt.
[782

]
\openout4 = `Main_Course_MachineLearning_Presentation.vrb'.

(Main_Course_MachineLearning_Presentation.vrb)
File: images/logo_yhk.png Graphic file (type png)
<use images/logo_yhk.png>
Package pdftex.def Info: images/logo_yhk.png  used on input line 131.
(pdftex.def)             Requested size: 17.07164pt x 12.43224pt.
[783

]
\openout4 = `Main_Course_MachineLearning_Presentation.vrb'.

(Main_Course_MachineLearning_Presentation.vrb)
File: images/logo_yhk.png Graphic file (type png)
<use images/logo_yhk.png>
Package pdftex.def Info: images/logo_yhk.png  used on input line 146.
(pdftex.def)             Requested size: 17.07164pt x 12.43224pt.
[784

]
\openout4 = `Main_Course_MachineLearning_Presentation.vrb'.

(Main_Course_MachineLearning_Presentation.vrb)
File: images/logo_yhk.png Graphic file (type png)
<use images/logo_yhk.png>
Package pdftex.def Info: images/logo_yhk.png  used on input line 156.
(pdftex.def)             Requested size: 17.07164pt x 12.43224pt.
[785

]
\openout4 = `Main_Course_MachineLearning_Presentation.vrb'.

(Main_Course_MachineLearning_Presentation.vrb)
File: images/logo_yhk.png Graphic file (type png)
<use images/logo_yhk.png>
Package pdftex.def Info: images/logo_yhk.png  used on input line 169.
(pdftex.def)             Requested size: 17.07164pt x 12.43224pt.
[786

]
\openout4 = `Main_Course_MachineLearning_Presentation.vrb'.

(Main_Course_MachineLearning_Presentation.vrb)
File: images/logo_yhk.png Graphic file (type png)
<use images/logo_yhk.png>
Package pdftex.def Info: images/logo_yhk.png  used on input line 184.
(pdftex.def)             Requested size: 17.07164pt x 12.43224pt.
[787

]
\openout4 = `Main_Course_MachineLearning_Presentation.vrb'.

(Main_Course_MachineLearning_Presentation.vrb)
File: images/logo_yhk.png Graphic file (type png)
<use images/logo_yhk.png>
Package pdftex.def Info: images/logo_yhk.png  used on input line 196.
(pdftex.def)             Requested size: 17.07164pt x 12.43224pt.
[788

]
\openout4 = `Main_Course_MachineLearning_Presentation.vrb'.

(Main_Course_MachineLearning_Presentation.vrb)
File: images/logo_yhk.png Graphic file (type png)
<use images/logo_yhk.png>
Package pdftex.def Info: images/logo_yhk.png  used on input line 204.
(pdftex.def)             Requested size: 17.07164pt x 12.43224pt.
[789

]
\openout4 = `Main_Course_MachineLearning_Presentation.vrb'.

(Main_Course_MachineLearning_Presentation.vrb)
File: images/logo_yhk.png Graphic file (type png)
<use images/logo_yhk.png>
Package pdftex.def Info: images/logo_yhk.png  used on input line 211.
(pdftex.def)             Requested size: 17.07164pt x 12.43224pt.
[790

]) (ml_evaluation_sklearn.tex
\openout4 = `Main_Course_MachineLearning_Presentation.vrb'.

(Main_Course_MachineLearning_Presentation.vrb)
File: images/logo_yhk.png Graphic file (type png)
<use images/logo_yhk.png>
Package pdftex.def Info: images/logo_yhk.png  used on input line 6.
(pdftex.def)             Requested size: 17.07164pt x 12.43224pt.
[791

]
\openout4 = `Main_Course_MachineLearning_Presentation.vrb'.

(Main_Course_MachineLearning_Presentation.vrb)
File: images/logo_yhk.png Graphic file (type png)
<use images/logo_yhk.png>
Package pdftex.def Info: images/logo_yhk.png  used on input line 15.
(pdftex.def)             Requested size: 17.07164pt x 12.43224pt.
[792

]
\openout4 = `Main_Course_MachineLearning_Presentation.vrb'.

(Main_Course_MachineLearning_Presentation.vrb
Overfull \hbox (67.0064pt too wide) in paragraph at lines 7--8
[][][][][][][][][][][][][][][][][][][][][][][][][][][][][][][][][][][][][][][][
][][][][][][][][][][][][][][][][][][][][][][][][][][][][][][][][][][][][]  
 []

)
File: images/logo_yhk.png Graphic file (type png)
<use images/logo_yhk.png>
Package pdftex.def Info: images/logo_yhk.png  used on input line 34.
(pdftex.def)             Requested size: 17.07164pt x 12.43224pt.
[793

]
\openout4 = `Main_Course_MachineLearning_Presentation.vrb'.

(Main_Course_MachineLearning_Presentation.vrb)
File: images/logo_yhk.png Graphic file (type png)
<use images/logo_yhk.png>
Package pdftex.def Info: images/logo_yhk.png  used on input line 46.
(pdftex.def)             Requested size: 17.07164pt x 12.43224pt.
[794

]
\openout4 = `Main_Course_MachineLearning_Presentation.vrb'.

(Main_Course_MachineLearning_Presentation.vrb)
File: images/logo_yhk.png Graphic file (type png)
<use images/logo_yhk.png>
Package pdftex.def Info: images/logo_yhk.png  used on input line 65.
(pdftex.def)             Requested size: 17.07164pt x 12.43224pt.
[795

]
\openout4 = `Main_Course_MachineLearning_Presentation.vrb'.

(Main_Course_MachineLearning_Presentation.vrb)
File: images/logo_yhk.png Graphic file (type png)
<use images/logo_yhk.png>
Package pdftex.def Info: images/logo_yhk.png  used on input line 77.
(pdftex.def)             Requested size: 17.07164pt x 12.43224pt.
[796

]
\openout4 = `Main_Course_MachineLearning_Presentation.vrb'.

(Main_Course_MachineLearning_Presentation.vrb)
File: images/logo_yhk.png Graphic file (type png)
<use images/logo_yhk.png>
Package pdftex.def Info: images/logo_yhk.png  used on input line 93.
(pdftex.def)             Requested size: 17.07164pt x 12.43224pt.
[797

]
\openout4 = `Main_Course_MachineLearning_Presentation.vrb'.

(Main_Course_MachineLearning_Presentation.vrb)
File: images/logo_yhk.png Graphic file (type png)
<use images/logo_yhk.png>
Package pdftex.def Info: images/logo_yhk.png  used on input line 134.
(pdftex.def)             Requested size: 17.07164pt x 12.43224pt.
[798

]
\openout4 = `Main_Course_MachineLearning_Presentation.vrb'.

(Main_Course_MachineLearning_Presentation.vrb)
File: images/logo_yhk.png Graphic file (type png)
<use images/logo_yhk.png>
Package pdftex.def Info: images/logo_yhk.png  used on input line 150.
(pdftex.def)             Requested size: 17.07164pt x 12.43224pt.
[799

]
\openout4 = `Main_Course_MachineLearning_Presentation.vrb'.

(Main_Course_MachineLearning_Presentation.vrb)
File: images/logo_yhk.png Graphic file (type png)
<use images/logo_yhk.png>
Package pdftex.def Info: images/logo_yhk.png  used on input line 189.
(pdftex.def)             Requested size: 17.07164pt x 12.43224pt.
[800

]
\openout4 = `Main_Course_MachineLearning_Presentation.vrb'.

(Main_Course_MachineLearning_Presentation.vrb)
File: images/logo_yhk.png Graphic file (type png)
<use images/logo_yhk.png>
Package pdftex.def Info: images/logo_yhk.png  used on input line 210.
(pdftex.def)             Requested size: 17.07164pt x 12.43224pt.
[801

]
\openout4 = `Main_Course_MachineLearning_Presentation.vrb'.

(Main_Course_MachineLearning_Presentation.vrb)
File: images/logo_yhk.png Graphic file (type png)
<use images/logo_yhk.png>
Package pdftex.def Info: images/logo_yhk.png  used on input line 221.
(pdftex.def)             Requested size: 17.07164pt x 12.43224pt.
[802

]
\openout4 = `Main_Course_MachineLearning_Presentation.vrb'.

(Main_Course_MachineLearning_Presentation.vrb)
File: images/logo_yhk.png Graphic file (type png)
<use images/logo_yhk.png>
Package pdftex.def Info: images/logo_yhk.png  used on input line 246.
(pdftex.def)             Requested size: 17.07164pt x 12.43224pt.
[803

]
\openout4 = `Main_Course_MachineLearning_Presentation.vrb'.

(Main_Course_MachineLearning_Presentation.vrb)
File: images/logo_yhk.png Graphic file (type png)
<use images/logo_yhk.png>
Package pdftex.def Info: images/logo_yhk.png  used on input line 255.
(pdftex.def)             Requested size: 17.07164pt x 12.43224pt.
[804

]
\openout4 = `Main_Course_MachineLearning_Presentation.vrb'.

(Main_Course_MachineLearning_Presentation.vrb)
File: images/logo_yhk.png Graphic file (type png)
<use images/logo_yhk.png>
Package pdftex.def Info: images/logo_yhk.png  used on input line 270.
(pdftex.def)             Requested size: 17.07164pt x 12.43224pt.
[805

]
\openout4 = `Main_Course_MachineLearning_Presentation.vrb'.

(Main_Course_MachineLearning_Presentation.vrb)
File: images/logo_yhk.png Graphic file (type png)
<use images/logo_yhk.png>
Package pdftex.def Info: images/logo_yhk.png  used on input line 280.
(pdftex.def)             Requested size: 17.07164pt x 12.43224pt.
[806

]
\openout4 = `Main_Course_MachineLearning_Presentation.vrb'.

(Main_Course_MachineLearning_Presentation.vrb)
File: images/logo_yhk.png Graphic file (type png)
<use images/logo_yhk.png>
Package pdftex.def Info: images/logo_yhk.png  used on input line 298.
(pdftex.def)             Requested size: 17.07164pt x 12.43224pt.
[807

]
\openout4 = `Main_Course_MachineLearning_Presentation.vrb'.

(Main_Course_MachineLearning_Presentation.vrb)
File: images/logo_yhk.png Graphic file (type png)
<use images/logo_yhk.png>
Package pdftex.def Info: images/logo_yhk.png  used on input line 309.
(pdftex.def)             Requested size: 17.07164pt x 12.43224pt.
[808

]
\openout4 = `Main_Course_MachineLearning_Presentation.vrb'.

(Main_Course_MachineLearning_Presentation.vrb)
File: images/logo_yhk.png Graphic file (type png)
<use images/logo_yhk.png>
Package pdftex.def Info: images/logo_yhk.png  used on input line 325.
(pdftex.def)             Requested size: 17.07164pt x 12.43224pt.
[809

]
\openout4 = `Main_Course_MachineLearning_Presentation.vrb'.

(Main_Course_MachineLearning_Presentation.vrb)
File: images/logo_yhk.png Graphic file (type png)
<use images/logo_yhk.png>
Package pdftex.def Info: images/logo_yhk.png  used on input line 337.
(pdftex.def)             Requested size: 17.07164pt x 12.43224pt.
[810

]
\openout4 = `Main_Course_MachineLearning_Presentation.vrb'.

(Main_Course_MachineLearning_Presentation.vrb)
File: images/logo_yhk.png Graphic file (type png)
<use images/logo_yhk.png>
Package pdftex.def Info: images/logo_yhk.png  used on input line 356.
(pdftex.def)             Requested size: 17.07164pt x 12.43224pt.
[811

]
\openout4 = `Main_Course_MachineLearning_Presentation.vrb'.

(Main_Course_MachineLearning_Presentation.vrb)
File: images/logo_yhk.png Graphic file (type png)
<use images/logo_yhk.png>
Package pdftex.def Info: images/logo_yhk.png  used on input line 363.
(pdftex.def)             Requested size: 17.07164pt x 12.43224pt.
[812

]
\openout4 = `Main_Course_MachineLearning_Presentation.vrb'.

(Main_Course_MachineLearning_Presentation.vrb)
File: images/logo_yhk.png Graphic file (type png)
<use images/logo_yhk.png>
Package pdftex.def Info: images/logo_yhk.png  used on input line 370.
(pdftex.def)             Requested size: 17.07164pt x 12.43224pt.
[813

]
\openout4 = `Main_Course_MachineLearning_Presentation.vrb'.

(Main_Course_MachineLearning_Presentation.vrb)
File: images/logo_yhk.png Graphic file (type png)
<use images/logo_yhk.png>
Package pdftex.def Info: images/logo_yhk.png  used on input line 377.
(pdftex.def)             Requested size: 17.07164pt x 12.43224pt.
[814

]
\openout4 = `Main_Course_MachineLearning_Presentation.vrb'.

(Main_Course_MachineLearning_Presentation.vrb)
File: images/logo_yhk.png Graphic file (type png)
<use images/logo_yhk.png>
Package pdftex.def Info: images/logo_yhk.png  used on input line 384.
(pdftex.def)             Requested size: 17.07164pt x 12.43224pt.
[815

]))) (workshop_ml_regression_content.tex (seminar_ml_regression_content.tex (ml
_linearregression.tex
\openout4 = `Main_Course_MachineLearning_Presentation.vrb'.

(Main_Course_MachineLearning_Presentation.vrb)
File: images/logo_yhk.png Graphic file (type png)
<use images/logo_yhk.png>
Package pdftex.def Info: images/logo_yhk.png  used on input line 6.
(pdftex.def)             Requested size: 17.07164pt x 12.43224pt.
[816

]
\openout4 = `Main_Course_MachineLearning_Presentation.vrb'.

(Main_Course_MachineLearning_Presentation.vrb)
File: images/logo_yhk.png Graphic file (type png)
<use images/logo_yhk.png>
Package pdftex.def Info: images/logo_yhk.png  used on input line 21.
(pdftex.def)             Requested size: 17.07164pt x 12.43224pt.
[817

]
\openout4 = `Main_Course_MachineLearning_Presentation.vrb'.

(Main_Course_MachineLearning_Presentation.vrb)
File: images/logo_yhk.png Graphic file (type png)
<use images/logo_yhk.png>
Package pdftex.def Info: images/logo_yhk.png  used on input line 32.
(pdftex.def)             Requested size: 17.07164pt x 12.43224pt.
[818

]
\openout4 = `Main_Course_MachineLearning_Presentation.vrb'.

(Main_Course_MachineLearning_Presentation.vrb
<images/lab1.png, id=6521, 496.85625pt x 334.24875pt>
File: images/lab1.png Graphic file (type png)
<use images/lab1.png>
Package pdftex.def Info: images/lab1.png  used on input line 8.
(pdftex.def)             Requested size: 138.2795pt x 93.02287pt.
)
File: images/logo_yhk.png Graphic file (type png)
<use images/logo_yhk.png>
Package pdftex.def Info: images/logo_yhk.png  used on input line 45.
(pdftex.def)             Requested size: 17.07164pt x 12.43224pt.
[819

 <./images/lab1.png>]
\openout4 = `Main_Course_MachineLearning_Presentation.vrb'.

(Main_Course_MachineLearning_Presentation.vrb
<images/lab2.png, id=6528, 478.78876pt x 331.2375pt>
File: images/lab2.png Graphic file (type png)
<use images/lab2.png>
Package pdftex.def Info: images/lab2.png  used on input line 8.
(pdftex.def)             Requested size: 138.2795pt x 95.66217pt.
)
File: images/logo_yhk.png Graphic file (type png)
<use images/logo_yhk.png>
Package pdftex.def Info: images/logo_yhk.png  used on input line 58.
(pdftex.def)             Requested size: 17.07164pt x 12.43224pt.
[820

 <./images/lab2.png>]
\openout4 = `Main_Course_MachineLearning_Presentation.vrb'.

(Main_Course_MachineLearning_Presentation.vrb
File: images/lab2.png Graphic file (type png)
<use images/lab2.png>
Package pdftex.def Info: images/lab2.png  used on input line 7.
(pdftex.def)             Requested size: 138.2795pt x 95.66217pt.
)
File: images/logo_yhk.png Graphic file (type png)
<use images/logo_yhk.png>
Package pdftex.def Info: images/logo_yhk.png  used on input line 70.
(pdftex.def)             Requested size: 17.07164pt x 12.43224pt.
[821

]
\openout4 = `Main_Course_MachineLearning_Presentation.vrb'.

(Main_Course_MachineLearning_Presentation.vrb)
File: images/logo_yhk.png Graphic file (type png)
<use images/logo_yhk.png>
Package pdftex.def Info: images/logo_yhk.png  used on input line 83.
(pdftex.def)             Requested size: 17.07164pt x 12.43224pt.
[822

]
\openout4 = `Main_Course_MachineLearning_Presentation.vrb'.

(Main_Course_MachineLearning_Presentation.vrb)
File: images/logo_yhk.png Graphic file (type png)
<use images/logo_yhk.png>
Package pdftex.def Info: images/logo_yhk.png  used on input line 99.
(pdftex.def)             Requested size: 17.07164pt x 12.43224pt.
[823

]
\openout4 = `Main_Course_MachineLearning_Presentation.vrb'.

(Main_Course_MachineLearning_Presentation.vrb)
File: images/logo_yhk.png Graphic file (type png)
<use images/logo_yhk.png>
Package pdftex.def Info: images/logo_yhk.png  used on input line 106.
(pdftex.def)             Requested size: 17.07164pt x 12.43224pt.
[824

]
\openout4 = `Main_Course_MachineLearning_Presentation.vrb'.

(Main_Course_MachineLearning_Presentation.vrb)
File: images/logo_yhk.png Graphic file (type png)
<use images/logo_yhk.png>
Package pdftex.def Info: images/logo_yhk.png  used on input line 123.
(pdftex.def)             Requested size: 17.07164pt x 12.43224pt.
[825

]
\openout4 = `Main_Course_MachineLearning_Presentation.vrb'.

(Main_Course_MachineLearning_Presentation.vrb)
File: images/logo_yhk.png Graphic file (type png)
<use images/logo_yhk.png>
Package pdftex.def Info: images/logo_yhk.png  used on input line 133.
(pdftex.def)             Requested size: 17.07164pt x 12.43224pt.
[826

]
\openout4 = `Main_Course_MachineLearning_Presentation.vrb'.

(Main_Course_MachineLearning_Presentation.vrb
<images/linregf1.png, id=6581, 615.0478pt x 260.47313pt>
File: images/linregf1.png Graphic file (type png)
<use images/linregf1.png>
Package pdftex.def Info: images/linregf1.png  used on input line 3.
(pdftex.def)             Requested size: 276.559pt x 117.12437pt.
)
File: images/logo_yhk.png Graphic file (type png)
<use images/logo_yhk.png>
Package pdftex.def Info: images/logo_yhk.png  used on input line 147.
(pdftex.def)             Requested size: 17.07164pt x 12.43224pt.
[827

 <./images/linregf1.png>]
\openout4 = `Main_Course_MachineLearning_Presentation.vrb'.

(Main_Course_MachineLearning_Presentation.vrb
<images/linregf2.png, id=6588, 979.40906pt x 413.29407pt>
File: images/linregf2.png Graphic file (type png)
<use images/linregf2.png>
Package pdftex.def Info: images/linregf2.png  used on input line 3.
(pdftex.def)             Requested size: 276.559pt x 116.69902pt.
)
File: images/logo_yhk.png Graphic file (type png)
<use images/logo_yhk.png>
Package pdftex.def Info: images/logo_yhk.png  used on input line 159.
(pdftex.def)             Requested size: 17.07164pt x 12.43224pt.
[828

 <./images/linregf2.png>]
\openout4 = `Main_Course_MachineLearning_Presentation.vrb'.

(Main_Course_MachineLearning_Presentation.vrb
<images/linregf3.png, id=6595, 609.02531pt x 259.7203pt>
File: images/linregf3.png Graphic file (type png)
<use images/linregf3.png>
Package pdftex.def Info: images/linregf3.png  used on input line 3.
(pdftex.def)             Requested size: 276.559pt x 117.94305pt.
)
File: images/logo_yhk.png Graphic file (type png)
<use images/logo_yhk.png>
Package pdftex.def Info: images/logo_yhk.png  used on input line 173.
(pdftex.def)             Requested size: 17.07164pt x 12.43224pt.
[829

 <./images/linregf3.png>]
\openout4 = `Main_Course_MachineLearning_Presentation.vrb'.

(Main_Course_MachineLearning_Presentation.vrb
<images/linregf4.png, id=6603, 616.55344pt x 264.23718pt>
File: images/linregf4.png Graphic file (type png)
<use images/linregf4.png>
Package pdftex.def Info: images/linregf4.png  used on input line 3.
(pdftex.def)             Requested size: 276.559pt x 118.52663pt.
)
File: images/logo_yhk.png Graphic file (type png)
<use images/logo_yhk.png>
Package pdftex.def Info: images/logo_yhk.png  used on input line 186.
(pdftex.def)             Requested size: 17.07164pt x 12.43224pt.
[830

 <./images/linregf4.png>]
\openout4 = `Main_Course_MachineLearning_Presentation.vrb'.

(Main_Course_MachineLearning_Presentation.vrb
<images/linregf5.png, id=6610, 609.77812pt x 256.70906pt>
File: images/linregf5.png Graphic file (type png)
<use images/linregf5.png>
Package pdftex.def Info: images/linregf5.png  used on input line 3.
(pdftex.def)             Requested size: 276.559pt x 116.43068pt.
)
File: images/logo_yhk.png Graphic file (type png)
<use images/logo_yhk.png>
Package pdftex.def Info: images/logo_yhk.png  used on input line 199.
(pdftex.def)             Requested size: 17.07164pt x 12.43224pt.
[831

 <./images/linregf5.png>]
\openout4 = `Main_Course_MachineLearning_Presentation.vrb'.

(Main_Course_MachineLearning_Presentation.vrb
<images/linregf6.png, id=6617, 617.30624pt x 264.23718pt>
File: images/linregf6.png Graphic file (type png)
<use images/linregf6.png>
Package pdftex.def Info: images/linregf6.png  used on input line 5.
(pdftex.def)             Requested size: 276.559pt x 118.38147pt.
)
File: images/logo_yhk.png Graphic file (type png)
<use images/logo_yhk.png>
Package pdftex.def Info: images/logo_yhk.png  used on input line 212.
(pdftex.def)             Requested size: 17.07164pt x 12.43224pt.
[832

 <./images/linregf6.png>]
\openout4 = `Main_Course_MachineLearning_Presentation.vrb'.

(Main_Course_MachineLearning_Presentation.vrb
<images/linregf7.png, id=6624, 615.80063pt x 259.7203pt>
File: images/linregf7.png Graphic file (type png)
<use images/linregf7.png>
Package pdftex.def Info: images/linregf7.png  used on input line 3.
(pdftex.def)             Requested size: 276.559pt x 116.64319pt.
)
File: images/logo_yhk.png Graphic file (type png)
<use images/logo_yhk.png>
Package pdftex.def Info: images/logo_yhk.png  used on input line 223.
(pdftex.def)             Requested size: 17.07164pt x 12.43224pt.
[833

 <./images/linregf7.png>]
\openout4 = `Main_Course_MachineLearning_Presentation.vrb'.

(Main_Course_MachineLearning_Presentation.vrb
<images/linregf8.png, id=6631, 613.54219pt x 264.23718pt>
File: images/linregf8.png Graphic file (type png)
<use images/linregf8.png>
Package pdftex.def Info: images/linregf8.png  used on input line 3.
(pdftex.def)             Requested size: 307.28987pt x 132.34001pt.
)
File: images/logo_yhk.png Graphic file (type png)
<use images/logo_yhk.png>
Package pdftex.def Info: images/logo_yhk.png  used on input line 235.
(pdftex.def)             Requested size: 17.07164pt x 12.43224pt.
[834

 <./images/linregf8.png>]
\openout4 = `Main_Course_MachineLearning_Presentation.vrb'.

(Main_Course_MachineLearning_Presentation.vrb
<images/linregf9.png, id=6638, 610.53094pt x 259.7203pt>
File: images/linregf9.png Graphic file (type png)
<use images/linregf9.png>
Package pdftex.def Info: images/linregf9.png  used on input line 3.
(pdftex.def)             Requested size: 276.559pt x 117.65376pt.
)
File: images/logo_yhk.png Graphic file (type png)
<use images/logo_yhk.png>
Package pdftex.def Info: images/logo_yhk.png  used on input line 248.
(pdftex.def)             Requested size: 17.07164pt x 12.43224pt.
[835

 <./images/linregf9.png>]
\openout4 = `Main_Course_MachineLearning_Presentation.vrb'.

(Main_Course_MachineLearning_Presentation.vrb
<images/linregf10.png, id=6646, 610.53094pt x 264.23718pt>
File: images/linregf10.png Graphic file (type png)
<use images/linregf10.png>
Package pdftex.def Info: images/linregf10.png  used on input line 3.
(pdftex.def)             Requested size: 276.559pt x 119.6999pt.
)
File: images/logo_yhk.png Graphic file (type png)
<use images/logo_yhk.png>
Package pdftex.def Info: images/logo_yhk.png  used on input line 260.
(pdftex.def)             Requested size: 17.07164pt x 12.43224pt.
[836

 <./images/linregf10.png>]
\openout4 = `Main_Course_MachineLearning_Presentation.vrb'.

(Main_Course_MachineLearning_Presentation.vrb
<images/linregf11.png, id=6653, 612.78937pt x 154.32657pt>
File: images/linregf11.png Graphic file (type png)
<use images/linregf11.png>
Package pdftex.def Info: images/linregf11.png  used on input line 3.
(pdftex.def)             Requested size: 276.559pt x 69.64882pt.
)
File: images/logo_yhk.png Graphic file (type png)
<use images/logo_yhk.png>
Package pdftex.def Info: images/logo_yhk.png  used on input line 273.
(pdftex.def)             Requested size: 17.07164pt x 12.43224pt.
[837

 <./images/linregf11.png>]
\openout4 = `Main_Course_MachineLearning_Presentation.vrb'.

(Main_Course_MachineLearning_Presentation.vrb
<images/linregf12.png, id=6660, 618.05907pt x 341.02406pt>
File: images/linregf12.png Graphic file (type png)
<use images/linregf12.png>
Package pdftex.def Info: images/linregf12.png  used on input line 3.
(pdftex.def)             Requested size: 276.559pt x 152.60081pt.
)
File: images/logo_yhk.png Graphic file (type png)
<use images/logo_yhk.png>
Package pdftex.def Info: images/logo_yhk.png  used on input line 290.
(pdftex.def)             Requested size: 17.07164pt x 12.43224pt.
[838

 <./images/linregf12.png>]
\openout4 = `Main_Course_MachineLearning_Presentation.vrb'.

(Main_Course_MachineLearning_Presentation.vrb)
File: images/logo_yhk.png Graphic file (type png)
<use images/logo_yhk.png>
Package pdftex.def Info: images/logo_yhk.png  used on input line 331.
(pdftex.def)             Requested size: 17.07164pt x 12.43224pt.
[839

]
\openout4 = `Main_Course_MachineLearning_Presentation.vrb'.

(Main_Course_MachineLearning_Presentation.vrb)
File: images/logo_yhk.png Graphic file (type png)
<use images/logo_yhk.png>
Package pdftex.def Info: images/logo_yhk.png  used on input line 348.
(pdftex.def)             Requested size: 17.07164pt x 12.43224pt.
[840

]
\openout4 = `Main_Course_MachineLearning_Presentation.vrb'.

(Main_Course_MachineLearning_Presentation.vrb)
File: images/logo_yhk.png Graphic file (type png)
<use images/logo_yhk.png>
Package pdftex.def Info: images/logo_yhk.png  used on input line 355.
(pdftex.def)             Requested size: 17.07164pt x 12.43224pt.
[841

]
\openout4 = `Main_Course_MachineLearning_Presentation.vrb'.

(Main_Course_MachineLearning_Presentation.vrb)
File: images/logo_yhk.png Graphic file (type png)
<use images/logo_yhk.png>
Package pdftex.def Info: images/logo_yhk.png  used on input line 362.
(pdftex.def)             Requested size: 17.07164pt x 12.43224pt.
[842

]
\openout4 = `Main_Course_MachineLearning_Presentation.vrb'.

(Main_Course_MachineLearning_Presentation.vrb)
File: images/logo_yhk.png Graphic file (type png)
<use images/logo_yhk.png>
Package pdftex.def Info: images/logo_yhk.png  used on input line 506.
(pdftex.def)             Requested size: 17.07164pt x 12.43224pt.
[843

]
\openout4 = `Main_Course_MachineLearning_Presentation.vrb'.

(Main_Course_MachineLearning_Presentation.vrb
<images/statq58.png, id=6737, 475.02469pt x 286.82156pt>
File: images/statq58.png Graphic file (type png)
<use images/statq58.png>
Package pdftex.def Info: images/statq58.png  used on input line 11.
(pdftex.def)             Requested size: 153.64493pt x 92.76949pt.
)
File: images/logo_yhk.png Graphic file (type png)
<use images/logo_yhk.png>
Package pdftex.def Info: images/logo_yhk.png  used on input line 524.
(pdftex.def)             Requested size: 17.07164pt x 12.43224pt.
[844

 <./images/statq58.png>]
\openout4 = `Main_Course_MachineLearning_Presentation.vrb'.

(Main_Course_MachineLearning_Presentation.vrb
<images/statq59.png, id=6744, 662.475pt x 335.75438pt>
File: images/statq59.png Graphic file (type png)
<use images/statq59.png>
Package pdftex.def Info: images/statq59.png  used on input line 4.
(pdftex.def)             Requested size: 245.83282pt x 124.59091pt.
)
File: images/logo_yhk.png Graphic file (type png)
<use images/logo_yhk.png>
Package pdftex.def Info: images/logo_yhk.png  used on input line 535.
(pdftex.def)             Requested size: 17.07164pt x 12.43224pt.
[845

 <./images/statq59.png>]
\openout4 = `Main_Course_MachineLearning_Presentation.vrb'.

(Main_Course_MachineLearning_Presentation.vrb
<images/statq60.png, id=6751, 571.38469pt x 285.31593pt>
File: images/statq60.png Graphic file (type png)
<use images/statq60.png>
Package pdftex.def Info: images/statq60.png  used on input line 4.
(pdftex.def)             Requested size: 245.83282pt x 122.75311pt.
)
File: images/logo_yhk.png Graphic file (type png)
<use images/logo_yhk.png>
Package pdftex.def Info: images/logo_yhk.png  used on input line 548.
(pdftex.def)             Requested size: 17.07164pt x 12.43224pt.
[846

 <./images/statq60.png>]
\openout4 = `Main_Course_MachineLearning_Presentation.vrb'.

(Main_Course_MachineLearning_Presentation.vrb
<images/statq61.png, id=6758, 532.99126pt x 307.90031pt>
File: images/statq61.png Graphic file (type png)
<use images/statq61.png>
Package pdftex.def Info: images/statq61.png  used on input line 6.
(pdftex.def)             Requested size: 245.83282pt x 142.0117pt.
)
File: images/logo_yhk.png Graphic file (type png)
<use images/logo_yhk.png>
Package pdftex.def Info: images/logo_yhk.png  used on input line 563.
(pdftex.def)             Requested size: 17.07164pt x 12.43224pt.
[847

 <./images/statq61.png>]
\openout4 = `Main_Course_MachineLearning_Presentation.vrb'.

(Main_Course_MachineLearning_Presentation.vrb
<images/statq62.png, id=6766, 537.50812pt x 341.02406pt>
File: images/statq62.png Graphic file (type png)
<use images/statq62.png>
Package pdftex.def Info: images/statq62.png  used on input line 6.
(pdftex.def)             Requested size: 215.10196pt x 136.46965pt.
)
File: images/logo_yhk.png Graphic file (type png)
<use images/logo_yhk.png>
Package pdftex.def Info: images/logo_yhk.png  used on input line 578.
(pdftex.def)             Requested size: 17.07164pt x 12.43224pt.
[848

 <./images/statq62.png>]
\openout4 = `Main_Course_MachineLearning_Presentation.vrb'.

(Main_Course_MachineLearning_Presentation.vrb
<images/statq63.png, id=6773, 515.67656pt x 339.51843pt>
File: images/statq63.png Graphic file (type png)
<use images/statq63.png>
Package pdftex.def Info: images/statq63.png  used on input line 6.
(pdftex.def)             Requested size: 215.10196pt x 141.61761pt.
)
File: images/logo_yhk.png Graphic file (type png)
<use images/logo_yhk.png>
Package pdftex.def Info: images/logo_yhk.png  used on input line 593.
(pdftex.def)             Requested size: 17.07164pt x 12.43224pt.
[849

 <./images/statq63.png>]
\openout4 = `Main_Course_MachineLearning_Presentation.vrb'.

(Main_Course_MachineLearning_Presentation.vrb
<images/statq64.png, id=6780, 575.14874pt x 325.96782pt>
File: images/statq64.png Graphic file (type png)
<use images/statq64.png>
Package pdftex.def Info: images/statq64.png  used on input line 5.
(pdftex.def)             Requested size: 215.10196pt x 121.90935pt.
)
File: images/logo_yhk.png Graphic file (type png)
<use images/logo_yhk.png>
Package pdftex.def Info: images/logo_yhk.png  used on input line 607.
(pdftex.def)             Requested size: 17.07164pt x 12.43224pt.
[850

 <./images/statq64.png>]
\openout4 = `Main_Course_MachineLearning_Presentation.vrb'.

(Main_Course_MachineLearning_Presentation.vrb
<images/statq65.png, id=6787, 537.50812pt x 298.86656pt>
File: images/statq65.png Graphic file (type png)
<use images/statq65.png>
Package pdftex.def Info: images/statq65.png  used on input line 9.
(pdftex.def)             Requested size: 215.10196pt x 119.59921pt.
)
File: images/logo_yhk.png Graphic file (type png)
<use images/logo_yhk.png>
Package pdftex.def Info: images/logo_yhk.png  used on input line 623.
(pdftex.def)             Requested size: 17.07164pt x 12.43224pt.
[851

 <./images/statq65.png>]
\openout4 = `Main_Course_MachineLearning_Presentation.vrb'.

(Main_Course_MachineLearning_Presentation.vrb
<images/statq66.png, id=6794, 510.40688pt x 295.85532pt>
File: images/statq66.png Graphic file (type png)
<use images/statq66.png>
Package pdftex.def Info: images/statq66.png  used on input line 10.
(pdftex.def)             Requested size: 215.10196pt x 124.68272pt.
)
File: images/logo_yhk.png Graphic file (type png)
<use images/logo_yhk.png>
Package pdftex.def Info: images/logo_yhk.png  used on input line 658.
(pdftex.def)             Requested size: 17.07164pt x 12.43224pt.
[852

 <./images/statq66.png>]
\openout4 = `Main_Course_MachineLearning_Presentation.vrb'.

(Main_Course_MachineLearning_Presentation.vrb
<images/statq67.png, id=6801, 475.02469pt x 308.65312pt>
File: images/statq67.png Graphic file (type png)
<use images/statq67.png>
Package pdftex.def Info: images/statq67.png  used on input line 9.
(pdftex.def)             Requested size: 73.75125pt x 47.91609pt.
<images/statq68.png, id=6802, 392.21532pt x 316.18124pt>
File: images/statq68.png Graphic file (type png)
<use images/statq68.png>
Package pdftex.def Info: images/statq68.png  used on input line 10.
(pdftex.def)             Requested size: 73.75125pt x 59.45268pt.
<images/statq69.png, id=6803, 392.21532pt x 321.45094pt>
File: images/statq69.png Graphic file (type png)
<use images/statq69.png>
Package pdftex.def Info: images/statq69.png  used on input line 11.
(pdftex.def)             Requested size: 73.75125pt x 60.44357pt.
<images/statq70.png, id=6804, 392.21532pt x 316.18124pt>
File: images/statq70.png Graphic file (type png)
<use images/statq70.png>
Package pdftex.def Info: images/statq70.png  used on input line 12.
(pdftex.def)             Requested size: 73.75125pt x 59.45268pt.
)
File: images/logo_yhk.png Graphic file (type png)
<use images/logo_yhk.png>
Package pdftex.def Info: images/logo_yhk.png  used on input line 678.
(pdftex.def)             Requested size: 17.07164pt x 12.43224pt.
[853

 <./images/statq67.png> <./images/statq68.png> <./images/statq69.png> <./images
/statq70.png>]
\openout4 = `Main_Course_MachineLearning_Presentation.vrb'.

(Main_Course_MachineLearning_Presentation.vrb
<images/statq71.png, id=6812, 568.37344pt x 338.01282pt>
File: images/statq71.png Graphic file (type png)
<use images/statq71.png>
Package pdftex.def Info: images/statq71.png  used on input line 4.
(pdftex.def)             Requested size: 215.10196pt x 127.92012pt.
)
File: images/logo_yhk.png Graphic file (type png)
<use images/logo_yhk.png>
Package pdftex.def Info: images/logo_yhk.png  used on input line 690.
(pdftex.def)             Requested size: 17.07164pt x 12.43224pt.
[854

 <./images/statq71.png>]
\openout4 = `Main_Course_MachineLearning_Presentation.vrb'.

(Main_Course_MachineLearning_Presentation.vrb
<images/statq72.png, id=6819, 528.47438pt x 338.76563pt>
File: images/statq72.png Graphic file (type png)
<use images/statq72.png>
Package pdftex.def Info: images/statq72.png  used on input line 9.
(pdftex.def)             Requested size: 153.64493pt x 98.48763pt.
)
File: images/logo_yhk.png Graphic file (type png)
<use images/logo_yhk.png>
Package pdftex.def Info: images/logo_yhk.png  used on input line 709.
(pdftex.def)             Requested size: 17.07164pt x 12.43224pt.
[855

 <./images/statq72.png>]
\openout4 = `Main_Course_MachineLearning_Presentation.vrb'.

(Main_Course_MachineLearning_Presentation.vrb
<images/statq73.png, id=6826, 462.22687pt x 294.34969pt>
File: images/statq73.png Graphic file (type png)
<use images/statq73.png>
Package pdftex.def Info: images/statq73.png  used on input line 4.
(pdftex.def)             Requested size: 215.10196pt x 136.97897pt.
)
File: images/logo_yhk.png Graphic file (type png)
<use images/logo_yhk.png>
Package pdftex.def Info: images/logo_yhk.png  used on input line 720.
(pdftex.def)             Requested size: 17.07164pt x 12.43224pt.
[856

 <./images/statq73.png>]
\openout4 = `Main_Course_MachineLearning_Presentation.vrb'.

(Main_Course_MachineLearning_Presentation.vrb
<images/statq74.png, id=6833, 555.57562pt x 303.38344pt>
File: images/statq74.png Graphic file (type png)
<use images/statq74.png>
Package pdftex.def Info: images/statq74.png  used on input line 8.
(pdftex.def)             Requested size: 215.10196pt x 117.46265pt.
)
File: images/logo_yhk.png Graphic file (type png)
<use images/logo_yhk.png>
Package pdftex.def Info: images/logo_yhk.png  used on input line 738.
(pdftex.def)             Requested size: 17.07164pt x 12.43224pt.
[857

 <./images/statq74.png>]
\openout4 = `Main_Course_MachineLearning_Presentation.vrb'.

(Main_Course_MachineLearning_Presentation.vrb)
File: images/logo_yhk.png Graphic file (type png)
<use images/logo_yhk.png>
Package pdftex.def Info: images/logo_yhk.png  used on input line 758.
(pdftex.def)             Requested size: 17.07164pt x 12.43224pt.
[858

]
\openout4 = `Main_Course_MachineLearning_Presentation.vrb'.

(Main_Course_MachineLearning_Presentation.vrb)
File: images/logo_yhk.png Graphic file (type png)
<use images/logo_yhk.png>
Package pdftex.def Info: images/logo_yhk.png  used on input line 765.
(pdftex.def)             Requested size: 17.07164pt x 12.43224pt.
[859

]
\openout4 = `Main_Course_MachineLearning_Presentation.vrb'.

(Main_Course_MachineLearning_Presentation.vrb)
File: images/logo_yhk.png Graphic file (type png)
<use images/logo_yhk.png>
Package pdftex.def Info: images/logo_yhk.png  used on input line 772.
(pdftex.def)             Requested size: 17.07164pt x 12.43224pt.
[860

]
\openout4 = `Main_Course_MachineLearning_Presentation.vrb'.

(Main_Course_MachineLearning_Presentation.vrb)
File: images/logo_yhk.png Graphic file (type png)
<use images/logo_yhk.png>
Package pdftex.def Info: images/logo_yhk.png  used on input line 1253.
(pdftex.def)             Requested size: 17.07164pt x 12.43224pt.
[861

]
\openout4 = `Main_Course_MachineLearning_Presentation.vrb'.

(Main_Course_MachineLearning_Presentation.vrb
<images/advtdata.png, id=6890, 1008.76875pt x 260.47313pt>
File: images/advtdata.png Graphic file (type png)
<use images/advtdata.png>
Package pdftex.def Info: images/advtdata.png  used on input line 12.
(pdftex.def)             Requested size: 245.83282pt x 63.47267pt.
)
File: images/logo_yhk.png Graphic file (type png)
<use images/logo_yhk.png>
Package pdftex.def Info: images/logo_yhk.png  used on input line 1270.
(pdftex.def)             Requested size: 17.07164pt x 12.43224pt.
[862

 <./images/advtdata.png>]
\openout4 = `Main_Course_MachineLearning_Presentation.vrb'.

(Main_Course_MachineLearning_Presentation.vrb)
File: images/logo_yhk.png Graphic file (type png)
<use images/logo_yhk.png>
Package pdftex.def Info: images/logo_yhk.png  used on input line 1287.
(pdftex.def)             Requested size: 17.07164pt x 12.43224pt.
[863

]
\openout4 = `Main_Course_MachineLearning_Presentation.vrb'.

(Main_Course_MachineLearning_Presentation.vrb
<images/corrmat.png, id=6904, 795.72281pt x 220.57407pt>
File: images/corrmat.png Graphic file (type png)
<use images/corrmat.png>
Package pdftex.def Info: images/corrmat.png  used on input line 5.
(pdftex.def)             Requested size: 245.83282pt x 68.14165pt.
)
File: images/logo_yhk.png Graphic file (type png)
<use images/logo_yhk.png>
Package pdftex.def Info: images/logo_yhk.png  used on input line 1301.
(pdftex.def)             Requested size: 17.07164pt x 12.43224pt.
[864

 <./images/corrmat.png>]
\openout4 = `Main_Course_MachineLearning_Presentation.vrb'.

(Main_Course_MachineLearning_Presentation.vrb
File: images/corrmat.png Graphic file (type png)
<use images/corrmat.png>
Package pdftex.def Info: images/corrmat.png  used on input line 3.
(pdftex.def)             Requested size: 245.83282pt x 68.14165pt.
)
File: images/logo_yhk.png Graphic file (type png)
<use images/logo_yhk.png>
Package pdftex.def Info: images/logo_yhk.png  used on input line 1313.
(pdftex.def)             Requested size: 17.07164pt x 12.43224pt.
[865

]
\openout4 = `Main_Course_MachineLearning_Presentation.vrb'.

(Main_Course_MachineLearning_Presentation.vrb
<images/advtscatter.png, id=6919, 407.27156pt x 283.0575pt>
File: images/advtscatter.png Graphic file (type png)
<use images/advtscatter.png>
Package pdftex.def Info: images/advtscatter.png  used on input line 17.
(pdftex.def)             Requested size: 115.51422pt x 80.2835pt.
)
File: images/logo_yhk.png Graphic file (type png)
<use images/logo_yhk.png>
Package pdftex.def Info: images/logo_yhk.png  used on input line 1334.
(pdftex.def)             Requested size: 17.07164pt x 12.43224pt.
[866

 <./images/advtscatter.png>]
\openout4 = `Main_Course_MachineLearning_Presentation.vrb'.

(Main_Course_MachineLearning_Presentation.vrb)
File: images/logo_yhk.png Graphic file (type png)
<use images/logo_yhk.png>
Package pdftex.def Info: images/logo_yhk.png  used on input line 1351.
(pdftex.def)             Requested size: 17.07164pt x 12.43224pt.
[867

]
\openout4 = `Main_Course_MachineLearning_Presentation.vrb'.

(Main_Course_MachineLearning_Presentation.vrb
<images/advtscatterline.png, id=6933, 390.70969pt x 266.49562pt>
File: images/advtscatterline.png Graphic file (type png)
<use images/advtscatterline.png>
Package pdftex.def Info: images/advtscatterline.png  used on input line 10.
(pdftex.def)             Requested size: 184.3758pt x 125.75719pt.
)
File: images/logo_yhk.png Graphic file (type png)
<use images/logo_yhk.png>
Package pdftex.def Info: images/logo_yhk.png  used on input line 1368.
(pdftex.def)             Requested size: 17.07164pt x 12.43224pt.
[868

 <./images/advtscatterline.png>]
\openout4 = `Main_Course_MachineLearning_Presentation.vrb'.

(Main_Course_MachineLearning_Presentation.vrb)
File: images/logo_yhk.png Graphic file (type png)
<use images/logo_yhk.png>
Package pdftex.def Info: images/logo_yhk.png  used on input line 1449.
(pdftex.def)             Requested size: 17.07164pt x 12.43224pt.
[869

]
\openout4 = `Main_Course_MachineLearning_Presentation.vrb'.

(Main_Course_MachineLearning_Presentation.vrb)
File: images/logo_yhk.png Graphic file (type png)
<use images/logo_yhk.png>
Package pdftex.def Info: images/logo_yhk.png  used on input line 1477.
(pdftex.def)             Requested size: 17.07164pt x 12.43224pt.
[870

]
\openout4 = `Main_Course_MachineLearning_Presentation.vrb'.

(Main_Course_MachineLearning_Presentation.vrb)
File: images/logo_yhk.png Graphic file (type png)
<use images/logo_yhk.png>
Package pdftex.def Info: images/logo_yhk.png  used on input line 1503.
(pdftex.def)             Requested size: 17.07164pt x 12.43224pt.
[871

]
\openout4 = `Main_Course_MachineLearning_Presentation.vrb'.

(Main_Course_MachineLearning_Presentation.vrb)
File: images/logo_yhk.png Graphic file (type png)
<use images/logo_yhk.png>
Package pdftex.def Info: images/logo_yhk.png  used on input line 1514.
(pdftex.def)             Requested size: 17.07164pt x 12.43224pt.
[872

]
\openout4 = `Main_Course_MachineLearning_Presentation.vrb'.

(Main_Course_MachineLearning_Presentation.vrb)
File: images/logo_yhk.png Graphic file (type png)
<use images/logo_yhk.png>
Package pdftex.def Info: images/logo_yhk.png  used on input line 1521.
(pdftex.def)             Requested size: 17.07164pt x 12.43224pt.
[873

]
\openout4 = `Main_Course_MachineLearning_Presentation.vrb'.

(Main_Course_MachineLearning_Presentation.vrb)
File: images/logo_yhk.png Graphic file (type png)
<use images/logo_yhk.png>
Package pdftex.def Info: images/logo_yhk.png  used on input line 1528.
(pdftex.def)             Requested size: 17.07164pt x 12.43224pt.
[874

]
\openout4 = `Main_Course_MachineLearning_Presentation.vrb'.

(Main_Course_MachineLearning_Presentation.vrb)
File: images/logo_yhk.png Graphic file (type png)
<use images/logo_yhk.png>
Package pdftex.def Info: images/logo_yhk.png  used on input line 1607.
(pdftex.def)             Requested size: 17.07164pt x 12.43224pt.
[875

]) (ml_linearregression_sklearn.tex
\openout4 = `Main_Course_MachineLearning_Presentation.vrb'.

(Main_Course_MachineLearning_Presentation.vrb)
File: images/logo_yhk.png Graphic file (type png)
<use images/logo_yhk.png>
Package pdftex.def Info: images/logo_yhk.png  used on input line 6.
(pdftex.def)             Requested size: 17.07164pt x 12.43224pt.
[876

]
\openout4 = `Main_Course_MachineLearning_Presentation.vrb'.

(Main_Course_MachineLearning_Presentation.vrb)
File: images/logo_yhk.png Graphic file (type png)
<use images/logo_yhk.png>
Package pdftex.def Info: images/logo_yhk.png  used on input line 27.
(pdftex.def)             Requested size: 17.07164pt x 12.43224pt.
[877

]
\openout4 = `Main_Course_MachineLearning_Presentation.vrb'.

(Main_Course_MachineLearning_Presentation.vrb)
File: images/logo_yhk.png Graphic file (type png)
<use images/logo_yhk.png>
Package pdftex.def Info: images/logo_yhk.png  used on input line 60.
(pdftex.def)             Requested size: 17.07164pt x 12.43224pt.
[878

]
\openout4 = `Main_Course_MachineLearning_Presentation.vrb'.

(Main_Course_MachineLearning_Presentation.vrb
<images/regrex1.png, id=7035, 485.815pt x 342.27875pt>
File: images/regrex1.png Graphic file (type png)
<use images/regrex1.png>
Package pdftex.def Info: images/regrex1.png  used on input line 5.
(pdftex.def)             Requested size: 153.64493pt x 108.24663pt.
)
File: images/logo_yhk.png Graphic file (type png)
<use images/logo_yhk.png>
Package pdftex.def Info: images/logo_yhk.png  used on input line 85.
(pdftex.def)             Requested size: 17.07164pt x 12.43224pt.
[879

 <./images/regrex1.png>]
\openout4 = `Main_Course_MachineLearning_Presentation.vrb'.

(Main_Course_MachineLearning_Presentation.vrb)
File: images/logo_yhk.png Graphic file (type png)
<use images/logo_yhk.png>
Package pdftex.def Info: images/logo_yhk.png  used on input line 96.
(pdftex.def)             Requested size: 17.07164pt x 12.43224pt.
[880

]
\openout4 = `Main_Course_MachineLearning_Presentation.vrb'.

(Main_Course_MachineLearning_Presentation.vrb)
File: images/logo_yhk.png Graphic file (type png)
<use images/logo_yhk.png>
Package pdftex.def Info: images/logo_yhk.png  used on input line 110.
(pdftex.def)             Requested size: 17.07164pt x 12.43224pt.
[881

]
\openout4 = `Main_Course_MachineLearning_Presentation.vrb'.

(Main_Course_MachineLearning_Presentation.vrb)
File: images/logo_yhk.png Graphic file (type png)
<use images/logo_yhk.png>
Package pdftex.def Info: images/logo_yhk.png  used on input line 119.
(pdftex.def)             Requested size: 17.07164pt x 12.43224pt.
[882

]
\openout4 = `Main_Course_MachineLearning_Presentation.vrb'.

(Main_Course_MachineLearning_Presentation.vrb)
File: images/logo_yhk.png Graphic file (type png)
<use images/logo_yhk.png>
Package pdftex.def Info: images/logo_yhk.png  used on input line 132.
(pdftex.def)             Requested size: 17.07164pt x 12.43224pt.
[883

]
\openout4 = `Main_Course_MachineLearning_Presentation.vrb'.

(Main_Course_MachineLearning_Presentation.vrb)
File: images/logo_yhk.png Graphic file (type png)
<use images/logo_yhk.png>
Package pdftex.def Info: images/logo_yhk.png  used on input line 149.
(pdftex.def)             Requested size: 17.07164pt x 12.43224pt.
[884

]
\openout4 = `Main_Course_MachineLearning_Presentation.vrb'.

(Main_Course_MachineLearning_Presentation.vrb
<images/regrex2.png, id=7074, 485.815pt x 342.27875pt>
File: images/regrex2.png Graphic file (type png)
<use images/regrex2.png>
Package pdftex.def Info: images/regrex2.png  used on input line 3.
(pdftex.def)             Requested size: 276.559pt x 194.84499pt.
)
File: images/logo_yhk.png Graphic file (type png)
<use images/logo_yhk.png>
Package pdftex.def Info: images/logo_yhk.png  used on input line 156.
(pdftex.def)             Requested size: 17.07164pt x 12.43224pt.
[885

 <./images/regrex2.png>]
\openout4 = `Main_Course_MachineLearning_Presentation.vrb'.

(Main_Course_MachineLearning_Presentation.vrb)
File: images/logo_yhk.png Graphic file (type png)
<use images/logo_yhk.png>
Package pdftex.def Info: images/logo_yhk.png  used on input line 167.
(pdftex.def)             Requested size: 17.07164pt x 12.43224pt.
[886

]
\openout4 = `Main_Course_MachineLearning_Presentation.vrb'.

(Main_Course_MachineLearning_Presentation.vrb)
File: images/logo_yhk.png Graphic file (type png)
<use images/logo_yhk.png>
Package pdftex.def Info: images/logo_yhk.png  used on input line 193.
(pdftex.def)             Requested size: 17.07164pt x 12.43224pt.
[887

]
\openout4 = `Main_Course_MachineLearning_Presentation.vrb'.

(Main_Course_MachineLearning_Presentation.vrb
<images/glassdt.png, id=7094, 365.86688pt x 153.57375pt>
File: images/glassdt.png Graphic file (type png)
<use images/glassdt.png>
Package pdftex.def Info: images/glassdt.png  used on input line 4.
(pdftex.def)             Requested size: 276.559pt x 116.09158pt.
)
File: images/logo_yhk.png Graphic file (type png)
<use images/logo_yhk.png>
Package pdftex.def Info: images/logo_yhk.png  used on input line 213.
(pdftex.def)             Requested size: 17.07164pt x 12.43224pt.
[888

 <./images/glassdt.png>]
\openout4 = `Main_Course_MachineLearning_Presentation.vrb'.

(Main_Course_MachineLearning_Presentation.vrb)
File: images/logo_yhk.png Graphic file (type png)
<use images/logo_yhk.png>
Package pdftex.def Info: images/logo_yhk.png  used on input line 226.
(pdftex.def)             Requested size: 17.07164pt x 12.43224pt.
[889

]
\openout4 = `Main_Course_MachineLearning_Presentation.vrb'.

(Main_Course_MachineLearning_Presentation.vrb
File: images/glassdt.png Graphic file (type png)
<use images/glassdt.png>
Package pdftex.def Info: images/glassdt.png  used on input line 3.
(pdftex.def)             Requested size: 276.559pt x 116.09158pt.
)
File: images/logo_yhk.png Graphic file (type png)
<use images/logo_yhk.png>
Package pdftex.def Info: images/logo_yhk.png  used on input line 238.
(pdftex.def)             Requested size: 17.07164pt x 12.43224pt.
[890

]
\openout4 = `Main_Course_MachineLearning_Presentation.vrb'.

(Main_Course_MachineLearning_Presentation.vrb)
File: images/logo_yhk.png Graphic file (type png)
<use images/logo_yhk.png>
Package pdftex.def Info: images/logo_yhk.png  used on input line 246.
(pdftex.def)             Requested size: 17.07164pt x 12.43224pt.
[891

]
\openout4 = `Main_Course_MachineLearning_Presentation.vrb'.

(Main_Course_MachineLearning_Presentation.vrb
<images/glasssns.png, id=7120, 352.31625pt x 353.32pt>
File: images/glasssns.png Graphic file (type png)
<use images/glasssns.png>
Package pdftex.def Info: images/glasssns.png  used on input line 3.
(pdftex.def)             Requested size: 138.2795pt x 138.673pt.
)
File: images/logo_yhk.png Graphic file (type png)
<use images/logo_yhk.png>
Package pdftex.def Info: images/logo_yhk.png  used on input line 262.
(pdftex.def)             Requested size: 17.07164pt x 12.43224pt.
[892

 <./images/glasssns.png>]
\openout4 = `Main_Course_MachineLearning_Presentation.vrb'.

(Main_Course_MachineLearning_Presentation.vrb
<images/glasspd.png, id=7128, 534.99875pt x 370.38374pt>
File: images/glasspd.png Graphic file (type png)
<use images/glasspd.png>
Package pdftex.def Info: images/glasspd.png  used on input line 5.
(pdftex.def)             Requested size: 184.3758pt x 127.64688pt.
)
File: images/logo_yhk.png Graphic file (type png)
<use images/logo_yhk.png>
Package pdftex.def Info: images/logo_yhk.png  used on input line 278.
(pdftex.def)             Requested size: 17.07164pt x 12.43224pt.
[893

 <./images/glasspd.png>]
\openout4 = `Main_Course_MachineLearning_Presentation.vrb'.

(Main_Course_MachineLearning_Presentation.vrb
<images/glassplt.png, id=7136, 534.99875pt x 370.38374pt>
File: images/glassplt.png Graphic file (type png)
<use images/glassplt.png>
Package pdftex.def Info: images/glassplt.png  used on input line 5.
(pdftex.def)             Requested size: 184.3758pt x 127.64688pt.
)
File: images/logo_yhk.png Graphic file (type png)
<use images/logo_yhk.png>
Package pdftex.def Info: images/logo_yhk.png  used on input line 295.
(pdftex.def)             Requested size: 17.07164pt x 12.43224pt.
[894

 <./images/glassplt.png>]
\openout4 = `Main_Course_MachineLearning_Presentation.vrb'.

(Main_Course_MachineLearning_Presentation.vrb)
File: images/logo_yhk.png Graphic file (type png)
<use images/logo_yhk.png>
Package pdftex.def Info: images/logo_yhk.png  used on input line 315.
(pdftex.def)             Requested size: 17.07164pt x 12.43224pt.
[895

]
\openout4 = `Main_Course_MachineLearning_Presentation.vrb'.

(Main_Course_MachineLearning_Presentation.vrb
<images/glasspred.png, id=7151, 426.09187pt x 148.30406pt>
File: images/glasspred.png Graphic file (type png)
<use images/glasspred.png>
Package pdftex.def Info: images/glasspred.png  used on input line 3.
(pdftex.def)             Requested size: 276.559pt x 96.26297pt.
)
File: images/logo_yhk.png Graphic file (type png)
<use images/logo_yhk.png>
Package pdftex.def Info: images/logo_yhk.png  used on input line 322.
(pdftex.def)             Requested size: 17.07164pt x 12.43224pt.
[896

 <./images/glasspred.png>]
\openout4 = `Main_Course_MachineLearning_Presentation.vrb'.

(Main_Course_MachineLearning_Presentation.vrb
<images/glasspredplot.png, id=7158, 534.99875pt x 377.41pt>
File: images/glasspredplot.png Graphic file (type png)
<use images/glasspredplot.png>
Package pdftex.def Info: images/glasspredplot.png  used on input line 3.
(pdftex.def)             Requested size: 184.3758pt x 130.06837pt.
)
File: images/logo_yhk.png Graphic file (type png)
<use images/logo_yhk.png>
Package pdftex.def Info: images/logo_yhk.png  used on input line 338.
(pdftex.def)             Requested size: 17.07164pt x 12.43224pt.
[897

 <./images/glasspredplot.png>]
\openout4 = `Main_Course_MachineLearning_Presentation.vrb'.

(Main_Course_MachineLearning_Presentation.vrb
<images/glasspredplottog.png, id=7166, 534.99875pt x 370.38374pt>
File: images/glasspredplottog.png Graphic file (type png)
<use images/glasspredplottog.png>
Package pdftex.def Info: images/glasspredplottog.png  used on input line 4.
(pdftex.def)             Requested size: 184.3758pt x 127.64688pt.
)
File: images/logo_yhk.png Graphic file (type png)
<use images/logo_yhk.png>
Package pdftex.def Info: images/logo_yhk.png  used on input line 355.
(pdftex.def)             Requested size: 17.07164pt x 12.43224pt.
[898

 <./images/glasspredplottog.png>]
\openout4 = `Main_Course_MachineLearning_Presentation.vrb'.

(Main_Course_MachineLearning_Presentation.vrb)
File: images/logo_yhk.png Graphic file (type png)
<use images/logo_yhk.png>
Package pdftex.def Info: images/logo_yhk.png  used on input line 381.
(pdftex.def)             Requested size: 17.07164pt x 12.43224pt.
[899

]
\openout4 = `Main_Course_MachineLearning_Presentation.vrb'.

(Main_Course_MachineLearning_Presentation.vrb)
File: images/logo_yhk.png Graphic file (type png)
<use images/logo_yhk.png>
Package pdftex.def Info: images/logo_yhk.png  used on input line 693.
(pdftex.def)             Requested size: 17.07164pt x 12.43224pt.
[900

] (Main_Course_MachineLearning_Presentation.vrb)
File: images/logo_yhk.png Graphic file (type png)
<use images/logo_yhk.png>
Package pdftex.def Info: images/logo_yhk.png  used on input line 693.
(pdftex.def)             Requested size: 17.07164pt x 12.43224pt.
[901

]) (ml_regularization.tex
\openout4 = `Main_Course_MachineLearning_Presentation.vrb'.

(Main_Course_MachineLearning_Presentation.vrb)
File: images/logo_yhk.png Graphic file (type png)
<use images/logo_yhk.png>
Package pdftex.def Info: images/logo_yhk.png  used on input line 6.
(pdftex.def)             Requested size: 17.07164pt x 12.43224pt.
[902

]
\openout4 = `Main_Course_MachineLearning_Presentation.vrb'.

(Main_Course_MachineLearning_Presentation.vrb)
File: images/logo_yhk.png Graphic file (type png)
<use images/logo_yhk.png>
Package pdftex.def Info: images/logo_yhk.png  used on input line 22.
(pdftex.def)             Requested size: 17.07164pt x 12.43224pt.
[903

]
\openout4 = `Main_Course_MachineLearning_Presentation.vrb'.

(Main_Course_MachineLearning_Presentation.vrb
<images/regul1.png, id=7257, 451.6875pt x 363.60844pt>
File: images/regul1.png Graphic file (type png)
<use images/regul1.png>
Package pdftex.def Info: images/regul1.png  used on input line 10.
(pdftex.def)             Requested size: 153.64493pt x 123.68625pt.
)
File: images/logo_yhk.png Graphic file (type png)
<use images/logo_yhk.png>
Package pdftex.def Info: images/logo_yhk.png  used on input line 38.
(pdftex.def)             Requested size: 17.07164pt x 12.43224pt.
[904

 <./images/regul1.png>]
\openout4 = `Main_Course_MachineLearning_Presentation.vrb'.

(Main_Course_MachineLearning_Presentation.vrb
<images/regul2.png, id=7264, 359.84438pt x 301.125pt>
File: images/regul2.png Graphic file (type png)
<use images/regul2.png>
Package pdftex.def Info: images/regul2.png  used on input line 12.
(pdftex.def)             Requested size: 122.91406pt x 102.859pt.
)
File: images/logo_yhk.png Graphic file (type png)
<use images/logo_yhk.png>
Package pdftex.def Info: images/logo_yhk.png  used on input line 57.
(pdftex.def)             Requested size: 17.07164pt x 12.43224pt.
[905

 <./images/regul2.png>]
\openout4 = `Main_Course_MachineLearning_Presentation.vrb'.

(Main_Course_MachineLearning_Presentation.vrb
<images/regul3.png, id=7271, 406.51875pt x 301.8778pt>
File: images/regul3.png Graphic file (type png)
<use images/regul3.png>
Package pdftex.def Info: images/regul3.png  used on input line 10.
(pdftex.def)             Requested size: 153.64493pt x 114.0929pt.
)
File: images/logo_yhk.png Graphic file (type png)
<use images/logo_yhk.png>
Package pdftex.def Info: images/logo_yhk.png  used on input line 73.
(pdftex.def)             Requested size: 17.07164pt x 12.43224pt.
[906

 <./images/regul3.png>]
\openout4 = `Main_Course_MachineLearning_Presentation.vrb'.

(Main_Course_MachineLearning_Presentation.vrb)
File: images/logo_yhk.png Graphic file (type png)
<use images/logo_yhk.png>
Package pdftex.def Info: images/logo_yhk.png  used on input line 80.
(pdftex.def)             Requested size: 17.07164pt x 12.43224pt.
[907

]
\openout4 = `Main_Course_MachineLearning_Presentation.vrb'.

(Main_Course_MachineLearning_Presentation.vrb
<images/regul4.png, id=7285, 596.2275pt x 329.73187pt>
File: images/regul4.png Graphic file (type png)
<use images/regul4.png>
Package pdftex.def Info: images/regul4.png  used on input line 12.
(pdftex.def)             Requested size: 153.64493pt x 84.96852pt.
)
File: images/logo_yhk.png Graphic file (type png)
<use images/logo_yhk.png>
Package pdftex.def Info: images/logo_yhk.png  used on input line 99.
(pdftex.def)             Requested size: 17.07164pt x 12.43224pt.
[908

 <./images/regul4.png>]
\openout4 = `Main_Course_MachineLearning_Presentation.vrb'.

(Main_Course_MachineLearning_Presentation.vrb
<images/regul5.png, id=7292, 630.85687pt x 350.05782pt>
File: images/regul5.png Graphic file (type png)
<use images/regul5.png>
Package pdftex.def Info: images/regul5.png  used on input line 10.
(pdftex.def)             Requested size: 245.83282pt x 136.40982pt.
)
File: images/logo_yhk.png Graphic file (type png)
<use images/logo_yhk.png>
Package pdftex.def Info: images/logo_yhk.png  used on input line 116.
(pdftex.def)             Requested size: 17.07164pt x 12.43224pt.
[909

 <./images/regul5.png>]
\openout4 = `Main_Course_MachineLearning_Presentation.vrb'.

(Main_Course_MachineLearning_Presentation.vrb
<images/regul6.png, id=7299, 577.40718pt x 301.125pt>
File: images/regul6.png Graphic file (type png)
<use images/regul6.png>
Package pdftex.def Info: images/regul6.png  used on input line 9.
(pdftex.def)             Requested size: 245.83282pt x 128.20386pt.
)
File: images/logo_yhk.png Graphic file (type png)
<use images/logo_yhk.png>
Package pdftex.def Info: images/logo_yhk.png  used on input line 131.
(pdftex.def)             Requested size: 17.07164pt x 12.43224pt.
[910

 <./images/regul6.png>]
\openout4 = `Main_Course_MachineLearning_Presentation.vrb'.

(Main_Course_MachineLearning_Presentation.vrb
<images/regul7.png, id=7306, 572.89032pt x 301.125pt>
File: images/regul7.png Graphic file (type png)
<use images/regul7.png>
Package pdftex.def Info: images/regul7.png  used on input line 11.
(pdftex.def)             Requested size: 245.83282pt x 129.21472pt.
)
Overfull \vbox (9.67609pt too high) detected at line 148
 []

File: images/logo_yhk.png Graphic file (type png)
<use images/logo_yhk.png>
Package pdftex.def Info: images/logo_yhk.png  used on input line 148.
(pdftex.def)             Requested size: 17.07164pt x 12.43224pt.
[911

 <./images/regul7.png>]
\openout4 = `Main_Course_MachineLearning_Presentation.vrb'.

(Main_Course_MachineLearning_Presentation.vrb)
File: images/logo_yhk.png Graphic file (type png)
<use images/logo_yhk.png>
Package pdftex.def Info: images/logo_yhk.png  used on input line 173.
(pdftex.def)             Requested size: 17.07164pt x 12.43224pt.
[912

]
\openout4 = `Main_Course_MachineLearning_Presentation.vrb'.

(Main_Course_MachineLearning_Presentation.vrb
Overfull \hbox (24.6939pt too wide) in paragraph at lines 5--7
[][][][][][][][][][][][][][][][][][][][][][]  
 []

)
File: images/logo_yhk.png Graphic file (type png)
<use images/logo_yhk.png>
Package pdftex.def Info: images/logo_yhk.png  used on input line 191.
(pdftex.def)             Requested size: 17.07164pt x 12.43224pt.
[913

]
\openout4 = `Main_Course_MachineLearning_Presentation.vrb'.

(Main_Course_MachineLearning_Presentation.vrb)
File: images/logo_yhk.png Graphic file (type png)
<use images/logo_yhk.png>
Package pdftex.def Info: images/logo_yhk.png  used on input line 213.
(pdftex.def)             Requested size: 17.07164pt x 12.43224pt.
[914

]
\openout4 = `Main_Course_MachineLearning_Presentation.vrb'.

(Main_Course_MachineLearning_Presentation.vrb
Overfull \hbox (6.10014pt too wide) in paragraph at lines 4--5
[][][][][][][][][][][][][][][][][][][][][][][][][][][][][][][][][][][][][][][][
][][][][][][][][][][]  
 []


Overfull \hbox (20.97339pt too wide) in paragraph at lines 7--8
[][][][][][][][][][][][][][][][][][][][][][][][][][][][][][][][][][][][][][][][
][][][][][][][][][][][][]  
 []


Overfull \hbox (13.53764pt too wide) in paragraph at lines 10--11
[][][][][][][][][][][][][][][][][][][][][][][][][][][][][][][][][][][][][][][][
][][][][][][][][][][]  
 []

)
File: images/logo_yhk.png Graphic file (type png)
<use images/logo_yhk.png>
Package pdftex.def Info: images/logo_yhk.png  used on input line 235.
(pdftex.def)             Requested size: 17.07164pt x 12.43224pt.
[915

]
\openout4 = `Main_Course_MachineLearning_Presentation.vrb'.

(Main_Course_MachineLearning_Presentation.vrb
<images/regul8.png, id=7338, 796.9775pt x 660.4675pt>
File: images/regul8.png Graphic file (type png)
<use images/regul8.png>
Package pdftex.def Info: images/regul8.png  used on input line 9.
(pdftex.def)             Requested size: 153.64493pt x 127.3243pt.
)
File: images/logo_yhk.png Graphic file (type png)
<use images/logo_yhk.png>
Package pdftex.def Info: images/logo_yhk.png  used on input line 250.
(pdftex.def)             Requested size: 17.07164pt x 12.43224pt.
[916

 <./images/regul8.png (PNG copy)>]
\openout4 = `Main_Course_MachineLearning_Presentation.vrb'.

(Main_Course_MachineLearning_Presentation.vrb
<images/reg4.png, id=7345, 336.50719pt x 44.41594pt>
File: images/reg4.png Graphic file (type png)
<use images/reg4.png>
Package pdftex.def Info: images/reg4.png  used on input line 4.
(pdftex.def)             Requested size: 215.10196pt x 28.39153pt.
)
File: images/logo_yhk.png Graphic file (type png)
<use images/logo_yhk.png>
Package pdftex.def Info: images/logo_yhk.png  used on input line 297.
(pdftex.def)             Requested size: 17.07164pt x 12.43224pt.
[917

 <./images/reg4.png>]
\openout4 = `Main_Course_MachineLearning_Presentation.vrb'.

(Main_Course_MachineLearning_Presentation.vrb
File: images/reg4.png Graphic file (type png)
<use images/reg4.png>
Package pdftex.def Info: images/reg4.png  used on input line 3.
(pdftex.def)             Requested size: 215.10196pt x 28.39153pt.
)
File: images/logo_yhk.png Graphic file (type png)
<use images/logo_yhk.png>
Package pdftex.def Info: images/logo_yhk.png  used on input line 312.
(pdftex.def)             Requested size: 17.07164pt x 12.43224pt.
[918

]
\openout4 = `Main_Course_MachineLearning_Presentation.vrb'.

(Main_Course_MachineLearning_Presentation.vrb)
File: images/logo_yhk.png Graphic file (type png)
<use images/logo_yhk.png>
Package pdftex.def Info: images/logo_yhk.png  used on input line 387.
(pdftex.def)             Requested size: 17.07164pt x 12.43224pt.
[919

]
\openout4 = `Main_Course_MachineLearning_Presentation.vrb'.

(Main_Course_MachineLearning_Presentation.vrb
<images/regul9.png, id=7366, 513.41812pt x 314.67563pt>
File: images/regul9.png Graphic file (type png)
<use images/regul9.png>
Package pdftex.def Info: images/regul9.png  used on input line 9.
(pdftex.def)             Requested size: 245.83282pt x 150.67285pt.
)
File: images/logo_yhk.png Graphic file (type png)
<use images/logo_yhk.png>
Package pdftex.def Info: images/logo_yhk.png  used on input line 402.
(pdftex.def)             Requested size: 17.07164pt x 12.43224pt.
[920

 <./images/regul9.png>]
\openout4 = `Main_Course_MachineLearning_Presentation.vrb'.

(Main_Course_MachineLearning_Presentation.vrb
<images/regul10.png, id=7373, 499.11469pt x 266.49562pt>
File: images/regul10.png Graphic file (type png)
<use images/regul10.png>
Package pdftex.def Info: images/regul10.png  used on input line 6.
(pdftex.def)             Requested size: 245.83282pt x 131.259pt.
)
File: images/logo_yhk.png Graphic file (type png)
<use images/logo_yhk.png>
Package pdftex.def Info: images/logo_yhk.png  used on input line 415.
(pdftex.def)             Requested size: 17.07164pt x 12.43224pt.
[921

 <./images/regul10.png>]
\openout4 = `Main_Course_MachineLearning_Presentation.vrb'.

(Main_Course_MachineLearning_Presentation.vrb
<images/regul12.png, id=7380, 600.74437pt x 229.60782pt>
File: images/regul12.png Graphic file (type png)
<use images/regul12.png>
Package pdftex.def Info: images/regul12.png  used on input line 6.
(pdftex.def)             Requested size: 245.83282pt x 93.95763pt.
)
Overfull \vbox (12.74582pt too high) detected at line 431
 []

File: images/logo_yhk.png Graphic file (type png)
<use images/logo_yhk.png>
Package pdftex.def Info: images/logo_yhk.png  used on input line 431.
(pdftex.def)             Requested size: 17.07164pt x 12.43224pt.
[922

 <./images/regul12.png>]
\openout4 = `Main_Course_MachineLearning_Presentation.vrb'.

(Main_Course_MachineLearning_Presentation.vrb)
File: images/logo_yhk.png Graphic file (type png)
<use images/logo_yhk.png>
Package pdftex.def Info: images/logo_yhk.png  used on input line 453.
(pdftex.def)             Requested size: 17.07164pt x 12.43224pt.
[923

]
\openout4 = `Main_Course_MachineLearning_Presentation.vrb'.

(Main_Course_MachineLearning_Presentation.vrb)
File: images/logo_yhk.png Graphic file (type png)
<use images/logo_yhk.png>
Package pdftex.def Info: images/logo_yhk.png  used on input line 472.
(pdftex.def)             Requested size: 17.07164pt x 12.43224pt.
[924

]
\openout4 = `Main_Course_MachineLearning_Presentation.vrb'.

(Main_Course_MachineLearning_Presentation.vrb)
File: images/logo_yhk.png Graphic file (type png)
<use images/logo_yhk.png>
Package pdftex.def Info: images/logo_yhk.png  used on input line 490.
(pdftex.def)             Requested size: 17.07164pt x 12.43224pt.
[925

]
\openout4 = `Main_Course_MachineLearning_Presentation.vrb'.

(Main_Course_MachineLearning_Presentation.vrb)
File: images/logo_yhk.png Graphic file (type png)
<use images/logo_yhk.png>
Package pdftex.def Info: images/logo_yhk.png  used on input line 507.
(pdftex.def)             Requested size: 17.07164pt x 12.43224pt.
[926

]
\openout4 = `Main_Course_MachineLearning_Presentation.vrb'.

(Main_Course_MachineLearning_Presentation.vrb)
File: images/logo_yhk.png Graphic file (type png)
<use images/logo_yhk.png>
Package pdftex.def Info: images/logo_yhk.png  used on input line 521.
(pdftex.def)             Requested size: 17.07164pt x 12.43224pt.
[927

]
\openout4 = `Main_Course_MachineLearning_Presentation.vrb'.

(Main_Course_MachineLearning_Presentation.vrb)
File: images/logo_yhk.png Graphic file (type png)
<use images/logo_yhk.png>
Package pdftex.def Info: images/logo_yhk.png  used on input line 542.
(pdftex.def)             Requested size: 17.07164pt x 12.43224pt.
[928

]
\openout4 = `Main_Course_MachineLearning_Presentation.vrb'.

(Main_Course_MachineLearning_Presentation.vrb)
File: images/logo_yhk.png Graphic file (type png)
<use images/logo_yhk.png>
Package pdftex.def Info: images/logo_yhk.png  used on input line 560.
(pdftex.def)             Requested size: 17.07164pt x 12.43224pt.
[929

]
\openout4 = `Main_Course_MachineLearning_Presentation.vrb'.

(Main_Course_MachineLearning_Presentation.vrb)
File: images/logo_yhk.png Graphic file (type png)
<use images/logo_yhk.png>
Package pdftex.def Info: images/logo_yhk.png  used on input line 586.
(pdftex.def)             Requested size: 17.07164pt x 12.43224pt.
[930

]
\openout4 = `Main_Course_MachineLearning_Presentation.vrb'.

(Main_Course_MachineLearning_Presentation.vrb
<images/regul11.png, id=7445, 803.0pt x 558.085pt>
File: images/regul11.png Graphic file (type png)
<use images/regul11.png>
Package pdftex.def Info: images/regul11.png  used on input line 4.
(pdftex.def)             Requested size: 245.83282pt x 170.8501pt.
)
File: images/logo_yhk.png Graphic file (type png)
<use images/logo_yhk.png>
Package pdftex.def Info: images/logo_yhk.png  used on input line 599.
(pdftex.def)             Requested size: 17.07164pt x 12.43224pt.
[931

 <./images/regul11.png (PNG copy)>]
\openout4 = `Main_Course_MachineLearning_Presentation.vrb'.

(Main_Course_MachineLearning_Presentation.vrb)
File: images/logo_yhk.png Graphic file (type png)
<use images/logo_yhk.png>
Package pdftex.def Info: images/logo_yhk.png  used on input line 615.
(pdftex.def)             Requested size: 17.07164pt x 12.43224pt.
[932

]
\openout4 = `Main_Course_MachineLearning_Presentation.vrb'.

(Main_Course_MachineLearning_Presentation.vrb)
File: images/logo_yhk.png Graphic file (type png)
<use images/logo_yhk.png>
Package pdftex.def Info: images/logo_yhk.png  used on input line 626.
(pdftex.def)             Requested size: 17.07164pt x 12.43224pt.
[933

] (Main_Course_MachineLearning_Presentation.vrb)
File: images/logo_yhk.png Graphic file (type png)
<use images/logo_yhk.png>
Package pdftex.def Info: images/logo_yhk.png  used on input line 626.
(pdftex.def)             Requested size: 17.07164pt x 12.43224pt.
[934

]) (ml_logisticregression.tex
\openout4 = `Main_Course_MachineLearning_Presentation.vrb'.

(Main_Course_MachineLearning_Presentation.vrb)
File: images/logo_yhk.png Graphic file (type png)
<use images/logo_yhk.png>
Package pdftex.def Info: images/logo_yhk.png  used on input line 6.
(pdftex.def)             Requested size: 17.07164pt x 12.43224pt.
[935

]
\openout4 = `Main_Course_MachineLearning_Presentation.vrb'.

(Main_Course_MachineLearning_Presentation.vrb)
File: images/logo_yhk.png Graphic file (type png)
<use images/logo_yhk.png>
Package pdftex.def Info: images/logo_yhk.png  used on input line 17.
(pdftex.def)             Requested size: 17.07164pt x 12.43224pt.
[936

]
\openout4 = `Main_Course_MachineLearning_Presentation.vrb'.

(Main_Course_MachineLearning_Presentation.vrb)
File: images/logo_yhk.png Graphic file (type png)
<use images/logo_yhk.png>
Package pdftex.def Info: images/logo_yhk.png  used on input line 28.
(pdftex.def)             Requested size: 17.07164pt x 12.43224pt.
[937

]
\openout4 = `Main_Course_MachineLearning_Presentation.vrb'.

(Main_Course_MachineLearning_Presentation.vrb)
File: images/logo_yhk.png Graphic file (type png)
<use images/logo_yhk.png>
Package pdftex.def Info: images/logo_yhk.png  used on input line 42.
(pdftex.def)             Requested size: 17.07164pt x 12.43224pt.
[938

]
\openout4 = `Main_Course_MachineLearning_Presentation.vrb'.

(Main_Course_MachineLearning_Presentation.vrb
<images/nfl1.png, id=7533, 455.45157pt x 301.8778pt>
File: images/nfl1.png Graphic file (type png)
<use images/nfl1.png>
Package pdftex.def Info: images/nfl1.png  used on input line 3.
(pdftex.def)             Requested size: 184.3758pt x 122.20917pt.
)
File: images/logo_yhk.png Graphic file (type png)
<use images/logo_yhk.png>
Package pdftex.def Info: images/logo_yhk.png  used on input line 50.
(pdftex.def)             Requested size: 17.07164pt x 12.43224pt.
[939

 <./images/nfl1.png>]
\openout4 = `Main_Course_MachineLearning_Presentation.vrb'.

(Main_Course_MachineLearning_Presentation.vrb)
File: images/logo_yhk.png Graphic file (type png)
<use images/logo_yhk.png>
Package pdftex.def Info: images/logo_yhk.png  used on input line 61.
(pdftex.def)             Requested size: 17.07164pt x 12.43224pt.
[940

]
\openout4 = `Main_Course_MachineLearning_Presentation.vrb'.

(Main_Course_MachineLearning_Presentation.vrb
<images/nfl2.png, id=7547, 452.4403pt x 295.85532pt>
File: images/nfl2.png Graphic file (type png)
<use images/nfl2.png>
Package pdftex.def Info: images/nfl2.png  used on input line 4.
(pdftex.def)             Requested size: 184.3758pt x 120.56561pt.
)
File: images/logo_yhk.png Graphic file (type png)
<use images/logo_yhk.png>
Package pdftex.def Info: images/logo_yhk.png  used on input line 70.
(pdftex.def)             Requested size: 17.07164pt x 12.43224pt.
[941

 <./images/nfl2.png>]
\openout4 = `Main_Course_MachineLearning_Presentation.vrb'.

(Main_Course_MachineLearning_Presentation.vrb)
File: images/logo_yhk.png Graphic file (type png)
<use images/logo_yhk.png>
Package pdftex.def Info: images/logo_yhk.png  used on input line 82.
(pdftex.def)             Requested size: 17.07164pt x 12.43224pt.
[942

]
\openout4 = `Main_Course_MachineLearning_Presentation.vrb'.

(Main_Course_MachineLearning_Presentation.vrb
<images/logreg13.png, id=7561, 657.2053pt x 242.40562pt>
File: images/logreg13.png Graphic file (type png)
<use images/logreg13.png>
Package pdftex.def Info: images/logreg13.png  used on input line 10.
(pdftex.def)             Requested size: 184.3758pt x 68.00256pt.
)
File: images/logo_yhk.png Graphic file (type png)
<use images/logo_yhk.png>
Package pdftex.def Info: images/logo_yhk.png  used on input line 97.
(pdftex.def)             Requested size: 17.07164pt x 12.43224pt.
[943

 <./images/logreg13.png>]
\openout4 = `Main_Course_MachineLearning_Presentation.vrb'.

(Main_Course_MachineLearning_Presentation.vrb)
File: images/logo_yhk.png Graphic file (type png)
<use images/logo_yhk.png>
Package pdftex.def Info: images/logo_yhk.png  used on input line 110.
(pdftex.def)             Requested size: 17.07164pt x 12.43224pt.
[944

]
\openout4 = `Main_Course_MachineLearning_Presentation.vrb'.

(Main_Course_MachineLearning_Presentation.vrb)
File: images/logo_yhk.png Graphic file (type png)
<use images/logo_yhk.png>
Package pdftex.def Info: images/logo_yhk.png  used on input line 122.
(pdftex.def)             Requested size: 17.07164pt x 12.43224pt.
[945

]
\openout4 = `Main_Course_MachineLearning_Presentation.vrb'.

(Main_Course_MachineLearning_Presentation.vrb)
File: images/logo_yhk.png Graphic file (type png)
<use images/logo_yhk.png>
Package pdftex.def Info: images/logo_yhk.png  used on input line 133.
(pdftex.def)             Requested size: 17.07164pt x 12.43224pt.
[946

]
\openout4 = `Main_Course_MachineLearning_Presentation.vrb'.

(Main_Course_MachineLearning_Presentation.vrb)
File: images/logo_yhk.png Graphic file (type png)
<use images/logo_yhk.png>
Package pdftex.def Info: images/logo_yhk.png  used on input line 288.
(pdftex.def)             Requested size: 17.07164pt x 12.43224pt.
[947

]
\openout4 = `Main_Course_MachineLearning_Presentation.vrb'.

(Main_Course_MachineLearning_Presentation.vrb)
File: images/logo_yhk.png Graphic file (type png)
<use images/logo_yhk.png>
Package pdftex.def Info: images/logo_yhk.png  used on input line 304.
(pdftex.def)             Requested size: 17.07164pt x 12.43224pt.
[948

]
\openout4 = `Main_Course_MachineLearning_Presentation.vrb'.

(Main_Course_MachineLearning_Presentation.vrb)
File: images/logo_yhk.png Graphic file (type png)
<use images/logo_yhk.png>
Package pdftex.def Info: images/logo_yhk.png  used on input line 319.
(pdftex.def)             Requested size: 17.07164pt x 12.43224pt.
[949

]
\openout4 = `Main_Course_MachineLearning_Presentation.vrb'.

(Main_Course_MachineLearning_Presentation.vrb)
File: images/logo_yhk.png Graphic file (type png)
<use images/logo_yhk.png>
Package pdftex.def Info: images/logo_yhk.png  used on input line 342.
(pdftex.def)             Requested size: 17.07164pt x 12.43224pt.
[950

]
\openout4 = `Main_Course_MachineLearning_Presentation.vrb'.

(Main_Course_MachineLearning_Presentation.vrb
<images/sigmoid.png, id=7613, 240.14719pt x 170.88844pt>
File: images/sigmoid.png Graphic file (type png)
<use images/sigmoid.png>
Package pdftex.def Info: images/sigmoid.png  used on input line 3.
(pdftex.def)             Requested size: 184.3758pt x 131.2038pt.
)
File: images/logo_yhk.png Graphic file (type png)
<use images/logo_yhk.png>
Package pdftex.def Info: images/logo_yhk.png  used on input line 349.
(pdftex.def)             Requested size: 17.07164pt x 12.43224pt.
[951

 <./images/sigmoid.png>]
\openout4 = `Main_Course_MachineLearning_Presentation.vrb'.

(Main_Course_MachineLearning_Presentation.vrb)
File: images/logo_yhk.png Graphic file (type png)
<use images/logo_yhk.png>
Package pdftex.def Info: images/logo_yhk.png  used on input line 360.
(pdftex.def)             Requested size: 17.07164pt x 12.43224pt.
[952

]
\openout4 = `Main_Course_MachineLearning_Presentation.vrb'.

(Main_Course_MachineLearning_Presentation.vrb)
File: images/logo_yhk.png Graphic file (type png)
<use images/logo_yhk.png>
Package pdftex.def Info: images/logo_yhk.png  used on input line 368.
(pdftex.def)             Requested size: 17.07164pt x 12.43224pt.
[953

]
\openout4 = `Main_Course_MachineLearning_Presentation.vrb'.

(Main_Course_MachineLearning_Presentation.vrb
<images/logreg14.png, id=7633, 551.05875pt x 261.22594pt>
File: images/logreg14.png Graphic file (type png)
<use images/logreg14.png>
Package pdftex.def Info: images/logreg14.png  used on input line 12.
(pdftex.def)             Requested size: 184.3758pt x 87.4006pt.
)
Overfull \vbox (11.66196pt too high) detected at line 387
 []

File: images/logo_yhk.png Graphic file (type png)
<use images/logo_yhk.png>
Package pdftex.def Info: images/logo_yhk.png  used on input line 387.
(pdftex.def)             Requested size: 17.07164pt x 12.43224pt.
[954

 <./images/logreg14.png>]
\openout4 = `Main_Course_MachineLearning_Presentation.vrb'.

(Main_Course_MachineLearning_Presentation.vrb
<images/logreg15.png, id=7640, 627.09282pt x 240.14719pt>
File: images/logreg15.png Graphic file (type png)
<use images/logreg15.png>
Package pdftex.def Info: images/logreg15.png  used on input line 11.
(pdftex.def)             Requested size: 184.3758pt x 70.60828pt.
)
File: images/logo_yhk.png Graphic file (type png)
<use images/logo_yhk.png>
Package pdftex.def Info: images/logo_yhk.png  used on input line 406.
(pdftex.def)             Requested size: 17.07164pt x 12.43224pt.
[955

 <./images/logreg15.png>]
\openout4 = `Main_Course_MachineLearning_Presentation.vrb'.

(Main_Course_MachineLearning_Presentation.vrb
<images/logreg16.png, id=7648, 469.755pt x 203.25937pt>
File: images/logreg16.png Graphic file (type png)
<use images/logreg16.png>
Package pdftex.def Info: images/logreg16.png  used on input line 13.
(pdftex.def)             Requested size: 184.3758pt x 79.77637pt.
)
File: images/logo_yhk.png Graphic file (type png)
<use images/logo_yhk.png>
Package pdftex.def Info: images/logo_yhk.png  used on input line 425.
(pdftex.def)             Requested size: 17.07164pt x 12.43224pt.
[956

 <./images/logreg16.png>]
\openout4 = `Main_Course_MachineLearning_Presentation.vrb'.

(Main_Course_MachineLearning_Presentation.vrb)
Overfull \vbox (53.38815pt too high) detected at line 447
 []

File: images/logo_yhk.png Graphic file (type png)
<use images/logo_yhk.png>
Package pdftex.def Info: images/logo_yhk.png  used on input line 447.
(pdftex.def)             Requested size: 17.07164pt x 12.43224pt.
[957

]
\openout4 = `Main_Course_MachineLearning_Presentation.vrb'.

(Main_Course_MachineLearning_Presentation.vrb
<images/logreg17.png, id=7670, 407.27156pt x 150.5625pt>
File: images/logreg17.png Graphic file (type png)
<use images/logreg17.png>
Package pdftex.def Info: images/logreg17.png  used on input line 11.
(pdftex.def)             Requested size: 184.3758pt x 68.16142pt.
)
File: images/logo_yhk.png Graphic file (type png)
<use images/logo_yhk.png>
Package pdftex.def Info: images/logo_yhk.png  used on input line 464.
(pdftex.def)             Requested size: 17.07164pt x 12.43224pt.
[958

 <./images/logreg17.png>]
\openout4 = `Main_Course_MachineLearning_Presentation.vrb'.

(Main_Course_MachineLearning_Presentation.vrb)
File: images/logo_yhk.png Graphic file (type png)
<use images/logo_yhk.png>
Package pdftex.def Info: images/logo_yhk.png  used on input line 476.
(pdftex.def)             Requested size: 17.07164pt x 12.43224pt.
[959

]
\openout4 = `Main_Course_MachineLearning_Presentation.vrb'.

(Main_Course_MachineLearning_Presentation.vrb)
File: images/logo_yhk.png Graphic file (type png)
<use images/logo_yhk.png>
Package pdftex.def Info: images/logo_yhk.png  used on input line 488.
(pdftex.def)             Requested size: 17.07164pt x 12.43224pt.
[960

]
\openout4 = `Main_Course_MachineLearning_Presentation.vrb'.

(Main_Course_MachineLearning_Presentation.vrb)
File: images/logo_yhk.png Graphic file (type png)
<use images/logo_yhk.png>
Package pdftex.def Info: images/logo_yhk.png  used on input line 1276.
(pdftex.def)             Requested size: 17.07164pt x 12.43224pt.
[961

]
\openout4 = `Main_Course_MachineLearning_Presentation.vrb'.

(Main_Course_MachineLearning_Presentation.vrb)
File: images/logo_yhk.png Graphic file (type png)
<use images/logo_yhk.png>
Package pdftex.def Info: images/logo_yhk.png  used on input line 1295.
(pdftex.def)             Requested size: 17.07164pt x 12.43224pt.
[962

]
\openout4 = `Main_Course_MachineLearning_Presentation.vrb'.

(Main_Course_MachineLearning_Presentation.vrb)
File: images/logo_yhk.png Graphic file (type png)
<use images/logo_yhk.png>
Package pdftex.def Info: images/logo_yhk.png  used on input line 1306.
(pdftex.def)             Requested size: 17.07164pt x 12.43224pt.
[963

]
\openout4 = `Main_Course_MachineLearning_Presentation.vrb'.

(Main_Course_MachineLearning_Presentation.vrb
<images/roc1.png, id=7708, 359.09157pt x 204.765pt>
File: images/roc1.png Graphic file (type png)
<use images/roc1.png>
Package pdftex.def Info: images/roc1.png  used on input line 17.
(pdftex.def)             Requested size: 138.2795pt x 78.85194pt.
)
File: images/logo_yhk.png Graphic file (type png)
<use images/logo_yhk.png>
Package pdftex.def Info: images/logo_yhk.png  used on input line 1333.
(pdftex.def)             Requested size: 17.07164pt x 12.43224pt.
[964

 <./images/roc1.png>]
\openout4 = `Main_Course_MachineLearning_Presentation.vrb'.

(Main_Course_MachineLearning_Presentation.vrb
<images/roc2.png, id=7715, 359.09157pt x 235.63031pt>
File: images/roc2.png Graphic file (type png)
<use images/roc2.png>
Package pdftex.def Info: images/roc2.png  used on input line 18.
(pdftex.def)             Requested size: 138.2795pt x 90.73772pt.
<images/roc3.png, id=7716, 359.09157pt x 226.59656pt>
File: images/roc3.png Graphic file (type png)
<use images/roc3.png>
Package pdftex.def Info: images/roc3.png  used on input line 20.
(pdftex.def)             Requested size: 138.2795pt x 87.25896pt.
)
File: images/logo_yhk.png Graphic file (type png)
<use images/logo_yhk.png>
Package pdftex.def Info: images/logo_yhk.png  used on input line 1362.
(pdftex.def)             Requested size: 17.07164pt x 12.43224pt.
[965

 <./images/roc2.png> <./images/roc3.png>]
\openout4 = `Main_Course_MachineLearning_Presentation.vrb'.

(Main_Course_MachineLearning_Presentation.vrb
<images/roc4.png, id=7723, 286.82156pt x 204.765pt>
File: images/roc4.png Graphic file (type png)
<use images/roc4.png>
Package pdftex.def Info: images/roc4.png  used on input line 19.
(pdftex.def)             Requested size: 122.9164pt x 87.7504pt.
<images/roc5.png, id=7724, 301.125pt x 204.765pt>
File: images/roc5.png Graphic file (type png)
<use images/roc5.png>
Package pdftex.def Info: images/roc5.png  used on input line 21.
(pdftex.def)             Requested size: 122.9164pt x 83.58237pt.
)
File: images/logo_yhk.png Graphic file (type png)
<use images/logo_yhk.png>
Package pdftex.def Info: images/logo_yhk.png  used on input line 1392.
(pdftex.def)             Requested size: 17.07164pt x 12.43224pt.
[966

 <./images/roc4.png> <./images/roc5.png>]
\openout4 = `Main_Course_MachineLearning_Presentation.vrb'.

(Main_Course_MachineLearning_Presentation.vrb
<images/roc7.png, id=7731, 268.75406pt x 181.42781pt>
File: images/roc7.png Graphic file (type png)
<use images/roc7.png>
Package pdftex.def Info: images/roc7.png  used on input line 18.
(pdftex.def)             Requested size: 122.9164pt x 82.9761pt.
)
File: images/logo_yhk.png Graphic file (type png)
<use images/logo_yhk.png>
Package pdftex.def Info: images/logo_yhk.png  used on input line 1419.
(pdftex.def)             Requested size: 17.07164pt x 12.43224pt.
[967

 <./images/roc7.png>]
\openout4 = `Main_Course_MachineLearning_Presentation.vrb'.

(Main_Course_MachineLearning_Presentation.vrb
<images/roc6.png, id=7739, 286.82156pt x 204.765pt>
File: images/roc6.png Graphic file (type png)
<use images/roc6.png>
Package pdftex.def Info: images/roc6.png  used on input line 16.
(pdftex.def)             Requested size: 122.9164pt x 87.7504pt.
)
File: images/logo_yhk.png Graphic file (type png)
<use images/logo_yhk.png>
Package pdftex.def Info: images/logo_yhk.png  used on input line 1445.
(pdftex.def)             Requested size: 17.07164pt x 12.43224pt.
[968

 <./images/roc6.png>]
\openout4 = `Main_Course_MachineLearning_Presentation.vrb'.

(Main_Course_MachineLearning_Presentation.vrb
<images/binclass1.png, id=7746, 340.27126pt x 362.10281pt>
File: images/binclass1.png Graphic file (type png)
<use images/binclass1.png>
Package pdftex.def Info: images/binclass1.png  used on input line 17.
(pdftex.def)             Requested size: 138.2795pt x 147.1481pt.
)
File: images/logo_yhk.png Graphic file (type png)
<use images/logo_yhk.png>
Package pdftex.def Info: images/logo_yhk.png  used on input line 1513.
(pdftex.def)             Requested size: 17.07164pt x 12.43224pt.
[969

 <./images/binclass1.png>]
\openout4 = `Main_Course_MachineLearning_Presentation.vrb'.

(Main_Course_MachineLearning_Presentation.vrb
<images/binclass2.png, id=7753, 353.82187pt x 363.60844pt>
File: images/binclass2.png Graphic file (type png)
<use images/binclass2.png>
Package pdftex.def Info: images/binclass2.png  used on input line 15.
(pdftex.def)             Requested size: 138.2795pt x 142.10632pt.
)
File: images/logo_yhk.png Graphic file (type png)
<use images/logo_yhk.png>
Package pdftex.def Info: images/logo_yhk.png  used on input line 1537.
(pdftex.def)             Requested size: 17.07164pt x 12.43224pt.
[970

 <./images/binclass2.png>]
\openout4 = `Main_Course_MachineLearning_Presentation.vrb'.

(Main_Course_MachineLearning_Presentation.vrb
<images/binclass3.png, id=7760, 449.42906pt x 364.36125pt>
File: images/binclass3.png Graphic file (type png)
<use images/binclass3.png>
Package pdftex.def Info: images/binclass3.png  used on input line 14.
(pdftex.def)             Requested size: 138.2795pt x 112.10574pt.
)
File: images/logo_yhk.png Graphic file (type png)
<use images/logo_yhk.png>
Package pdftex.def Info: images/logo_yhk.png  used on input line 1560.
(pdftex.def)             Requested size: 17.07164pt x 12.43224pt.
[971

 <./images/binclass3.png>]
\openout4 = `Main_Course_MachineLearning_Presentation.vrb'.

(Main_Course_MachineLearning_Presentation.vrb
<images/binclass4.png, id=7767, 344.78813pt x 363.60844pt>
File: images/binclass4.png Graphic file (type png)
<use images/binclass4.png>
Package pdftex.def Info: images/binclass4.png  used on input line 14.
(pdftex.def)             Requested size: 138.2795pt x 145.82916pt.
)
File: images/logo_yhk.png Graphic file (type png)
<use images/logo_yhk.png>
Package pdftex.def Info: images/logo_yhk.png  used on input line 1583.
(pdftex.def)             Requested size: 17.07164pt x 12.43224pt.
[972

 <./images/binclass4.png>]
\openout4 = `Main_Course_MachineLearning_Presentation.vrb'.

(Main_Course_MachineLearning_Presentation.vrb
<images/binclass5.png, id=7774, 343.2825pt x 364.36125pt>
File: images/binclass5.png Graphic file (type png)
<use images/binclass5.png>
Package pdftex.def Info: images/binclass5.png  used on input line 15.
(pdftex.def)             Requested size: 138.2795pt x 146.77045pt.
)
File: images/logo_yhk.png Graphic file (type png)
<use images/logo_yhk.png>
Package pdftex.def Info: images/logo_yhk.png  used on input line 1607.
(pdftex.def)             Requested size: 17.07164pt x 12.43224pt.
[973

 <./images/binclass5.png>]
\openout4 = `Main_Course_MachineLearning_Presentation.vrb'.

(Main_Course_MachineLearning_Presentation.vrb
<images/binclass6.png, id=7782, 341.02406pt x 365.86688pt>
File: images/binclass6.png Graphic file (type png)
<use images/binclass6.png>
Package pdftex.def Info: images/binclass6.png  used on input line 17.
(pdftex.def)             Requested size: 138.2795pt x 148.35391pt.
)
File: images/logo_yhk.png Graphic file (type png)
<use images/logo_yhk.png>
Package pdftex.def Info: images/logo_yhk.png  used on input line 1633.
(pdftex.def)             Requested size: 17.07164pt x 12.43224pt.
[974

 <./images/binclass6.png>]
\openout4 = `Main_Course_MachineLearning_Presentation.vrb'.

(Main_Course_MachineLearning_Presentation.vrb
<images/binclass7.png, id=7789, 342.5297pt x 363.60844pt>
File: images/binclass7.png Graphic file (type png)
<use images/binclass7.png>
Package pdftex.def Info: images/binclass7.png  used on input line 14.
(pdftex.def)             Requested size: 138.2795pt x 146.79456pt.
)
File: images/logo_yhk.png Graphic file (type png)
<use images/logo_yhk.png>
Package pdftex.def Info: images/logo_yhk.png  used on input line 1657.
(pdftex.def)             Requested size: 17.07164pt x 12.43224pt.
[975

 <./images/binclass7.png>]
\openout4 = `Main_Course_MachineLearning_Presentation.vrb'.

(Main_Course_MachineLearning_Presentation.vrb
<images/binclass8.png, id=7796, 343.2825pt x 365.11406pt>
File: images/binclass8.png Graphic file (type png)
<use images/binclass8.png>
Package pdftex.def Info: images/binclass8.png  used on input line 16.
(pdftex.def)             Requested size: 138.2795pt x 147.0737pt.
)
File: images/logo_yhk.png Graphic file (type png)
<use images/logo_yhk.png>
Package pdftex.def Info: images/logo_yhk.png  used on input line 1682.
(pdftex.def)             Requested size: 17.07164pt x 12.43224pt.
[976

 <./images/binclass8.png>]
\openout4 = `Main_Course_MachineLearning_Presentation.vrb'.

(Main_Course_MachineLearning_Presentation.vrb
<images/binclass9.png, id=7803, 344.78813pt x 367.3725pt>
File: images/binclass9.png Graphic file (type png)
<use images/binclass9.png>
Package pdftex.def Info: images/binclass9.png  used on input line 16.
(pdftex.def)             Requested size: 138.2795pt x 147.33878pt.
)
File: images/logo_yhk.png Graphic file (type png)
<use images/logo_yhk.png>
Package pdftex.def Info: images/logo_yhk.png  used on input line 1707.
(pdftex.def)             Requested size: 17.07164pt x 12.43224pt.
[977

 <./images/binclass9.png>]
\openout4 = `Main_Course_MachineLearning_Presentation.vrb'.

(Main_Course_MachineLearning_Presentation.vrb
<images/logreg19.png, id=7810, 554.82281pt x 376.40625pt>
File: images/logreg19.png Graphic file (type png)
<use images/logreg19.png>
Package pdftex.def Info: images/logreg19.png  used on input line 15.
(pdftex.def)             Requested size: 153.64493pt x 104.23283pt.
)
File: images/logo_yhk.png Graphic file (type png)
<use images/logo_yhk.png>
Package pdftex.def Info: images/logo_yhk.png  used on input line 1731.
(pdftex.def)             Requested size: 17.07164pt x 12.43224pt.
[978

 <./images/logreg19.png>]
\openout4 = `Main_Course_MachineLearning_Presentation.vrb'.

(Main_Course_MachineLearning_Presentation.vrb
<images/logreg20.png, id=7817, 581.17125pt x 376.40625pt>
File: images/logreg20.png Graphic file (type png)
<use images/logreg20.png>
Package pdftex.def Info: images/logreg20.png  used on input line 15.
(pdftex.def)             Requested size: 153.64493pt x 99.51169pt.
<images/logreg21.png, id=7818, 816.80156pt x 149.05687pt>
File: images/logreg21.png Graphic file (type png)
<use images/logreg21.png>
Package pdftex.def Info: images/logreg21.png  used on input line 17.
(pdftex.def)             Requested size: 153.64493pt x 28.03679pt.
)
File: images/logo_yhk.png Graphic file (type png)
<use images/logo_yhk.png>
Package pdftex.def Info: images/logo_yhk.png  used on input line 1758.
(pdftex.def)             Requested size: 17.07164pt x 12.43224pt.
[979

 <./images/logreg20.png> <./images/logreg21.png>]
\openout4 = `Main_Course_MachineLearning_Presentation.vrb'.

(Main_Course_MachineLearning_Presentation.vrb)
File: images/logo_yhk.png Graphic file (type png)
<use images/logo_yhk.png>
Package pdftex.def Info: images/logo_yhk.png  used on input line 1841.
(pdftex.def)             Requested size: 17.07164pt x 12.43224pt.
[980

]
\openout4 = `Main_Course_MachineLearning_Presentation.vrb'.

(Main_Course_MachineLearning_Presentation.vrb
<images/multilog.png, id=7832, 1050.92625pt x 120.45pt>
File: images/multilog.png Graphic file (type png)
<use images/multilog.png>
Package pdftex.def Info: images/multilog.png  used on input line 7.
(pdftex.def)             Requested size: 307.28987pt x 35.21999pt.
)
File: images/logo_yhk.png Graphic file (type png)
<use images/logo_yhk.png>
Package pdftex.def Info: images/logo_yhk.png  used on input line 1855.
(pdftex.def)             Requested size: 17.07164pt x 12.43224pt.
[981

 <./images/multilog.png>]
\openout4 = `Main_Course_MachineLearning_Presentation.vrb'.

(Main_Course_MachineLearning_Presentation.vrb)
File: images/logo_yhk.png Graphic file (type png)
<use images/logo_yhk.png>
Package pdftex.def Info: images/logo_yhk.png  used on input line 1874.
(pdftex.def)             Requested size: 17.07164pt x 12.43224pt.
[982

]
\openout4 = `Main_Course_MachineLearning_Presentation.vrb'.

(Main_Course_MachineLearning_Presentation.vrb)
File: images/logo_yhk.png Graphic file (type png)
<use images/logo_yhk.png>
Package pdftex.def Info: images/logo_yhk.png  used on input line 1883.
(pdftex.def)             Requested size: 17.07164pt x 12.43224pt.
[983

]
\openout4 = `Main_Course_MachineLearning_Presentation.vrb'.

(Main_Course_MachineLearning_Presentation.vrb
<images/logregf3.png, id=7852, 627.09282pt x 338.01282pt>
File: images/logregf3.png Graphic file (type png)
<use images/logregf3.png>
Package pdftex.def Info: images/logregf3.png  used on input line 8.
(pdftex.def)             Requested size: 245.83282pt x 132.51042pt.
)
File: images/logo_yhk.png Graphic file (type png)
<use images/logo_yhk.png>
Package pdftex.def Info: images/logo_yhk.png  used on input line 1896.
(pdftex.def)             Requested size: 17.07164pt x 12.43224pt.
[984

 <./images/logregf3.png>]
\openout4 = `Main_Course_MachineLearning_Presentation.vrb'.

(Main_Course_MachineLearning_Presentation.vrb
<images/logregf4.png, id=7859, 615.0478pt x 285.31593pt>
File: images/logregf4.png Graphic file (type png)
<use images/logregf4.png>
Package pdftex.def Info: images/logregf4.png  used on input line 7.
(pdftex.def)             Requested size: 245.83282pt x 114.04163pt.
)
File: images/logo_yhk.png Graphic file (type png)
<use images/logo_yhk.png>
Package pdftex.def Info: images/logo_yhk.png  used on input line 1907.
(pdftex.def)             Requested size: 17.07164pt x 12.43224pt.
[985

 <./images/logregf4.png>]
\openout4 = `Main_Course_MachineLearning_Presentation.vrb'.

(Main_Course_MachineLearning_Presentation.vrb)
File: images/logo_yhk.png Graphic file (type png)
<use images/logo_yhk.png>
Package pdftex.def Info: images/logo_yhk.png  used on input line 1976.
(pdftex.def)             Requested size: 17.07164pt x 12.43224pt.
[986

]
\openout4 = `Main_Course_MachineLearning_Presentation.vrb'.

(Main_Course_MachineLearning_Presentation.vrb)
File: images/logo_yhk.png Graphic file (type png)
<use images/logo_yhk.png>
Package pdftex.def Info: images/logo_yhk.png  used on input line 1989.
(pdftex.def)             Requested size: 17.07164pt x 12.43224pt.
[987

]
\openout4 = `Main_Course_MachineLearning_Presentation.vrb'.

(Main_Course_MachineLearning_Presentation.vrb
<images/loglin.png, id=7879, 1058.45438pt x 396.7322pt>
File: images/loglin.png Graphic file (type png)
<use images/loglin.png>
Package pdftex.def Info: images/loglin.png  used on input line 3.
(pdftex.def)             Requested size: 307.28987pt x 115.17651pt.
)
File: images/logo_yhk.png Graphic file (type png)
<use images/logo_yhk.png>
Package pdftex.def Info: images/logo_yhk.png  used on input line 1999.
(pdftex.def)             Requested size: 17.07164pt x 12.43224pt.
[988

 <./images/loglin.png>]
\openout4 = `Main_Course_MachineLearning_Presentation.vrb'.

(Main_Course_MachineLearning_Presentation.vrb)
File: images/logo_yhk.png Graphic file (type png)
<use images/logo_yhk.png>
Package pdftex.def Info: images/logo_yhk.png  used on input line 2006.
(pdftex.def)             Requested size: 17.07164pt x 12.43224pt.
[989

]
\openout4 = `Main_Course_MachineLearning_Presentation.vrb'.

(Main_Course_MachineLearning_Presentation.vrb)
File: images/logo_yhk.png Graphic file (type png)
<use images/logo_yhk.png>
Package pdftex.def Info: images/logo_yhk.png  used on input line 2013.
(pdftex.def)             Requested size: 17.07164pt x 12.43224pt.
[990

]) (ml_logisticregression_sklearn.tex
\openout4 = `Main_Course_MachineLearning_Presentation.vrb'.

(Main_Course_MachineLearning_Presentation.vrb)
File: images/logo_yhk.png Graphic file (type png)
<use images/logo_yhk.png>
Package pdftex.def Info: images/logo_yhk.png  used on input line 6.
(pdftex.def)             Requested size: 17.07164pt x 12.43224pt.
[991

]
\openout4 = `Main_Course_MachineLearning_Presentation.vrb'.

(Main_Course_MachineLearning_Presentation.vrb)
File: images/logo_yhk.png Graphic file (type png)
<use images/logo_yhk.png>
Package pdftex.def Info: images/logo_yhk.png  used on input line 30.
(pdftex.def)             Requested size: 17.07164pt x 12.43224pt.
[992

]
\openout4 = `Main_Course_MachineLearning_Presentation.vrb'.

(Main_Course_MachineLearning_Presentation.vrb)
File: images/logo_yhk.png Graphic file (type png)
<use images/logo_yhk.png>
Package pdftex.def Info: images/logo_yhk.png  used on input line 59.
(pdftex.def)             Requested size: 17.07164pt x 12.43224pt.
[993

]
\openout4 = `Main_Course_MachineLearning_Presentation.vrb'.

(Main_Course_MachineLearning_Presentation.vrb)
File: images/logo_yhk.png Graphic file (type png)
<use images/logo_yhk.png>
Package pdftex.def Info: images/logo_yhk.png  used on input line 69.
(pdftex.def)             Requested size: 17.07164pt x 12.43224pt.
[994

]
\openout4 = `Main_Course_MachineLearning_Presentation.vrb'.

(Main_Course_MachineLearning_Presentation.vrb
<images/irishead.png, id=7942, 453.695pt x 180.675pt>
File: images/irishead.png Graphic file (type png)
<use images/irishead.png>
Package pdftex.def Info: images/irishead.png  used on input line 4.
(pdftex.def)             Requested size: 245.83282pt x 97.89937pt.
)
File: images/logo_yhk.png Graphic file (type png)
<use images/logo_yhk.png>
Package pdftex.def Info: images/logo_yhk.png  used on input line 86.
(pdftex.def)             Requested size: 17.07164pt x 12.43224pt.
[995

 <./images/irishead.png>]
\openout4 = `Main_Course_MachineLearning_Presentation.vrb'.

(Main_Course_MachineLearning_Presentation.vrb
<images/irisdescribe.jpg, id=7950, 424.58624pt x 269.005pt>
File: images/irisdescribe.jpg Graphic file (type jpg)
<use images/irisdescribe.jpg>
Package pdftex.def Info: images/irisdescribe.jpg  used on input line 3.
(pdftex.def)             Requested size: 245.83282pt x 155.75209pt.
)
File: images/logo_yhk.png Graphic file (type png)
<use images/logo_yhk.png>
Package pdftex.def Info: images/logo_yhk.png  used on input line 115.
(pdftex.def)             Requested size: 17.07164pt x 12.43224pt.
[996

 <./images/irisdescribe.jpg>]
\openout4 = `Main_Course_MachineLearning_Presentation.vrb'.

(Main_Course_MachineLearning_Presentation.vrb
<images/irishist.png, id=7957, 602.25pt x 489.83pt>
File: images/irishist.png Graphic file (type png)
<use images/irishist.png>
Package pdftex.def Info: images/irishist.png  used on input line 3.
(pdftex.def)             Requested size: 245.83282pt x 199.94217pt.
)
File: images/logo_yhk.png Graphic file (type png)
<use images/logo_yhk.png>
Package pdftex.def Info: images/logo_yhk.png  used on input line 122.
(pdftex.def)             Requested size: 17.07164pt x 12.43224pt.
[997

 <./images/irishist.png>]
\openout4 = `Main_Course_MachineLearning_Presentation.vrb'.

(Main_Course_MachineLearning_Presentation.vrb)
File: images/logo_yhk.png Graphic file (type png)
<use images/logo_yhk.png>
Package pdftex.def Info: images/logo_yhk.png  used on input line 150.
(pdftex.def)             Requested size: 17.07164pt x 12.43224pt.
[998

]
\openout4 = `Main_Course_MachineLearning_Presentation.vrb'.

(Main_Course_MachineLearning_Presentation.vrb
<images/irisscatter1.png, id=7972, 578.16pt x 394.5942pt>
File: images/irisscatter1.png Graphic file (type png)
<use images/irisscatter1.png>
Package pdftex.def Info: images/irisscatter1.png  used on input line 3.
(pdftex.def)             Requested size: 307.28987pt x 209.72397pt.
)
File: images/logo_yhk.png Graphic file (type png)
<use images/logo_yhk.png>
Package pdftex.def Info: images/logo_yhk.png  used on input line 157.
(pdftex.def)             Requested size: 17.07164pt x 12.43224pt.
[999

 <./images/irisscatter1.png>]
\openout4 = `Main_Course_MachineLearning_Presentation.vrb'.

(Main_Course_MachineLearning_Presentation.vrb)
File: images/logo_yhk.png Graphic file (type png)
<use images/logo_yhk.png>
Package pdftex.def Info: images/logo_yhk.png  used on input line 175.
(pdftex.def)             Requested size: 17.07164pt x 12.43224pt.
[1000

]
\openout4 = `Main_Course_MachineLearning_Presentation.vrb'.

(Main_Course_MachineLearning_Presentation.vrb
<images/irisscatter2.png, id=7986, 361.35pt x 358.4592pt>
File: images/irisscatter2.png Graphic file (type png)
<use images/irisscatter2.png>
Package pdftex.def Info: images/irisscatter2.png  used on input line 3.
(pdftex.def)             Requested size: 215.10196pt x 213.38158pt.
)
Overfull \vbox (2.74297pt too high) detected at line 182
 []

File: images/logo_yhk.png Graphic file (type png)
<use images/logo_yhk.png>
Package pdftex.def Info: images/logo_yhk.png  used on input line 182.
(pdftex.def)             Requested size: 17.07164pt x 12.43224pt.
[1001

 <./images/irisscatter2.png>]
\openout4 = `Main_Course_MachineLearning_Presentation.vrb'.

(Main_Course_MachineLearning_Presentation.vrb)
File: images/logo_yhk.png Graphic file (type png)
<use images/logo_yhk.png>
Package pdftex.def Info: images/logo_yhk.png  used on input line 195.
(pdftex.def)             Requested size: 17.07164pt x 12.43224pt.
[1002

]
\openout4 = `Main_Course_MachineLearning_Presentation.vrb'.

(Main_Course_MachineLearning_Presentation.vrb
<images/irisscatter3.png, id=8000, 578.16pt x 394.5942pt>
File: images/irisscatter3.png Graphic file (type png)
<use images/irisscatter3.png>
Package pdftex.def Info: images/irisscatter3.png  used on input line 3.
(pdftex.def)             Requested size: 307.28987pt x 209.72397pt.
)
File: images/logo_yhk.png Graphic file (type png)
<use images/logo_yhk.png>
Package pdftex.def Info: images/logo_yhk.png  used on input line 203.
(pdftex.def)             Requested size: 17.07164pt x 12.43224pt.
[1003

 <./images/irisscatter3.png>]
\openout4 = `Main_Course_MachineLearning_Presentation.vrb'.

(Main_Course_MachineLearning_Presentation.vrb)
File: images/logo_yhk.png Graphic file (type png)
<use images/logo_yhk.png>
Package pdftex.def Info: images/logo_yhk.png  used on input line 218.
(pdftex.def)             Requested size: 17.07164pt x 12.43224pt.
[1004

]
\openout4 = `Main_Course_MachineLearning_Presentation.vrb'.

(Main_Course_MachineLearning_Presentation.vrb
<images/irisscatter4.png, id=8015, 867.24pt x 716.9184pt>
File: images/irisscatter4.png Graphic file (type png)
<use images/irisscatter4.png>
Package pdftex.def Info: images/irisscatter4.png  used on input line 3.
(pdftex.def)             Requested size: 245.83282pt x 203.219pt.
)
File: images/logo_yhk.png Graphic file (type png)
<use images/logo_yhk.png>
Package pdftex.def Info: images/logo_yhk.png  used on input line 225.
(pdftex.def)             Requested size: 17.07164pt x 12.43224pt.
[1005

 <./images/irisscatter4.png>]
\openout4 = `Main_Course_MachineLearning_Presentation.vrb'.

(Main_Course_MachineLearning_Presentation.vrb
Overfull \hbox (3.78764pt too wide) in paragraph at lines 10--12
[][][][][][][][][][][][][][][][][][][][][][][][][][][][][][][][][][][][][][][][
][][][][][][][][][][][][][][][][][][][][][][][][][]  
 []

)
File: images/logo_yhk.png Graphic file (type png)
<use images/logo_yhk.png>
Package pdftex.def Info: images/logo_yhk.png  used on input line 254.
(pdftex.def)             Requested size: 17.07164pt x 12.43224pt.
[1006

]
\openout4 = `Main_Course_MachineLearning_Presentation.vrb'.

(Main_Course_MachineLearning_Presentation.vrb)
File: images/logo_yhk.png Graphic file (type png)
<use images/logo_yhk.png>
Package pdftex.def Info: images/logo_yhk.png  used on input line 266.
(pdftex.def)             Requested size: 17.07164pt x 12.43224pt.
[1007

]
\openout4 = `Main_Course_MachineLearning_Presentation.vrb'.

(Main_Course_MachineLearning_Presentation.vrb)
File: images/logo_yhk.png Graphic file (type png)
<use images/logo_yhk.png>
Package pdftex.def Info: images/logo_yhk.png  used on input line 286.
(pdftex.def)             Requested size: 17.07164pt x 12.43224pt.
[1008

]
\openout4 = `Main_Course_MachineLearning_Presentation.vrb'.

(Main_Course_MachineLearning_Presentation.vrb)
File: images/logo_yhk.png Graphic file (type png)
<use images/logo_yhk.png>
Package pdftex.def Info: images/logo_yhk.png  used on input line 298.
(pdftex.def)             Requested size: 17.07164pt x 12.43224pt.
[1009

]
\openout4 = `Main_Course_MachineLearning_Presentation.vrb'.

(Main_Course_MachineLearning_Presentation.vrb)
Overfull \vbox (21.1312pt too high) detected at line 325
 []

File: images/logo_yhk.png Graphic file (type png)
<use images/logo_yhk.png>
Package pdftex.def Info: images/logo_yhk.png  used on input line 325.
(pdftex.def)             Requested size: 17.07164pt x 12.43224pt.
[1010

]
\openout4 = `Main_Course_MachineLearning_Presentation.vrb'.

(Main_Course_MachineLearning_Presentation.vrb)
File: images/logo_yhk.png Graphic file (type png)
<use images/logo_yhk.png>
Package pdftex.def Info: images/logo_yhk.png  used on input line 335.
(pdftex.def)             Requested size: 17.07164pt x 12.43224pt.
[1011

]
\openout4 = `Main_Course_MachineLearning_Presentation.vrb'.

(Main_Course_MachineLearning_Presentation.vrb)
File: images/logo_yhk.png Graphic file (type png)
<use images/logo_yhk.png>
Package pdftex.def Info: images/logo_yhk.png  used on input line 421.
(pdftex.def)             Requested size: 17.07164pt x 12.43224pt.
[1012

]
\openout4 = `Main_Course_MachineLearning_Presentation.vrb'.

(Main_Course_MachineLearning_Presentation.vrb)
File: images/logo_yhk.png Graphic file (type png)
<use images/logo_yhk.png>
Package pdftex.def Info: images/logo_yhk.png  used on input line 434.
(pdftex.def)             Requested size: 17.07164pt x 12.43224pt.
[1013

]
\openout4 = `Main_Course_MachineLearning_Presentation.vrb'.

(Main_Course_MachineLearning_Presentation.vrb
File: images/glassdt.png Graphic file (type png)
<use images/glassdt.png>
Package pdftex.def Info: images/glassdt.png  used on input line 3.
(pdftex.def)             Requested size: 245.83282pt x 103.18913pt.
)
File: images/logo_yhk.png Graphic file (type png)
<use images/logo_yhk.png>
Package pdftex.def Info: images/logo_yhk.png  used on input line 447.
(pdftex.def)             Requested size: 17.07164pt x 12.43224pt.
[1014

]
\openout4 = `Main_Course_MachineLearning_Presentation.vrb'.

(Main_Course_MachineLearning_Presentation.vrb)
File: images/logo_yhk.png Graphic file (type png)
<use images/logo_yhk.png>
Package pdftex.def Info: images/logo_yhk.png  used on input line 466.
(pdftex.def)             Requested size: 17.07164pt x 12.43224pt.
[1015

]
\openout4 = `Main_Course_MachineLearning_Presentation.vrb'.

(Main_Course_MachineLearning_Presentation.vrb
<images/glasstp.png, id=8097, 463.7325pt x 153.57375pt>
File: images/glasstp.png Graphic file (type png)
<use images/glasstp.png>
Package pdftex.def Info: images/glasstp.png  used on input line 3.
(pdftex.def)             Requested size: 276.559pt x 91.58957pt.
)
File: images/logo_yhk.png Graphic file (type png)
<use images/logo_yhk.png>
Package pdftex.def Info: images/logo_yhk.png  used on input line 473.
(pdftex.def)             Requested size: 17.07164pt x 12.43224pt.
[1016

 <./images/glasstp.png>]
\openout4 = `Main_Course_MachineLearning_Presentation.vrb'.

(Main_Course_MachineLearning_Presentation.vrb)
File: images/logo_yhk.png Graphic file (type png)
<use images/logo_yhk.png>
Package pdftex.def Info: images/logo_yhk.png  used on input line 483.
(pdftex.def)             Requested size: 17.07164pt x 12.43224pt.
[1017

]
\openout4 = `Main_Course_MachineLearning_Presentation.vrb'.

(Main_Course_MachineLearning_Presentation.vrb
<images/glasshld.png, id=8110, 526.96875pt x 370.38374pt>
File: images/glasshld.png Graphic file (type png)
<use images/glasshld.png>
Package pdftex.def Info: images/glasshld.png  used on input line 4.
(pdftex.def)             Requested size: 276.559pt x 194.3922pt.
)
File: images/logo_yhk.png Graphic file (type png)
<use images/logo_yhk.png>
Package pdftex.def Info: images/logo_yhk.png  used on input line 491.
(pdftex.def)             Requested size: 17.07164pt x 12.43224pt.
[1018

 <./images/glasshld.png>]
\openout4 = `Main_Course_MachineLearning_Presentation.vrb'.

(Main_Course_MachineLearning_Presentation.vrb)
File: images/logo_yhk.png Graphic file (type png)
<use images/logo_yhk.png>
Package pdftex.def Info: images/logo_yhk.png  used on input line 510.
(pdftex.def)             Requested size: 17.07164pt x 12.43224pt.
[1019

]
\openout4 = `Main_Course_MachineLearning_Presentation.vrb'.

(Main_Course_MachineLearning_Presentation.vrb
<images/glasshldplt.png, id=8124, 526.96875pt x 370.38374pt>
File: images/glasshldplt.png Graphic file (type png)
<use images/glasshldplt.png>
Package pdftex.def Info: images/glasshldplt.png  used on input line 3.
(pdftex.def)             Requested size: 276.559pt x 194.3922pt.
)
File: images/logo_yhk.png Graphic file (type png)
<use images/logo_yhk.png>
Package pdftex.def Info: images/logo_yhk.png  used on input line 517.
(pdftex.def)             Requested size: 17.07164pt x 12.43224pt.
[1020

 <./images/glasshldplt.png>]
\openout4 = `Main_Course_MachineLearning_Presentation.vrb'.

(Main_Course_MachineLearning_Presentation.vrb)
File: images/logo_yhk.png Graphic file (type png)
<use images/logo_yhk.png>
Package pdftex.def Info: images/logo_yhk.png  used on input line 531.
(pdftex.def)             Requested size: 17.07164pt x 12.43224pt.
[1021

]
\openout4 = `Main_Course_MachineLearning_Presentation.vrb'.

(Main_Course_MachineLearning_Presentation.vrb
<images/glasshldpltprob.png, id=8139, 526.96875pt x 370.38374pt>
File: images/glasshldpltprob.png Graphic file (type png)
<use images/glasshldpltprob.png>
Package pdftex.def Info: images/glasshldpltprob.png  used on input line 3.
(pdftex.def)             Requested size: 276.559pt x 194.3922pt.
)
File: images/logo_yhk.png Graphic file (type png)
<use images/logo_yhk.png>
Package pdftex.def Info: images/logo_yhk.png  used on input line 539.
(pdftex.def)             Requested size: 17.07164pt x 12.43224pt.
[1022

 <./images/glasshldpltprob.png>]
\openout4 = `Main_Course_MachineLearning_Presentation.vrb'.

(Main_Course_MachineLearning_Presentation.vrb)
File: images/logo_yhk.png Graphic file (type png)
<use images/logo_yhk.png>
Package pdftex.def Info: images/logo_yhk.png  used on input line 558.
(pdftex.def)             Requested size: 17.07164pt x 12.43224pt.
[1023

]
\openout4 = `Main_Course_MachineLearning_Presentation.vrb'.

(Main_Course_MachineLearning_Presentation.vrb)
File: images/logo_yhk.png Graphic file (type png)
<use images/logo_yhk.png>
Package pdftex.def Info: images/logo_yhk.png  used on input line 633.
(pdftex.def)             Requested size: 17.07164pt x 12.43224pt.
[1024

]
\openout4 = `Main_Course_MachineLearning_Presentation.vrb'.

(Main_Course_MachineLearning_Presentation.vrb)
File: images/logo_yhk.png Graphic file (type png)
<use images/logo_yhk.png>
Package pdftex.def Info: images/logo_yhk.png  used on input line 644.
(pdftex.def)             Requested size: 17.07164pt x 12.43224pt.
[1025

] (Main_Course_MachineLearning_Presentation.vrb)
File: images/logo_yhk.png Graphic file (type png)
<use images/logo_yhk.png>
Package pdftex.def Info: images/logo_yhk.png  used on input line 644.
(pdftex.def)             Requested size: 17.07164pt x 12.43224pt.
[1026

]))) (workshop_ml_treebased_content.tex (seminar_ml_decisiontree_content.tex (m
l_decisiontree.tex
\openout4 = `Main_Course_MachineLearning_Presentation.vrb'.

(Main_Course_MachineLearning_Presentation.vrb)
File: images/logo_yhk.png Graphic file (type png)
<use images/logo_yhk.png>
Package pdftex.def Info: images/logo_yhk.png  used on input line 6.
(pdftex.def)             Requested size: 17.07164pt x 12.43224pt.
[1027

]
\openout4 = `Main_Course_MachineLearning_Presentation.vrb'.

(Main_Course_MachineLearning_Presentation.vrb)
File: images/logo_yhk.png Graphic file (type png)
<use images/logo_yhk.png>
Package pdftex.def Info: images/logo_yhk.png  used on input line 14.
(pdftex.def)             Requested size: 17.07164pt x 12.43224pt.
[1028

]
\openout4 = `Main_Course_MachineLearning_Presentation.vrb'.

(Main_Course_MachineLearning_Presentation.vrb)
File: images/logo_yhk.png Graphic file (type png)
<use images/logo_yhk.png>
Package pdftex.def Info: images/logo_yhk.png  used on input line 26.
(pdftex.def)             Requested size: 17.07164pt x 12.43224pt.
[1029

]
\openout4 = `Main_Course_MachineLearning_Presentation.vrb'.

(Main_Course_MachineLearning_Presentation.vrb)
File: images/logo_yhk.png Graphic file (type png)
<use images/logo_yhk.png>
Package pdftex.def Info: images/logo_yhk.png  used on input line 38.
(pdftex.def)             Requested size: 17.07164pt x 12.43224pt.
[1030

]
\openout4 = `Main_Course_MachineLearning_Presentation.vrb'.

(Main_Course_MachineLearning_Presentation.vrb)
File: images/logo_yhk.png Graphic file (type png)
<use images/logo_yhk.png>
Package pdftex.def Info: images/logo_yhk.png  used on input line 49.
(pdftex.def)             Requested size: 17.07164pt x 12.43224pt.
[1031

]
\openout4 = `Main_Course_MachineLearning_Presentation.vrb'.

(Main_Course_MachineLearning_Presentation.vrb)
File: images/logo_yhk.png Graphic file (type png)
<use images/logo_yhk.png>
Package pdftex.def Info: images/logo_yhk.png  used on input line 59.
(pdftex.def)             Requested size: 17.07164pt x 12.43224pt.
[1032

]
\openout4 = `Main_Course_MachineLearning_Presentation.vrb'.

(Main_Course_MachineLearning_Presentation.vrb)
File: images/logo_yhk.png Graphic file (type png)
<use images/logo_yhk.png>
Package pdftex.def Info: images/logo_yhk.png  used on input line 69.
(pdftex.def)             Requested size: 17.07164pt x 12.43224pt.
[1033

]
\openout4 = `Main_Course_MachineLearning_Presentation.vrb'.

(Main_Course_MachineLearning_Presentation.vrb)
File: images/logo_yhk.png Graphic file (type png)
<use images/logo_yhk.png>
Package pdftex.def Info: images/logo_yhk.png  used on input line 76.
(pdftex.def)             Requested size: 17.07164pt x 12.43224pt.
[1034

]
\openout4 = `Main_Course_MachineLearning_Presentation.vrb'.

(Main_Course_MachineLearning_Presentation.vrb)
File: images/logo_yhk.png Graphic file (type png)
<use images/logo_yhk.png>
Package pdftex.def Info: images/logo_yhk.png  used on input line 86.
(pdftex.def)             Requested size: 17.07164pt x 12.43224pt.
[1035

]
\openout4 = `Main_Course_MachineLearning_Presentation.vrb'.

(Main_Course_MachineLearning_Presentation.vrb)
File: images/logo_yhk.png Graphic file (type png)
<use images/logo_yhk.png>
Package pdftex.def Info: images/logo_yhk.png  used on input line 95.
(pdftex.def)             Requested size: 17.07164pt x 12.43224pt.
[1036

]
\openout4 = `Main_Course_MachineLearning_Presentation.vrb'.

(Main_Course_MachineLearning_Presentation.vrb
<images/treeex1.png, id=8270, 758.835pt x 193.47281pt>
File: images/treeex1.png Graphic file (type png)
<use images/treeex1.png>
Package pdftex.def Info: images/treeex1.png  used on input line 3.
(pdftex.def)             Requested size: 215.10196pt x 54.84215pt.
)
File: images/logo_yhk.png Graphic file (type png)
<use images/logo_yhk.png>
Package pdftex.def Info: images/logo_yhk.png  used on input line 102.
(pdftex.def)             Requested size: 17.07164pt x 12.43224pt.
[1037

 <./images/treeex1.png>]
\openout4 = `Main_Course_MachineLearning_Presentation.vrb'.

(Main_Course_MachineLearning_Presentation.vrb)
File: images/logo_yhk.png Graphic file (type png)
<use images/logo_yhk.png>
Package pdftex.def Info: images/logo_yhk.png  used on input line 112.
(pdftex.def)             Requested size: 17.07164pt x 12.43224pt.
[1038

]
\openout4 = `Main_Course_MachineLearning_Presentation.vrb'.

(Main_Course_MachineLearning_Presentation.vrb
<images/treeex2.png, id=8284, 858.95906pt x 343.2825pt>
File: images/treeex2.png Graphic file (type png)
<use images/treeex2.png>
Package pdftex.def Info: images/treeex2.png  used on input line 3.
(pdftex.def)             Requested size: 215.10196pt x 85.96184pt.
)
File: images/logo_yhk.png Graphic file (type png)
<use images/logo_yhk.png>
Package pdftex.def Info: images/logo_yhk.png  used on input line 119.
(pdftex.def)             Requested size: 17.07164pt x 12.43224pt.
[1039

 <./images/treeex2.png>]
\openout4 = `Main_Course_MachineLearning_Presentation.vrb'.

(Main_Course_MachineLearning_Presentation.vrb)
File: images/logo_yhk.png Graphic file (type png)
<use images/logo_yhk.png>
Package pdftex.def Info: images/logo_yhk.png  used on input line 129.
(pdftex.def)             Requested size: 17.07164pt x 12.43224pt.
[1040

]
\openout4 = `Main_Course_MachineLearning_Presentation.vrb'.

(Main_Course_MachineLearning_Presentation.vrb)
File: images/logo_yhk.png Graphic file (type png)
<use images/logo_yhk.png>
Package pdftex.def Info: images/logo_yhk.png  used on input line 138.
(pdftex.def)             Requested size: 17.07164pt x 12.43224pt.
[1041

]
\openout4 = `Main_Course_MachineLearning_Presentation.vrb'.

(Main_Course_MachineLearning_Presentation.vrb)
File: images/logo_yhk.png Graphic file (type png)
<use images/logo_yhk.png>
Package pdftex.def Info: images/logo_yhk.png  used on input line 146.
(pdftex.def)             Requested size: 17.07164pt x 12.43224pt.
[1042

]
\openout4 = `Main_Course_MachineLearning_Presentation.vrb'.

(Main_Course_MachineLearning_Presentation.vrb)
File: images/logo_yhk.png Graphic file (type png)
<use images/logo_yhk.png>
Package pdftex.def Info: images/logo_yhk.png  used on input line 154.
(pdftex.def)             Requested size: 17.07164pt x 12.43224pt.
[1043

]
\openout4 = `Main_Course_MachineLearning_Presentation.vrb'.

(Main_Course_MachineLearning_Presentation.vrb)
File: images/logo_yhk.png Graphic file (type png)
<use images/logo_yhk.png>
Package pdftex.def Info: images/logo_yhk.png  used on input line 161.
(pdftex.def)             Requested size: 17.07164pt x 12.43224pt.
[1044

]
\openout4 = `Main_Course_MachineLearning_Presentation.vrb'.

(Main_Course_MachineLearning_Presentation.vrb)
File: images/logo_yhk.png Graphic file (type png)
<use images/logo_yhk.png>
Package pdftex.def Info: images/logo_yhk.png  used on input line 189.
(pdftex.def)             Requested size: 17.07164pt x 12.43224pt.
[1045

]
\openout4 = `Main_Course_MachineLearning_Presentation.vrb'.

(Main_Course_MachineLearning_Presentation.vrb)
File: images/logo_yhk.png Graphic file (type png)
<use images/logo_yhk.png>
Package pdftex.def Info: images/logo_yhk.png  used on input line 195.
(pdftex.def)             Requested size: 17.07164pt x 12.43224pt.
[1046

]
\openout4 = `Main_Course_MachineLearning_Presentation.vrb'.

(Main_Course_MachineLearning_Presentation.vrb
<images/decbound.png, id=8336, 1027.58907pt x 441.14813pt>
File: images/decbound.png Graphic file (type png)
<use images/decbound.png>
Package pdftex.def Info: images/decbound.png  used on input line 4.
(pdftex.def)             Requested size: 245.83282pt x 105.53441pt.
)
File: images/logo_yhk.png Graphic file (type png)
<use images/logo_yhk.png>
Package pdftex.def Info: images/logo_yhk.png  used on input line 207.
(pdftex.def)             Requested size: 17.07164pt x 12.43224pt.
[1047

 <./images/decbound.png>]
\openout4 = `Main_Course_MachineLearning_Presentation.vrb'.

(Main_Course_MachineLearning_Presentation.vrb)
File: images/logo_yhk.png Graphic file (type png)
<use images/logo_yhk.png>
Package pdftex.def Info: images/logo_yhk.png  used on input line 218.
(pdftex.def)             Requested size: 17.07164pt x 12.43224pt.
[1048

]
\openout4 = `Main_Course_MachineLearning_Presentation.vrb'.

(Main_Course_MachineLearning_Presentation.vrb)
File: images/logo_yhk.png Graphic file (type png)
<use images/logo_yhk.png>
Package pdftex.def Info: images/logo_yhk.png  used on input line 230.
(pdftex.def)             Requested size: 17.07164pt x 12.43224pt.
[1049

]
\openout4 = `Main_Course_MachineLearning_Presentation.vrb'.

(Main_Course_MachineLearning_Presentation.vrb)
File: images/logo_yhk.png Graphic file (type png)
<use images/logo_yhk.png>
Package pdftex.def Info: images/logo_yhk.png  used on input line 241.
(pdftex.def)             Requested size: 17.07164pt x 12.43224pt.
[1050

]
\openout4 = `Main_Course_MachineLearning_Presentation.vrb'.

(Main_Course_MachineLearning_Presentation.vrb)
File: images/logo_yhk.png Graphic file (type png)
<use images/logo_yhk.png>
Package pdftex.def Info: images/logo_yhk.png  used on input line 277.
(pdftex.def)             Requested size: 17.07164pt x 12.43224pt.
[1051

]
\openout4 = `Main_Course_MachineLearning_Presentation.vrb'.

(Main_Course_MachineLearning_Presentation.vrb
<images/dt1.png, id=8369, 443.40656pt x 344.78813pt>
File: images/dt1.png Graphic file (type png)
<use images/dt1.png>
Package pdftex.def Info: images/dt1.png  used on input line 9.
(pdftex.def)             Requested size: 153.64493pt x 119.47287pt.
)
File: images/logo_yhk.png Graphic file (type png)
<use images/logo_yhk.png>
Package pdftex.def Info: images/logo_yhk.png  used on input line 292.
(pdftex.def)             Requested size: 17.07164pt x 12.43224pt.
[1052

 <./images/dt1.png>]
\openout4 = `Main_Course_MachineLearning_Presentation.vrb'.

(Main_Course_MachineLearning_Presentation.vrb)
File: images/logo_yhk.png Graphic file (type png)
<use images/logo_yhk.png>
Package pdftex.def Info: images/logo_yhk.png  used on input line 304.
(pdftex.def)             Requested size: 17.07164pt x 12.43224pt.
[1053

]
\openout4 = `Main_Course_MachineLearning_Presentation.vrb'.

(Main_Course_MachineLearning_Presentation.vrb
<images/dt2.png, id=8383, 231.11343pt x 216.81pt>
File: images/dt2.png Graphic file (type png)
<use images/dt2.png>
Package pdftex.def Info: images/dt2.png  used on input line 3.
(pdftex.def)             Requested size: 153.64493pt x 144.13713pt.
)
File: images/logo_yhk.png Graphic file (type png)
<use images/logo_yhk.png>
Package pdftex.def Info: images/logo_yhk.png  used on input line 311.
(pdftex.def)             Requested size: 17.07164pt x 12.43224pt.
[1054

 <./images/dt2.png>]
\openout4 = `Main_Course_MachineLearning_Presentation.vrb'.

(Main_Course_MachineLearning_Presentation.vrb
<images/dt3.png, id=8390, 391.4625pt x 286.06876pt>
File: images/dt3.png Graphic file (type png)
<use images/dt3.png>
Package pdftex.def Info: images/dt3.png  used on input line 3.
(pdftex.def)             Requested size: 184.3758pt x 134.73605pt.
)
File: images/logo_yhk.png Graphic file (type png)
<use images/logo_yhk.png>
Package pdftex.def Info: images/logo_yhk.png  used on input line 325.
(pdftex.def)             Requested size: 17.07164pt x 12.43224pt.
[1055

 <./images/dt3.png>]
\openout4 = `Main_Course_MachineLearning_Presentation.vrb'.

(Main_Course_MachineLearning_Presentation.vrb
<images/dt4.png, id=8397, 405.01312pt x 289.83281pt>
File: images/dt4.png Graphic file (type png)
<use images/dt4.png>
Package pdftex.def Info: images/dt4.png  used on input line 3.
(pdftex.def)             Requested size: 153.64493pt x 109.95186pt.
)
File: images/logo_yhk.png Graphic file (type png)
<use images/logo_yhk.png>
Package pdftex.def Info: images/logo_yhk.png  used on input line 337.
(pdftex.def)             Requested size: 17.07164pt x 12.43224pt.
[1056

 <./images/dt4.png>]
\openout4 = `Main_Course_MachineLearning_Presentation.vrb'.

(Main_Course_MachineLearning_Presentation.vrb
<images/dt5.png, id=8404, 395.97937pt x 274.77657pt>
File: images/dt5.png Graphic file (type png)
<use images/dt5.png>
Package pdftex.def Info: images/dt5.png  used on input line 9.
(pdftex.def)             Requested size: 153.64493pt x 106.61736pt.
)
File: images/logo_yhk.png Graphic file (type png)
<use images/logo_yhk.png>
Package pdftex.def Info: images/logo_yhk.png  used on input line 351.
(pdftex.def)             Requested size: 17.07164pt x 12.43224pt.
[1057

 <./images/dt5.png>]
\openout4 = `Main_Course_MachineLearning_Presentation.vrb'.

(Main_Course_MachineLearning_Presentation.vrb
<images/dt6.png, id=8412, 391.4625pt x 273.27094pt>
File: images/dt6.png Graphic file (type png)
<use images/dt6.png>
Package pdftex.def Info: images/dt6.png  used on input line 9.
(pdftex.def)             Requested size: 184.3758pt x 128.70837pt.
)
File: images/logo_yhk.png Graphic file (type png)
<use images/logo_yhk.png>
Package pdftex.def Info: images/logo_yhk.png  used on input line 364.
(pdftex.def)             Requested size: 17.07164pt x 12.43224pt.
[1058

 <./images/dt6.png>]
\openout4 = `Main_Course_MachineLearning_Presentation.vrb'.

(Main_Course_MachineLearning_Presentation.vrb)
File: images/logo_yhk.png Graphic file (type png)
<use images/logo_yhk.png>
Package pdftex.def Info: images/logo_yhk.png  used on input line 379.
(pdftex.def)             Requested size: 17.07164pt x 12.43224pt.
[1059

]
\openout4 = `Main_Course_MachineLearning_Presentation.vrb'.

(Main_Course_MachineLearning_Presentation.vrb)
File: images/logo_yhk.png Graphic file (type png)
<use images/logo_yhk.png>
Package pdftex.def Info: images/logo_yhk.png  used on input line 403.
(pdftex.def)             Requested size: 17.07164pt x 12.43224pt.
[1060

]
\openout4 = `Main_Course_MachineLearning_Presentation.vrb'.

(Main_Course_MachineLearning_Presentation.vrb)
File: images/logo_yhk.png Graphic file (type png)
<use images/logo_yhk.png>
Package pdftex.def Info: images/logo_yhk.png  used on input line 433.
(pdftex.def)             Requested size: 17.07164pt x 12.43224pt.
[1061

]
\openout4 = `Main_Course_MachineLearning_Presentation.vrb'.

(Main_Course_MachineLearning_Presentation.vrb
<images/dt7.png, id=8437, 374.90062pt x 112.16907pt>
File: images/dt7.png Graphic file (type png)
<use images/dt7.png>
Package pdftex.def Info: images/dt7.png  used on input line 13.
(pdftex.def)             Requested size: 245.83282pt x 73.55257pt.
)
File: images/logo_yhk.png Graphic file (type png)
<use images/logo_yhk.png>
Package pdftex.def Info: images/logo_yhk.png  used on input line 450.
(pdftex.def)             Requested size: 17.07164pt x 12.43224pt.
[1062

 <./images/dt7.png>]
\openout4 = `Main_Course_MachineLearning_Presentation.vrb'.

(Main_Course_MachineLearning_Presentation.vrb)
File: images/logo_yhk.png Graphic file (type png)
<use images/logo_yhk.png>
Package pdftex.def Info: images/logo_yhk.png  used on input line 458.
(pdftex.def)             Requested size: 17.07164pt x 12.43224pt.
[1063

]
\openout4 = `Main_Course_MachineLearning_Presentation.vrb'.

(Main_Course_MachineLearning_Presentation.vrb

LaTeX Font Warning: Command \Large invalid in math mode on input line 7.

)
File: images/logo_yhk.png Graphic file (type png)
<use images/logo_yhk.png>
Package pdftex.def Info: images/logo_yhk.png  used on input line 471.
(pdftex.def)             Requested size: 17.07164pt x 12.43224pt.
[1064

]
\openout4 = `Main_Course_MachineLearning_Presentation.vrb'.

(Main_Course_MachineLearning_Presentation.vrb)
File: images/logo_yhk.png Graphic file (type png)
<use images/logo_yhk.png>
Package pdftex.def Info: images/logo_yhk.png  used on input line 482.
(pdftex.def)             Requested size: 17.07164pt x 12.43224pt.
[1065

]
\openout4 = `Main_Course_MachineLearning_Presentation.vrb'.

(Main_Course_MachineLearning_Presentation.vrb)
File: images/logo_yhk.png Graphic file (type png)
<use images/logo_yhk.png>
Package pdftex.def Info: images/logo_yhk.png  used on input line 499.
(pdftex.def)             Requested size: 17.07164pt x 12.43224pt.
[1066

]
\openout4 = `Main_Course_MachineLearning_Presentation.vrb'.

(Main_Course_MachineLearning_Presentation.vrb)
File: images/logo_yhk.png Graphic file (type png)
<use images/logo_yhk.png>
Package pdftex.def Info: images/logo_yhk.png  used on input line 509.
(pdftex.def)             Requested size: 17.07164pt x 12.43224pt.
[1067

]
\openout4 = `Main_Course_MachineLearning_Presentation.vrb'.

(Main_Course_MachineLearning_Presentation.vrb
<images/dt11.png, id=8475, 350.30875pt x 298.11375pt>
File: images/dt11.png Graphic file (type png)
<use images/dt11.png>
Package pdftex.def Info: images/dt11.png  used on input line 10.
(pdftex.def)             Requested size: 122.91406pt x 104.60065pt.
)
File: images/logo_yhk.png Graphic file (type png)
<use images/logo_yhk.png>
Package pdftex.def Info: images/logo_yhk.png  used on input line 524.
(pdftex.def)             Requested size: 17.07164pt x 12.43224pt.
[1068

 <./images/dt11.png (PNG copy)>]
\openout4 = `Main_Course_MachineLearning_Presentation.vrb'.

(Main_Course_MachineLearning_Presentation.vrb
<images/dt8.png, id=8482, 144.54pt x 85.06781pt>
File: images/dt8.png Graphic file (type png)
<use images/dt8.png>
Package pdftex.def Info: images/dt8.png  used on input line 11.
(pdftex.def)             Requested size: 153.64493pt x 90.43105pt.
)
File: images/logo_yhk.png Graphic file (type png)
<use images/logo_yhk.png>
Package pdftex.def Info: images/logo_yhk.png  used on input line 540.
(pdftex.def)             Requested size: 17.07164pt x 12.43224pt.
[1069

 <./images/dt8.png>]
\openout4 = `Main_Course_MachineLearning_Presentation.vrb'.

(Main_Course_MachineLearning_Presentation.vrb
<images/dt26.png, id=8490, 395.076pt x 289.68225pt>
File: images/dt26.png Graphic file (type png)
<use images/dt26.png>
Package pdftex.def Info: images/dt26.png  used on input line 3.
(pdftex.def)             Requested size: 307.28987pt x 225.31915pt.
)
Overfull \vbox (14.68054pt too high) detected at line 547
 []

File: images/logo_yhk.png Graphic file (type png)
<use images/logo_yhk.png>
Package pdftex.def Info: images/logo_yhk.png  used on input line 547.
(pdftex.def)             Requested size: 17.07164pt x 12.43224pt.
[1070

 <./images/dt26.png>]
\openout4 = `Main_Course_MachineLearning_Presentation.vrb'.

(Main_Course_MachineLearning_Presentation.vrb
<images/dt27.png, id=8497, 395.076pt x 360.74776pt>
File: images/dt27.png Graphic file (type png)
<use images/dt27.png>
Package pdftex.def Info: images/dt27.png  used on input line 3.
(pdftex.def)             Requested size: 307.28987pt x 280.59496pt.
)
Overfull \vbox (69.95634pt too high) detected at line 554
 []

File: images/logo_yhk.png Graphic file (type png)
<use images/logo_yhk.png>
Package pdftex.def Info: images/logo_yhk.png  used on input line 554.
(pdftex.def)             Requested size: 17.07164pt x 12.43224pt.
[1071

 <./images/dt27.png>]
\openout4 = `Main_Course_MachineLearning_Presentation.vrb'.

(Main_Course_MachineLearning_Presentation.vrb
<images/dt28.png, id=8504, 417.9615pt x 232.4685pt>
File: images/dt28.png Graphic file (type png)
<use images/dt28.png>
Package pdftex.def Info: images/dt28.png  used on input line 3.
(pdftex.def)             Requested size: 307.28987pt x 170.92082pt.
)
File: images/logo_yhk.png Graphic file (type png)
<use images/logo_yhk.png>
Package pdftex.def Info: images/logo_yhk.png  used on input line 561.
(pdftex.def)             Requested size: 17.07164pt x 12.43224pt.
[1072

 <./images/dt28.png>]
\openout4 = `Main_Course_MachineLearning_Presentation.vrb'.

(Main_Course_MachineLearning_Presentation.vrb)
File: images/logo_yhk.png Graphic file (type png)
<use images/logo_yhk.png>
Package pdftex.def Info: images/logo_yhk.png  used on input line 727.
(pdftex.def)             Requested size: 17.07164pt x 12.43224pt.
[1073

]
\openout4 = `Main_Course_MachineLearning_Presentation.vrb'.

(Main_Course_MachineLearning_Presentation.vrb
<images/stsq1.png, id=8517, 476.53032pt x 267.24844pt>
File: images/stsq1.png Graphic file (type png)
<use images/stsq1.png>
Package pdftex.def Info: images/stsq1.png  used on input line 3.
(pdftex.def)             Requested size: 184.3758pt x 103.40274pt.
)
File: images/logo_yhk.png Graphic file (type png)
<use images/logo_yhk.png>
Package pdftex.def Info: images/logo_yhk.png  used on input line 742.
(pdftex.def)             Requested size: 17.07164pt x 12.43224pt.
[1074

 <./images/stsq1.png>]
\openout4 = `Main_Course_MachineLearning_Presentation.vrb'.

(Main_Course_MachineLearning_Presentation.vrb
<images/stsq2.png, id=8524, 476.53032pt x 265.74281pt>
File: images/stsq2.png Graphic file (type png)
<use images/stsq2.png>
Package pdftex.def Info: images/stsq2.png  used on input line 12.
(pdftex.def)             Requested size: 184.3758pt x 102.82018pt.
)
File: images/logo_yhk.png Graphic file (type png)
<use images/logo_yhk.png>
Package pdftex.def Info: images/logo_yhk.png  used on input line 759.
(pdftex.def)             Requested size: 17.07164pt x 12.43224pt.
[1075

 <./images/stsq2.png>]
\openout4 = `Main_Course_MachineLearning_Presentation.vrb'.

(Main_Course_MachineLearning_Presentation.vrb
<images/stsq3.png, id=8532, 435.87843pt x 190.46156pt>
File: images/stsq3.png Graphic file (type png)
<use images/stsq3.png>
Package pdftex.def Info: images/stsq3.png  used on input line 10.
(pdftex.def)             Requested size: 184.3758pt x 80.56291pt.
)
File: images/logo_yhk.png Graphic file (type png)
<use images/logo_yhk.png>
Package pdftex.def Info: images/logo_yhk.png  used on input line 775.
(pdftex.def)             Requested size: 17.07164pt x 12.43224pt.
[1076

 <./images/stsq3.png>]
\openout4 = `Main_Course_MachineLearning_Presentation.vrb'.

(Main_Course_MachineLearning_Presentation.vrb
<images/stsq4.png, id=8539, 490.08093pt x 187.45032pt>
File: images/stsq4.png Graphic file (type png)
<use images/stsq4.png>
Package pdftex.def Info: images/stsq4.png  used on input line 9.
(pdftex.def)             Requested size: 184.3758pt x 70.51964pt.
<images/stsq5.png, id=8540, 470.50781pt x 193.47281pt>
File: images/stsq5.png Graphic file (type png)
<use images/stsq5.png>
Package pdftex.def Info: images/stsq5.png  used on input line 11.
(pdftex.def)             Requested size: 184.3758pt x 75.81425pt.
)
File: images/logo_yhk.png Graphic file (type png)
<use images/logo_yhk.png>
Package pdftex.def Info: images/logo_yhk.png  used on input line 790.
(pdftex.def)             Requested size: 17.07164pt x 12.43224pt.
[1077

 <./images/stsq4.png> <./images/stsq5.png>]
\openout4 = `Main_Course_MachineLearning_Presentation.vrb'.

(Main_Course_MachineLearning_Presentation.vrb
<images/stsq6.png, id=8547, 553.31718pt x 267.24844pt>
File: images/stsq6.png Graphic file (type png)
<use images/stsq6.png>
Package pdftex.def Info: images/stsq6.png  used on input line 7.
(pdftex.def)             Requested size: 184.3758pt x 89.05269pt.
)
File: images/logo_yhk.png Graphic file (type png)
<use images/logo_yhk.png>
Package pdftex.def Info: images/logo_yhk.png  used on input line 802.
(pdftex.def)             Requested size: 17.07164pt x 12.43224pt.
[1078

 <./images/stsq6.png>]
\openout4 = `Main_Course_MachineLearning_Presentation.vrb'.

(Main_Course_MachineLearning_Presentation.vrb)
File: images/logo_yhk.png Graphic file (type png)
<use images/logo_yhk.png>
Package pdftex.def Info: images/logo_yhk.png  used on input line 1129.
(pdftex.def)             Requested size: 17.07164pt x 12.43224pt.
[1079

]
\openout4 = `Main_Course_MachineLearning_Presentation.vrb'.

(Main_Course_MachineLearning_Presentation.vrb)
File: images/logo_yhk.png Graphic file (type png)
<use images/logo_yhk.png>
Package pdftex.def Info: images/logo_yhk.png  used on input line 1140.
(pdftex.def)             Requested size: 17.07164pt x 12.43224pt.
[1080

]
\openout4 = `Main_Course_MachineLearning_Presentation.vrb'.

(Main_Course_MachineLearning_Presentation.vrb)
File: images/logo_yhk.png Graphic file (type png)
<use images/logo_yhk.png>
Package pdftex.def Info: images/logo_yhk.png  used on input line 1149.
(pdftex.def)             Requested size: 17.07164pt x 12.43224pt.
[1081

]
\openout4 = `Main_Course_MachineLearning_Presentation.vrb'.

(Main_Course_MachineLearning_Presentation.vrb)
File: images/logo_yhk.png Graphic file (type png)
<use images/logo_yhk.png>
Package pdftex.def Info: images/logo_yhk.png  used on input line 1158.
(pdftex.def)             Requested size: 17.07164pt x 12.43224pt.
[1082

]
\openout4 = `Main_Course_MachineLearning_Presentation.vrb'.

(Main_Course_MachineLearning_Presentation.vrb
<images/dt19.png, id=8579, 803.0pt x 282.05376pt>
File: images/dt19.png Graphic file (type png)
<use images/dt19.png>
Package pdftex.def Info: images/dt19.png  used on input line 3.
(pdftex.def)             Requested size: 307.28987pt x 107.939pt.
)
File: images/logo_yhk.png Graphic file (type png)
<use images/logo_yhk.png>
Package pdftex.def Info: images/logo_yhk.png  used on input line 1167.
(pdftex.def)             Requested size: 17.07164pt x 12.43224pt.
[1083

 <./images/dt19.png (PNG copy)>]
\openout4 = `Main_Course_MachineLearning_Presentation.vrb'.

(Main_Course_MachineLearning_Presentation.vrb
File: images/dt19.png Graphic file (type png)
<use images/dt19.png>
Package pdftex.def Info: images/dt19.png  used on input line 8.
(pdftex.def)             Requested size: 184.3758pt x 64.7591pt.
)
File: images/logo_yhk.png Graphic file (type png)
<use images/logo_yhk.png>
Package pdftex.def Info: images/logo_yhk.png  used on input line 1179.
(pdftex.def)             Requested size: 17.07164pt x 12.43224pt.
[1084

]
\openout4 = `Main_Course_MachineLearning_Presentation.vrb'.

(Main_Course_MachineLearning_Presentation.vrb)
File: images/logo_yhk.png Graphic file (type png)
<use images/logo_yhk.png>
Package pdftex.def Info: images/logo_yhk.png  used on input line 1189.
(pdftex.def)             Requested size: 17.07164pt x 12.43224pt.
[1085

]
\openout4 = `Main_Course_MachineLearning_Presentation.vrb'.

(Main_Course_MachineLearning_Presentation.vrb
<images/gini1.png, id=8598, 160.34906pt x 158.09062pt>
File: images/gini1.png Graphic file (type png)
<use images/gini1.png>
Package pdftex.def Info: images/gini1.png  used on input line 10.
(pdftex.def)             Requested size: 92.1879pt x 90.89174pt.
)
File: images/logo_yhk.png Graphic file (type png)
<use images/logo_yhk.png>
Package pdftex.def Info: images/logo_yhk.png  used on input line 1205.
(pdftex.def)             Requested size: 17.07164pt x 12.43224pt.
[1086

 <./images/gini1.png>]
\openout4 = `Main_Course_MachineLearning_Presentation.vrb'.

(Main_Course_MachineLearning_Presentation.vrb
<images/gini2.png, id=8605, 172.39406pt x 165.61874pt>
File: images/gini2.png Graphic file (type png)
<use images/gini2.png>
Package pdftex.def Info: images/gini2.png  used on input line 12.
(pdftex.def)             Requested size: 92.1879pt x 88.56598pt.
)
File: images/logo_yhk.png Graphic file (type png)
<use images/logo_yhk.png>
Package pdftex.def Info: images/logo_yhk.png  used on input line 1222.
(pdftex.def)             Requested size: 17.07164pt x 12.43224pt.
[1087

 <./images/gini2.png>]
\openout4 = `Main_Course_MachineLearning_Presentation.vrb'.

(Main_Course_MachineLearning_Presentation.vrb)
File: images/logo_yhk.png Graphic file (type png)
<use images/logo_yhk.png>
Package pdftex.def Info: images/logo_yhk.png  used on input line 1239.
(pdftex.def)             Requested size: 17.07164pt x 12.43224pt.
[1088

]
\openout4 = `Main_Course_MachineLearning_Presentation.vrb'.

(Main_Course_MachineLearning_Presentation.vrb)
File: images/logo_yhk.png Graphic file (type png)
<use images/logo_yhk.png>
Package pdftex.def Info: images/logo_yhk.png  used on input line 1812.
(pdftex.def)             Requested size: 17.07164pt x 12.43224pt.
[1089

]
\openout4 = `Main_Course_MachineLearning_Presentation.vrb'.

(Main_Course_MachineLearning_Presentation.vrb
<images/complin1.png, id=8634, 1116.42094pt x 488.57532pt>
File: images/complin1.png Graphic file (type png)
<use images/complin1.png>
Package pdftex.def Info: images/complin1.png  used on input line 3.
(pdftex.def)             Requested size: 307.28987pt x 134.47418pt.
)
File: images/logo_yhk.png Graphic file (type png)
<use images/logo_yhk.png>
Package pdftex.def Info: images/logo_yhk.png  used on input line 1847.
(pdftex.def)             Requested size: 17.07164pt x 12.43224pt.
[1090

 <./images/complin1.png>]
\openout4 = `Main_Course_MachineLearning_Presentation.vrb'.

(Main_Course_MachineLearning_Presentation.vrb
<images/complin2.png, id=8642, 1071.25218pt x 488.57532pt>
File: images/complin2.png Graphic file (type png)
<use images/complin2.png>
Package pdftex.def Info: images/complin2.png  used on input line 3.
(pdftex.def)             Requested size: 307.28987pt x 140.14748pt.
)
File: images/logo_yhk.png Graphic file (type png)
<use images/logo_yhk.png>
Package pdftex.def Info: images/logo_yhk.png  used on input line 1855.
(pdftex.def)             Requested size: 17.07164pt x 12.43224pt.
[1091

 <./images/complin2.png>]
\openout4 = `Main_Course_MachineLearning_Presentation.vrb'.

(Main_Course_MachineLearning_Presentation.vrb)
File: images/logo_yhk.png Graphic file (type png)
<use images/logo_yhk.png>
Package pdftex.def Info: images/logo_yhk.png  used on input line 1868.
(pdftex.def)             Requested size: 17.07164pt x 12.43224pt.
[1092

]
\openout4 = `Main_Course_MachineLearning_Presentation.vrb'.

(Main_Course_MachineLearning_Presentation.vrb)
File: images/logo_yhk.png Graphic file (type png)
<use images/logo_yhk.png>
Package pdftex.def Info: images/logo_yhk.png  used on input line 1884.
(pdftex.def)             Requested size: 17.07164pt x 12.43224pt.
[1093

]
\openout4 = `Main_Course_MachineLearning_Presentation.vrb'.

(Main_Course_MachineLearning_Presentation.vrb)
File: images/logo_yhk.png Graphic file (type png)
<use images/logo_yhk.png>
Package pdftex.def Info: images/logo_yhk.png  used on input line 1895.
(pdftex.def)             Requested size: 17.07164pt x 12.43224pt.
[1094

]
\openout4 = `Main_Course_MachineLearning_Presentation.vrb'.

(Main_Course_MachineLearning_Presentation.vrb)
File: images/logo_yhk.png Graphic file (type png)
<use images/logo_yhk.png>
Package pdftex.def Info: images/logo_yhk.png  used on input line 1906.
(pdftex.def)             Requested size: 17.07164pt x 12.43224pt.
[1095

] (Main_Course_MachineLearning_Presentation.vrb)
File: images/logo_yhk.png Graphic file (type png)
<use images/logo_yhk.png>
Package pdftex.def Info: images/logo_yhk.png  used on input line 1906.
(pdftex.def)             Requested size: 17.07164pt x 12.43224pt.
[1096

]) (ml_decisiontree_sklearn.tex
\openout4 = `Main_Course_MachineLearning_Presentation.vrb'.

(Main_Course_MachineLearning_Presentation.vrb)
File: images/logo_yhk.png Graphic file (type png)
<use images/logo_yhk.png>
Package pdftex.def Info: images/logo_yhk.png  used on input line 6.
(pdftex.def)             Requested size: 17.07164pt x 12.43224pt.
[1097

]
\openout4 = `Main_Course_MachineLearning_Presentation.vrb'.

(Main_Course_MachineLearning_Presentation.vrb)
File: images/logo_yhk.png Graphic file (type png)
<use images/logo_yhk.png>
Package pdftex.def Info: images/logo_yhk.png  used on input line 23.
(pdftex.def)             Requested size: 17.07164pt x 12.43224pt.
[1098

]
\openout4 = `Main_Course_MachineLearning_Presentation.vrb'.

(Main_Course_MachineLearning_Presentation.vrb)
File: images/logo_yhk.png Graphic file (type png)
<use images/logo_yhk.png>
Package pdftex.def Info: images/logo_yhk.png  used on input line 50.
(pdftex.def)             Requested size: 17.07164pt x 12.43224pt.
[1099

]
\openout4 = `Main_Course_MachineLearning_Presentation.vrb'.

(Main_Course_MachineLearning_Presentation.vrb)
File: images/logo_yhk.png Graphic file (type png)
<use images/logo_yhk.png>
Package pdftex.def Info: images/logo_yhk.png  used on input line 59.
(pdftex.def)             Requested size: 17.07164pt x 12.43224pt.
[1100

]
\openout4 = `Main_Course_MachineLearning_Presentation.vrb'.

(Main_Course_MachineLearning_Presentation.vrb
<images/car11.png, id=8742, 195.73125pt x 313.9228pt>
File: images/car11.png Graphic file (type png)
<use images/car11.png>
Package pdftex.def Info: images/car11.png  used on input line 4.
(pdftex.def)             Requested size: 122.91406pt x 197.13533pt.
)
File: images/logo_yhk.png Graphic file (type png)
<use images/logo_yhk.png>
Package pdftex.def Info: images/logo_yhk.png  used on input line 70.
(pdftex.def)             Requested size: 17.07164pt x 12.43224pt.
[1101

 <./images/car11.png>]
\openout4 = `Main_Course_MachineLearning_Presentation.vrb'.

(Main_Course_MachineLearning_Presentation.vrb)
File: images/logo_yhk.png Graphic file (type png)
<use images/logo_yhk.png>
Package pdftex.def Info: images/logo_yhk.png  used on input line 85.
(pdftex.def)             Requested size: 17.07164pt x 12.43224pt.
[1102

]
\openout4 = `Main_Course_MachineLearning_Presentation.vrb'.

(Main_Course_MachineLearning_Presentation.vrb)
File: images/logo_yhk.png Graphic file (type png)
<use images/logo_yhk.png>
Package pdftex.def Info: images/logo_yhk.png  used on input line 110.
(pdftex.def)             Requested size: 17.07164pt x 12.43224pt.
[1103

]
\openout4 = `Main_Course_MachineLearning_Presentation.vrb'.

(Main_Course_MachineLearning_Presentation.vrb
<images/car2.png, id=8762, 1357.07pt x 602.25pt>
File: images/car2.png Graphic file (type png)
<use images/car2.png>
Package pdftex.def Info: images/car2.png  used on input line 3.
(pdftex.def)             Requested size: 307.28987pt x 136.36421pt.
)
File: images/logo_yhk.png Graphic file (type png)
<use images/logo_yhk.png>
Package pdftex.def Info: images/logo_yhk.png  used on input line 118.
(pdftex.def)             Requested size: 17.07164pt x 12.43224pt.
[1104

 <./images/car2.png (PNG copy)>]
\openout4 = `Main_Course_MachineLearning_Presentation.vrb'.

(Main_Course_MachineLearning_Presentation.vrb
<images/car3.png, id=8769, 410.53375pt x 282.05376pt>
File: images/car3.png Graphic file (type png)
<use images/car3.png>
Package pdftex.def Info: images/car3.png  used on input line 5.
(pdftex.def)             Requested size: 122.91406pt x 84.44461pt.
)
Overfull \vbox (70.3828pt too high) detected at line 146
 []

File: images/logo_yhk.png Graphic file (type png)
<use images/logo_yhk.png>
Package pdftex.def Info: images/logo_yhk.png  used on input line 146.
(pdftex.def)             Requested size: 17.07164pt x 12.43224pt.
[1105

 <./images/car3.png>]
\openout4 = `Main_Course_MachineLearning_Presentation.vrb'.

(Main_Course_MachineLearning_Presentation.vrb
<images/car4.png, id=8787, 144.54pt x 103.88812pt>
File: images/car4.png Graphic file (type png)
<use images/car4.png>
Package pdftex.def Info: images/car4.png  used on input line 5.
(pdftex.def)             Requested size: 92.1879pt x 66.25989pt.
)
File: images/logo_yhk.png Graphic file (type png)
<use images/logo_yhk.png>
Package pdftex.def Info: images/logo_yhk.png  used on input line 166.
(pdftex.def)             Requested size: 17.07164pt x 12.43224pt.
[1106

 <./images/car4.png>]
\openout4 = `Main_Course_MachineLearning_Presentation.vrb'.

(Main_Course_MachineLearning_Presentation.vrb
<images/car5.png, id=8794, 1087.06125pt x 438.63875pt>
File: images/car5.png Graphic file (type png)
<use images/car5.png>
Package pdftex.def Info: images/car5.png  used on input line 4.
(pdftex.def)             Requested size: 291.92444pt x 117.7915pt.
)
File: images/logo_yhk.png Graphic file (type png)
<use images/logo_yhk.png>
Package pdftex.def Info: images/logo_yhk.png  used on input line 182.
(pdftex.def)             Requested size: 17.07164pt x 12.43224pt.
[1107

 <./images/car5.png>]
\openout4 = `Main_Course_MachineLearning_Presentation.vrb'.

(Main_Course_MachineLearning_Presentation.vrb)
File: images/logo_yhk.png Graphic file (type png)
<use images/logo_yhk.png>
Package pdftex.def Info: images/logo_yhk.png  used on input line 202.
(pdftex.def)             Requested size: 17.07164pt x 12.43224pt.
[1108

]
\openout4 = `Main_Course_MachineLearning_Presentation.vrb'.

(Main_Course_MachineLearning_Presentation.vrb)
File: images/logo_yhk.png Graphic file (type png)
<use images/logo_yhk.png>
Package pdftex.def Info: images/logo_yhk.png  used on input line 209.
(pdftex.def)             Requested size: 17.07164pt x 12.43224pt.
[1109

]
\openout4 = `Main_Course_MachineLearning_Presentation.vrb'.

(Main_Course_MachineLearning_Presentation.vrb)
File: images/logo_yhk.png Graphic file (type png)
<use images/logo_yhk.png>
Package pdftex.def Info: images/logo_yhk.png  used on input line 226.
(pdftex.def)             Requested size: 17.07164pt x 12.43224pt.
[1110

]
\openout4 = `Main_Course_MachineLearning_Presentation.vrb'.

(Main_Course_MachineLearning_Presentation.vrb)
File: images/logo_yhk.png Graphic file (type png)
<use images/logo_yhk.png>
Package pdftex.def Info: images/logo_yhk.png  used on input line 244.
(pdftex.def)             Requested size: 17.07164pt x 12.43224pt.
[1111

]
\openout4 = `Main_Course_MachineLearning_Presentation.vrb'.

(Main_Course_MachineLearning_Presentation.vrb)
File: images/logo_yhk.png Graphic file (type png)
<use images/logo_yhk.png>
Package pdftex.def Info: images/logo_yhk.png  used on input line 259.
(pdftex.def)             Requested size: 17.07164pt x 12.43224pt.
[1112

]
\openout4 = `Main_Course_MachineLearning_Presentation.vrb'.

(Main_Course_MachineLearning_Presentation.vrb)
File: images/logo_yhk.png Graphic file (type png)
<use images/logo_yhk.png>
Package pdftex.def Info: images/logo_yhk.png  used on input line 271.
(pdftex.def)             Requested size: 17.07164pt x 12.43224pt.
[1113

]
\openout4 = `Main_Course_MachineLearning_Presentation.vrb'.

(Main_Course_MachineLearning_Presentation.vrb)
File: images/logo_yhk.png Graphic file (type png)
<use images/logo_yhk.png>
Package pdftex.def Info: images/logo_yhk.png  used on input line 289.
(pdftex.def)             Requested size: 17.07164pt x 12.43224pt.
[1114

]
\openout4 = `Main_Course_MachineLearning_Presentation.vrb'.

(Main_Course_MachineLearning_Presentation.vrb)
File: images/logo_yhk.png Graphic file (type png)
<use images/logo_yhk.png>
Package pdftex.def Info: images/logo_yhk.png  used on input line 308.
(pdftex.def)             Requested size: 17.07164pt x 12.43224pt.
[1115

]
\openout4 = `Main_Course_MachineLearning_Presentation.vrb'.

(Main_Course_MachineLearning_Presentation.vrb)
File: images/logo_yhk.png Graphic file (type png)
<use images/logo_yhk.png>
Package pdftex.def Info: images/logo_yhk.png  used on input line 325.
(pdftex.def)             Requested size: 17.07164pt x 12.43224pt.
[1116

]
\openout4 = `Main_Course_MachineLearning_Presentation.vrb'.

(Main_Course_MachineLearning_Presentation.vrb)
File: images/logo_yhk.png Graphic file (type png)
<use images/logo_yhk.png>
Package pdftex.def Info: images/logo_yhk.png  used on input line 339.
(pdftex.def)             Requested size: 17.07164pt x 12.43224pt.
[1117

]
\openout4 = `Main_Course_MachineLearning_Presentation.vrb'.

(Main_Course_MachineLearning_Presentation.vrb)
File: images/logo_yhk.png Graphic file (type png)
<use images/logo_yhk.png>
Package pdftex.def Info: images/logo_yhk.png  used on input line 352.
(pdftex.def)             Requested size: 17.07164pt x 12.43224pt.
[1118

]
\openout4 = `Main_Course_MachineLearning_Presentation.vrb'.

(Main_Course_MachineLearning_Presentation.vrb)
File: images/logo_yhk.png Graphic file (type png)
<use images/logo_yhk.png>
Package pdftex.def Info: images/logo_yhk.png  used on input line 366.
(pdftex.def)             Requested size: 17.07164pt x 12.43224pt.
[1119

]
\openout4 = `Main_Course_MachineLearning_Presentation.vrb'.

(Main_Course_MachineLearning_Presentation.vrb
Overfull \hbox (67.0064pt too wide) in paragraph at lines 16--18
[][][][][][][][][][][][][][][][][][][][][][][][][][][][][][][][][]  
 []

)
File: images/logo_yhk.png Graphic file (type png)
<use images/logo_yhk.png>
Package pdftex.def Info: images/logo_yhk.png  used on input line 389.
(pdftex.def)             Requested size: 17.07164pt x 12.43224pt.
[1120

]
\openout4 = `Main_Course_MachineLearning_Presentation.vrb'.

(Main_Course_MachineLearning_Presentation.vrb
<images/rfp1.png, id=8882, 1730.465pt x 1609.01125pt>
File: images/rfp1.png Graphic file (type png)
<use images/rfp1.png>
Package pdftex.def Info: images/rfp1.png  used on input line 3.
(pdftex.def)             Requested size: 184.3758pt x 171.4186pt.
)
File: images/logo_yhk.png Graphic file (type png)
<use images/logo_yhk.png>
Package pdftex.def Info: images/logo_yhk.png  used on input line 396.
(pdftex.def)             Requested size: 17.07164pt x 12.43224pt.
[1121

 <./images/rfp1.png>]
\openout4 = `Main_Course_MachineLearning_Presentation.vrb'.

(Main_Course_MachineLearning_Presentation.vrb)
File: images/logo_yhk.png Graphic file (type png)
<use images/logo_yhk.png>
Package pdftex.def Info: images/logo_yhk.png  used on input line 422.
(pdftex.def)             Requested size: 17.07164pt x 12.43224pt.
[1122

]
\openout4 = `Main_Course_MachineLearning_Presentation.vrb'.

(Main_Course_MachineLearning_Presentation.vrb
<images/rfp2.png, id=8896, 1042.89626pt x 553.06625pt>
File: images/rfp2.png Graphic file (type png)
<use images/rfp2.png>
Package pdftex.def Info: images/rfp2.png  used on input line 3.
(pdftex.def)             Requested size: 307.28987pt x 162.95903pt.
)
File: images/logo_yhk.png Graphic file (type png)
<use images/logo_yhk.png>
Package pdftex.def Info: images/logo_yhk.png  used on input line 429.
(pdftex.def)             Requested size: 17.07164pt x 12.43224pt.
[1123

 <./images/rfp2.png>]
\openout4 = `Main_Course_MachineLearning_Presentation.vrb'.

(Main_Course_MachineLearning_Presentation.vrb)
File: images/logo_yhk.png Graphic file (type png)
<use images/logo_yhk.png>
Package pdftex.def Info: images/logo_yhk.png  used on input line 446.
(pdftex.def)             Requested size: 17.07164pt x 12.43224pt.
[1124

]
\openout4 = `Main_Course_MachineLearning_Presentation.vrb'.

(Main_Course_MachineLearning_Presentation.vrb
<images/rfp3.png, id=8911, 320.69812pt x 399.99437pt>
File: images/rfp3.png Graphic file (type png)
<use images/rfp3.png>
Package pdftex.def Info: images/rfp3.png  used on input line 3.
(pdftex.def)             Requested size: 153.64493pt x 191.64111pt.
)
File: images/logo_yhk.png Graphic file (type png)
<use images/logo_yhk.png>
Package pdftex.def Info: images/logo_yhk.png  used on input line 454.
(pdftex.def)             Requested size: 17.07164pt x 12.43224pt.
[1125

 <./images/rfp3.png>]
\openout4 = `Main_Course_MachineLearning_Presentation.vrb'.

(Main_Course_MachineLearning_Presentation.vrb
<images/rfp4.png, id=8919, 1055.945pt x 553.06625pt>
File: images/rfp4.png Graphic file (type png)
<use images/rfp4.png>
Package pdftex.def Info: images/rfp4.png  used on input line 3.
(pdftex.def)             Requested size: 307.28987pt x 160.94208pt.
)
File: images/logo_yhk.png Graphic file (type png)
<use images/logo_yhk.png>
Package pdftex.def Info: images/logo_yhk.png  used on input line 461.
(pdftex.def)             Requested size: 17.07164pt x 12.43224pt.
[1126

 <./images/rfp4.png>]
\openout4 = `Main_Course_MachineLearning_Presentation.vrb'.

(Main_Course_MachineLearning_Presentation.vrb)
File: images/logo_yhk.png Graphic file (type png)
<use images/logo_yhk.png>
Package pdftex.def Info: images/logo_yhk.png  used on input line 477.
(pdftex.def)             Requested size: 17.07164pt x 12.43224pt.
[1127

]
\openout4 = `Main_Course_MachineLearning_Presentation.vrb'.

(Main_Course_MachineLearning_Presentation.vrb)
File: images/logo_yhk.png Graphic file (type png)
<use images/logo_yhk.png>
Package pdftex.def Info: images/logo_yhk.png  used on input line 488.
(pdftex.def)             Requested size: 17.07164pt x 12.43224pt.
[1128

] (Main_Course_MachineLearning_Presentation.vrb)
File: images/logo_yhk.png Graphic file (type png)
<use images/logo_yhk.png>
Package pdftex.def Info: images/logo_yhk.png  used on input line 488.
(pdftex.def)             Requested size: 17.07164pt x 12.43224pt.
[1129

])) (seminar_ml_ensemble_content.tex (ml_ensemble.tex
\openout4 = `Main_Course_MachineLearning_Presentation.vrb'.

(Main_Course_MachineLearning_Presentation.vrb)
File: images/logo_yhk.png Graphic file (type png)
<use images/logo_yhk.png>
Package pdftex.def Info: images/logo_yhk.png  used on input line 6.
(pdftex.def)             Requested size: 17.07164pt x 12.43224pt.
[1130

]
\openout4 = `Main_Course_MachineLearning_Presentation.vrb'.

(Main_Course_MachineLearning_Presentation.vrb)
File: images/logo_yhk.png Graphic file (type png)
<use images/logo_yhk.png>
Package pdftex.def Info: images/logo_yhk.png  used on input line 17.
(pdftex.def)             Requested size: 17.07164pt x 12.43224pt.
[1131

]
\openout4 = `Main_Course_MachineLearning_Presentation.vrb'.

(Main_Course_MachineLearning_Presentation.vrb)
File: images/logo_yhk.png Graphic file (type png)
<use images/logo_yhk.png>
Package pdftex.def Info: images/logo_yhk.png  used on input line 26.
(pdftex.def)             Requested size: 17.07164pt x 12.43224pt.
[1132

]
\openout4 = `Main_Course_MachineLearning_Presentation.vrb'.

(Main_Course_MachineLearning_Presentation.vrb)
File: images/logo_yhk.png Graphic file (type png)
<use images/logo_yhk.png>
Package pdftex.def Info: images/logo_yhk.png  used on input line 35.
(pdftex.def)             Requested size: 17.07164pt x 12.43224pt.
[1133

]
\openout4 = `Main_Course_MachineLearning_Presentation.vrb'.

(Main_Course_MachineLearning_Presentation.vrb)
File: images/logo_yhk.png Graphic file (type png)
<use images/logo_yhk.png>
Package pdftex.def Info: images/logo_yhk.png  used on input line 44.
(pdftex.def)             Requested size: 17.07164pt x 12.43224pt.
[1134

]
\openout4 = `Main_Course_MachineLearning_Presentation.vrb'.

(Main_Course_MachineLearning_Presentation.vrb
<images/ens10.png, id=9013, 487.8225pt x 146.79843pt>
File: images/ens10.png Graphic file (type png)
<use images/ens10.png>
Package pdftex.def Info: images/ens10.png  used on input line 10.
(pdftex.def)             Requested size: 245.83282pt x 73.97693pt.
)
File: images/logo_yhk.png Graphic file (type png)
<use images/logo_yhk.png>
Package pdftex.def Info: images/logo_yhk.png  used on input line 60.
(pdftex.def)             Requested size: 17.07164pt x 12.43224pt.
[1135

 <./images/ens10.png>]
\openout4 = `Main_Course_MachineLearning_Presentation.vrb'.

(Main_Course_MachineLearning_Presentation.vrb

Package amsmath Warning: Foreign command \atopwithdelims;
(amsmath)                \frac or \genfrac should be used instead
(amsmath)                 on input line 6.

)
File: images/logo_yhk.png Graphic file (type png)
<use images/logo_yhk.png>
Package pdftex.def Info: images/logo_yhk.png  used on input line 74.
(pdftex.def)             Requested size: 17.07164pt x 12.43224pt.
[1136

]
\openout4 = `Main_Course_MachineLearning_Presentation.vrb'.

(Main_Course_MachineLearning_Presentation.vrb)
File: images/logo_yhk.png Graphic file (type png)
<use images/logo_yhk.png>
Package pdftex.def Info: images/logo_yhk.png  used on input line 102.
(pdftex.def)             Requested size: 17.07164pt x 12.43224pt.
[1137

]
\openout4 = `Main_Course_MachineLearning_Presentation.vrb'.

(Main_Course_MachineLearning_Presentation.vrb)
File: images/logo_yhk.png Graphic file (type png)
<use images/logo_yhk.png>
Package pdftex.def Info: images/logo_yhk.png  used on input line 113.
(pdftex.def)             Requested size: 17.07164pt x 12.43224pt.
[1138

]
\openout4 = `Main_Course_MachineLearning_Presentation.vrb'.

(Main_Course_MachineLearning_Presentation.vrb)
File: images/logo_yhk.png Graphic file (type png)
<use images/logo_yhk.png>
Package pdftex.def Info: images/logo_yhk.png  used on input line 126.
(pdftex.def)             Requested size: 17.07164pt x 12.43224pt.
[1139

]
\openout4 = `Main_Course_MachineLearning_Presentation.vrb'.

(Main_Course_MachineLearning_Presentation.vrb
<images/ensmerr.png, id=9054, 483.30562pt x 105.39375pt>
File: images/ensmerr.png Graphic file (type png)
<use images/ensmerr.png>
Package pdftex.def Info: images/ensmerr.png  used on input line 6.
(pdftex.def)             Requested size: 173.27576pt x 37.78572pt.
)
File: images/logo_yhk.png Graphic file (type png)
<use images/logo_yhk.png>
Package pdftex.def Info: images/logo_yhk.png  used on input line 140.
(pdftex.def)             Requested size: 17.07164pt x 12.43224pt.
[1140

 <./images/ensmerr.png>]
\openout4 = `Main_Course_MachineLearning_Presentation.vrb'.

(Main_Course_MachineLearning_Presentation.vrb)
File: images/logo_yhk.png Graphic file (type png)
<use images/logo_yhk.png>
Package pdftex.def Info: images/logo_yhk.png  used on input line 152.
(pdftex.def)             Requested size: 17.07164pt x 12.43224pt.
[1141

]
\openout4 = `Main_Course_MachineLearning_Presentation.vrb'.

(Main_Course_MachineLearning_Presentation.vrb)
File: images/logo_yhk.png Graphic file (type png)
<use images/logo_yhk.png>
Package pdftex.def Info: images/logo_yhk.png  used on input line 160.
(pdftex.def)             Requested size: 17.07164pt x 12.43224pt.
[1142

]
\openout4 = `Main_Course_MachineLearning_Presentation.vrb'.

(Main_Course_MachineLearning_Presentation.vrb)
File: images/logo_yhk.png Graphic file (type png)
<use images/logo_yhk.png>
Package pdftex.def Info: images/logo_yhk.png  used on input line 172.
(pdftex.def)             Requested size: 17.07164pt x 12.43224pt.
[1143

]
\openout4 = `Main_Course_MachineLearning_Presentation.vrb'.

(Main_Course_MachineLearning_Presentation.vrb)
File: images/logo_yhk.png Graphic file (type png)
<use images/logo_yhk.png>
Package pdftex.def Info: images/logo_yhk.png  used on input line 182.
(pdftex.def)             Requested size: 17.07164pt x 12.43224pt.
[1144

]
\openout4 = `Main_Course_MachineLearning_Presentation.vrb'.

(Main_Course_MachineLearning_Presentation.vrb
<images/ensmb.png, id=9087, 658.71094pt x 430.60875pt>
File: images/ensmb.png Graphic file (type png)
<use images/ensmb.png>
Package pdftex.def Info: images/ensmb.png  used on input line 9.
(pdftex.def)             Requested size: 184.3758pt x 120.5302pt.
)
File: images/logo_yhk.png Graphic file (type png)
<use images/logo_yhk.png>
Package pdftex.def Info: images/logo_yhk.png  used on input line 198.
(pdftex.def)             Requested size: 17.07164pt x 12.43224pt.
[1145

 <./images/ensmb.png>]
\openout4 = `Main_Course_MachineLearning_Presentation.vrb'.

(Main_Course_MachineLearning_Presentation.vrb)
File: images/logo_yhk.png Graphic file (type png)
<use images/logo_yhk.png>
Package pdftex.def Info: images/logo_yhk.png  used on input line 205.
(pdftex.def)             Requested size: 17.07164pt x 12.43224pt.
[1146

]
\openout4 = `Main_Course_MachineLearning_Presentation.vrb'.

(Main_Course_MachineLearning_Presentation.vrb)
File: images/logo_yhk.png Graphic file (type png)
<use images/logo_yhk.png>
Package pdftex.def Info: images/logo_yhk.png  used on input line 214.
(pdftex.def)             Requested size: 17.07164pt x 12.43224pt.
[1147

]
\openout4 = `Main_Course_MachineLearning_Presentation.vrb'.

(Main_Course_MachineLearning_Presentation.vrb)
File: images/logo_yhk.png Graphic file (type png)
<use images/logo_yhk.png>
Package pdftex.def Info: images/logo_yhk.png  used on input line 225.
(pdftex.def)             Requested size: 17.07164pt x 12.43224pt.
[1148

]
\openout4 = `Main_Course_MachineLearning_Presentation.vrb'.

(Main_Course_MachineLearning_Presentation.vrb
<images/ens11.png, id=9114, 429.85594pt x 167.87718pt>
File: images/ens11.png Graphic file (type png)
<use images/ens11.png>
Package pdftex.def Info: images/ens11.png  used on input line 10.
(pdftex.def)             Requested size: 153.64493pt x 60.00539pt.
)
File: images/logo_yhk.png Graphic file (type png)
<use images/logo_yhk.png>
Package pdftex.def Info: images/logo_yhk.png  used on input line 240.
(pdftex.def)             Requested size: 17.07164pt x 12.43224pt.
[1149

 <./images/ens11.png>]
\openout4 = `Main_Course_MachineLearning_Presentation.vrb'.

(Main_Course_MachineLearning_Presentation.vrb)
File: images/logo_yhk.png Graphic file (type png)
<use images/logo_yhk.png>
Package pdftex.def Info: images/logo_yhk.png  used on input line 253.
(pdftex.def)             Requested size: 17.07164pt x 12.43224pt.
[1150

]
\openout4 = `Main_Course_MachineLearning_Presentation.vrb'.

(Main_Course_MachineLearning_Presentation.vrb
<images/ens8.png, id=9127, 1053.9375pt x 581.17125pt>
File: images/ens8.png Graphic file (type png)
<use images/ens8.png>
Package pdftex.def Info: images/ens8.png  used on input line 6.
(pdftex.def)             Requested size: 184.3758pt x 101.67102pt.
)
File: images/logo_yhk.png Graphic file (type png)
<use images/logo_yhk.png>
Package pdftex.def Info: images/logo_yhk.png  used on input line 267.
(pdftex.def)             Requested size: 17.07164pt x 12.43224pt.
[1151

 <./images/ens8.png>]
\openout4 = `Main_Course_MachineLearning_Presentation.vrb'.

(Main_Course_MachineLearning_Presentation.vrb
<images/ens9.png, id=9135, 721.69624pt x 390.45876pt>
File: images/ens9.png Graphic file (type png)
<use images/ens9.png>
Package pdftex.def Info: images/ens9.png  used on input line 3.
(pdftex.def)             Requested size: 307.28987pt x 166.2496pt.
)
File: images/logo_yhk.png Graphic file (type png)
<use images/logo_yhk.png>
Package pdftex.def Info: images/logo_yhk.png  used on input line 275.
(pdftex.def)             Requested size: 17.07164pt x 12.43224pt.
[1152

 <./images/ens9.png>]
\openout4 = `Main_Course_MachineLearning_Presentation.vrb'.

(Main_Course_MachineLearning_Presentation.vrb
<images/ens1.png, id=9142, 316.18124pt x 270.00874pt>
File: images/ens1.png Graphic file (type png)
<use images/ens1.png>
Package pdftex.def Info: images/ens1.png  used on input line 8.
(pdftex.def)             Requested size: 122.91406pt x 104.96101pt.
)
File: images/logo_yhk.png Graphic file (type png)
<use images/logo_yhk.png>
Package pdftex.def Info: images/logo_yhk.png  used on input line 292.
(pdftex.def)             Requested size: 17.07164pt x 12.43224pt.
[1153

 <./images/ens1.png>]
\openout4 = `Main_Course_MachineLearning_Presentation.vrb'.

(Main_Course_MachineLearning_Presentation.vrb)
File: images/logo_yhk.png Graphic file (type png)
<use images/logo_yhk.png>
Package pdftex.def Info: images/logo_yhk.png  used on input line 302.
(pdftex.def)             Requested size: 17.07164pt x 12.43224pt.
[1154

]
\openout4 = `Main_Course_MachineLearning_Presentation.vrb'.

(Main_Course_MachineLearning_Presentation.vrb
<images/ens2.png, id=9157, 486.81876pt x 190.7125pt>
File: images/ens2.png Graphic file (type png)
<use images/ens2.png>
Package pdftex.def Info: images/ens2.png  used on input line 6.
(pdftex.def)             Requested size: 215.10196pt x 84.26585pt.
)
File: images/logo_yhk.png Graphic file (type png)
<use images/logo_yhk.png>
Package pdftex.def Info: images/logo_yhk.png  used on input line 313.
(pdftex.def)             Requested size: 17.07164pt x 12.43224pt.
[1155

 <./images/ens2.png>]
\openout4 = `Main_Course_MachineLearning_Presentation.vrb'.

(Main_Course_MachineLearning_Presentation.vrb)
File: images/logo_yhk.png Graphic file (type png)
<use images/logo_yhk.png>
Package pdftex.def Info: images/logo_yhk.png  used on input line 355.
(pdftex.def)             Requested size: 17.07164pt x 12.43224pt.
[1156

]
\openout4 = `Main_Course_MachineLearning_Presentation.vrb'.

(Main_Course_MachineLearning_Presentation.vrb)
File: images/logo_yhk.png Graphic file (type png)
<use images/logo_yhk.png>
Package pdftex.def Info: images/logo_yhk.png  used on input line 364.
(pdftex.def)             Requested size: 17.07164pt x 12.43224pt.
[1157

]
\openout4 = `Main_Course_MachineLearning_Presentation.vrb'.

(Main_Course_MachineLearning_Presentation.vrb
<images/ens3.png, id=9177, 374.39874pt x 324.21124pt>
File: images/ens3.png Graphic file (type png)
<use images/ens3.png>
Package pdftex.def Info: images/ens3.png  used on input line 8.
(pdftex.def)             Requested size: 122.91406pt x 106.43596pt.
)
File: images/logo_yhk.png Graphic file (type png)
<use images/logo_yhk.png>
Package pdftex.def Info: images/logo_yhk.png  used on input line 376.
(pdftex.def)             Requested size: 17.07164pt x 12.43224pt.
[1158

 <./images/ens3.png>]
\openout4 = `Main_Course_MachineLearning_Presentation.vrb'.

(Main_Course_MachineLearning_Presentation.vrb)
File: images/logo_yhk.png Graphic file (type png)
<use images/logo_yhk.png>
Package pdftex.def Info: images/logo_yhk.png  used on input line 396.
(pdftex.def)             Requested size: 17.07164pt x 12.43224pt.
[1159

]
\openout4 = `Main_Course_MachineLearning_Presentation.vrb'.

(Main_Course_MachineLearning_Presentation.vrb)
File: images/logo_yhk.png Graphic file (type png)
<use images/logo_yhk.png>
Package pdftex.def Info: images/logo_yhk.png  used on input line 406.
(pdftex.def)             Requested size: 17.07164pt x 12.43224pt.
[1160

]
\openout4 = `Main_Course_MachineLearning_Presentation.vrb'.

(Main_Course_MachineLearning_Presentation.vrb
<images/boost.png, id=9198, 1113.40968pt x 474.27188pt>
File: images/boost.png Graphic file (type png)
<use images/boost.png>
Package pdftex.def Info: images/boost.png  used on input line 3.
(pdftex.def)             Requested size: 307.28987pt x 130.89194pt.
)
File: images/logo_yhk.png Graphic file (type png)
<use images/logo_yhk.png>
Package pdftex.def Info: images/logo_yhk.png  used on input line 440.
(pdftex.def)             Requested size: 17.07164pt x 12.43224pt.
[1161

 <./images/boost.png>]
\openout4 = `Main_Course_MachineLearning_Presentation.vrb'.

(Main_Course_MachineLearning_Presentation.vrb)
File: images/logo_yhk.png Graphic file (type png)
<use images/logo_yhk.png>
Package pdftex.def Info: images/logo_yhk.png  used on input line 454.
(pdftex.def)             Requested size: 17.07164pt x 12.43224pt.
[1162

]
\openout4 = `Main_Course_MachineLearning_Presentation.vrb'.

(Main_Course_MachineLearning_Presentation.vrb
<images/ens4.png, id=9212, 486.81876pt x 194.7275pt>
File: images/ens4.png Graphic file (type png)
<use images/ens4.png>
Package pdftex.def Info: images/ens4.png  used on input line 8.
(pdftex.def)             Requested size: 245.83282pt x 98.33214pt.
)
File: images/logo_yhk.png Graphic file (type png)
<use images/logo_yhk.png>
Package pdftex.def Info: images/logo_yhk.png  used on input line 467.
(pdftex.def)             Requested size: 17.07164pt x 12.43224pt.
[1163

 <./images/ens4.png>]
\openout4 = `Main_Course_MachineLearning_Presentation.vrb'.

(Main_Course_MachineLearning_Presentation.vrb)
File: images/logo_yhk.png Graphic file (type png)
<use images/logo_yhk.png>
Package pdftex.def Info: images/logo_yhk.png  used on input line 479.
(pdftex.def)             Requested size: 17.07164pt x 12.43224pt.
[1164

]
\openout4 = `Main_Course_MachineLearning_Presentation.vrb'.

(Main_Course_MachineLearning_Presentation.vrb)
File: images/logo_yhk.png Graphic file (type png)
<use images/logo_yhk.png>
Package pdftex.def Info: images/logo_yhk.png  used on input line 490.
(pdftex.def)             Requested size: 17.07164pt x 12.43224pt.
[1165

]
\openout4 = `Main_Course_MachineLearning_Presentation.vrb'.

(Main_Course_MachineLearning_Presentation.vrb
<images/ens5.png, id=9233, 648.17157pt x 371.13657pt>
File: images/ens5.png Graphic file (type png)
<use images/ens5.png>
Package pdftex.def Info: images/ens5.png  used on input line 4.
(pdftex.def)             Requested size: 245.83282pt x 140.76152pt.
)
File: images/logo_yhk.png Graphic file (type png)
<use images/logo_yhk.png>
Package pdftex.def Info: images/logo_yhk.png  used on input line 499.
(pdftex.def)             Requested size: 17.07164pt x 12.43224pt.
[1166

 <./images/ens5.png>]
\openout4 = `Main_Course_MachineLearning_Presentation.vrb'.

(Main_Course_MachineLearning_Presentation.vrb)
File: images/logo_yhk.png Graphic file (type png)
<use images/logo_yhk.png>
Package pdftex.def Info: images/logo_yhk.png  used on input line 510.
(pdftex.def)             Requested size: 17.07164pt x 12.43224pt.
[1167

]
\openout4 = `Main_Course_MachineLearning_Presentation.vrb'.

(Main_Course_MachineLearning_Presentation.vrb
<images/ens6.png, id=9246, 467.49657pt x 362.10281pt>
File: images/ens6.png Graphic file (type png)
<use images/ens6.png>
Package pdftex.def Info: images/ens6.png  used on input line 4.
(pdftex.def)             Requested size: 245.83282pt x 190.4107pt.
)
File: images/logo_yhk.png Graphic file (type png)
<use images/logo_yhk.png>
Package pdftex.def Info: images/logo_yhk.png  used on input line 519.
(pdftex.def)             Requested size: 17.07164pt x 12.43224pt.
[1168

 <./images/ens6.png>]
\openout4 = `Main_Course_MachineLearning_Presentation.vrb'.

(Main_Course_MachineLearning_Presentation.vrb)
File: images/logo_yhk.png Graphic file (type png)
<use images/logo_yhk.png>
Package pdftex.def Info: images/logo_yhk.png  used on input line 538.
(pdftex.def)             Requested size: 17.07164pt x 12.43224pt.
[1169

]
\openout4 = `Main_Course_MachineLearning_Presentation.vrb'.

(Main_Course_MachineLearning_Presentation.vrb)
File: images/logo_yhk.png Graphic file (type png)
<use images/logo_yhk.png>
Package pdftex.def Info: images/logo_yhk.png  used on input line 549.
(pdftex.def)             Requested size: 17.07164pt x 12.43224pt.
[1170

]
\openout4 = `Main_Course_MachineLearning_Presentation.vrb'.

(Main_Course_MachineLearning_Presentation.vrb
<images/ens7.png, id=9265, 616.55344pt x 363.60844pt>
File: images/ens7.png Graphic file (type png)
<use images/ens7.png>
Package pdftex.def Info: images/ens7.png  used on input line 4.
(pdftex.def)             Requested size: 245.83282pt x 144.97475pt.
)
File: images/logo_yhk.png Graphic file (type png)
<use images/logo_yhk.png>
Package pdftex.def Info: images/logo_yhk.png  used on input line 560.
(pdftex.def)             Requested size: 17.07164pt x 12.43224pt.
[1171

 <./images/ens7.png>]
\openout4 = `Main_Course_MachineLearning_Presentation.vrb'.

(Main_Course_MachineLearning_Presentation.vrb)
File: images/logo_yhk.png Graphic file (type png)
<use images/logo_yhk.png>
Package pdftex.def Info: images/logo_yhk.png  used on input line 577.
(pdftex.def)             Requested size: 17.07164pt x 12.43224pt.
[1172

]) (ml_ensemble_sklearn.tex
\openout4 = `Main_Course_MachineLearning_Presentation.vrb'.

(Main_Course_MachineLearning_Presentation.vrb)
File: images/logo_yhk.png Graphic file (type png)
<use images/logo_yhk.png>
Package pdftex.def Info: images/logo_yhk.png  used on input line 8.
(pdftex.def)             Requested size: 17.07164pt x 12.43224pt.
[1173

]
\openout4 = `Main_Course_MachineLearning_Presentation.vrb'.

(Main_Course_MachineLearning_Presentation.vrb
Overfull \hbox (67.0064pt too wide) in paragraph at lines 6--7
[][][][][][][][][][][][][][][][][][][][][][][][][][][][][][][][][][][][][][][][
][][][][][][][][][][][][][][][][][][][][][][][][][][][][][][][][][][][][]  
 []

)
File: images/logo_yhk.png Graphic file (type png)
<use images/logo_yhk.png>
Package pdftex.def Info: images/logo_yhk.png  used on input line 23.
(pdftex.def)             Requested size: 17.07164pt x 12.43224pt.
[1174

]
\openout4 = `Main_Course_MachineLearning_Presentation.vrb'.

(Main_Course_MachineLearning_Presentation.vrb)
File: images/logo_yhk.png Graphic file (type png)
<use images/logo_yhk.png>
Package pdftex.def Info: images/logo_yhk.png  used on input line 33.
(pdftex.def)             Requested size: 17.07164pt x 12.43224pt.
[1175

]
\openout4 = `Main_Course_MachineLearning_Presentation.vrb'.

(Main_Course_MachineLearning_Presentation.vrb)
File: images/logo_yhk.png Graphic file (type png)
<use images/logo_yhk.png>
Package pdftex.def Info: images/logo_yhk.png  used on input line 54.
(pdftex.def)             Requested size: 17.07164pt x 12.43224pt.
[1176

]
\openout4 = `Main_Course_MachineLearning_Presentation.vrb'.

(Main_Course_MachineLearning_Presentation.vrb)
File: images/logo_yhk.png Graphic file (type png)
<use images/logo_yhk.png>
Package pdftex.def Info: images/logo_yhk.png  used on input line 66.
(pdftex.def)             Requested size: 17.07164pt x 12.43224pt.
[1177

]
\openout4 = `Main_Course_MachineLearning_Presentation.vrb'.

(Main_Course_MachineLearning_Presentation.vrb)
File: images/logo_yhk.png Graphic file (type png)
<use images/logo_yhk.png>
Package pdftex.def Info: images/logo_yhk.png  used on input line 87.
(pdftex.def)             Requested size: 17.07164pt x 12.43224pt.
[1178

]
\openout4 = `Main_Course_MachineLearning_Presentation.vrb'.

(Main_Course_MachineLearning_Presentation.vrb)
File: images/logo_yhk.png Graphic file (type png)
<use images/logo_yhk.png>
Package pdftex.def Info: images/logo_yhk.png  used on input line 109.
(pdftex.def)             Requested size: 17.07164pt x 12.43224pt.
[1179

]) (ml_randomforest.tex
\openout4 = `Main_Course_MachineLearning_Presentation.vrb'.

(Main_Course_MachineLearning_Presentation.vrb)
File: images/logo_yhk.png Graphic file (type png)
<use images/logo_yhk.png>
Package pdftex.def Info: images/logo_yhk.png  used on input line 6.
(pdftex.def)             Requested size: 17.07164pt x 12.43224pt.
[1180

]
\openout4 = `Main_Course_MachineLearning_Presentation.vrb'.

(Main_Course_MachineLearning_Presentation.vrb)
File: images/logo_yhk.png Graphic file (type png)
<use images/logo_yhk.png>
Package pdftex.def Info: images/logo_yhk.png  used on input line 19.
(pdftex.def)             Requested size: 17.07164pt x 12.43224pt.
[1181

]
\openout4 = `Main_Course_MachineLearning_Presentation.vrb'.

(Main_Course_MachineLearning_Presentation.vrb)
File: images/logo_yhk.png Graphic file (type png)
<use images/logo_yhk.png>
Package pdftex.def Info: images/logo_yhk.png  used on input line 33.
(pdftex.def)             Requested size: 17.07164pt x 12.43224pt.
[1182

]
\openout4 = `Main_Course_MachineLearning_Presentation.vrb'.

(Main_Course_MachineLearning_Presentation.vrb
<images/randfor.png, id=9341, 426.84468pt x 358.33875pt>
File: images/randfor.png Graphic file (type png)
<use images/randfor.png>
Package pdftex.def Info: images/randfor.png  used on input line 3.
(pdftex.def)             Requested size: 245.83282pt x 206.38219pt.
)
File: images/logo_yhk.png Graphic file (type png)
<use images/logo_yhk.png>
Package pdftex.def Info: images/logo_yhk.png  used on input line 43.
(pdftex.def)             Requested size: 17.07164pt x 12.43224pt.
[1183

 <./images/randfor.png>]
\openout4 = `Main_Course_MachineLearning_Presentation.vrb'.

(Main_Course_MachineLearning_Presentation.vrb)
File: images/logo_yhk.png Graphic file (type png)
<use images/logo_yhk.png>
Package pdftex.def Info: images/logo_yhk.png  used on input line 61.
(pdftex.def)             Requested size: 17.07164pt x 12.43224pt.
[1184

]
\openout4 = `Main_Course_MachineLearning_Presentation.vrb'.

(Main_Course_MachineLearning_Presentation.vrb)
File: images/logo_yhk.png Graphic file (type png)
<use images/logo_yhk.png>
Package pdftex.def Info: images/logo_yhk.png  used on input line 74.
(pdftex.def)             Requested size: 17.07164pt x 12.43224pt.
[1185

]
\openout4 = `Main_Course_MachineLearning_Presentation.vrb'.

(Main_Course_MachineLearning_Presentation.vrb

LaTeX Font Warning: Font shape `OT1/lmss/m/sc' in size <7> not available
(Font)              Font shape `OT1/lmr/m/sc' tried instead on input line 9.

)
File: images/logo_yhk.png Graphic file (type png)
<use images/logo_yhk.png>
Package pdftex.def Info: images/logo_yhk.png  used on input line 93.
(pdftex.def)             Requested size: 17.07164pt x 12.43224pt.
[1186

]
\openout4 = `Main_Course_MachineLearning_Presentation.vrb'.

(Main_Course_MachineLearning_Presentation.vrb)
File: images/logo_yhk.png Graphic file (type png)
<use images/logo_yhk.png>
Package pdftex.def Info: images/logo_yhk.png  used on input line 116.
(pdftex.def)             Requested size: 17.07164pt x 12.43224pt.
[1187

]
\openout4 = `Main_Course_MachineLearning_Presentation.vrb'.

(Main_Course_MachineLearning_Presentation.vrb)
File: images/logo_yhk.png Graphic file (type png)
<use images/logo_yhk.png>
Package pdftex.def Info: images/logo_yhk.png  used on input line 133.
(pdftex.def)             Requested size: 17.07164pt x 12.43224pt.
[1188

] (Main_Course_MachineLearning_Presentation.vrb)
File: images/logo_yhk.png Graphic file (type png)
<use images/logo_yhk.png>
Package pdftex.def Info: images/logo_yhk.png  used on input line 133.
(pdftex.def)             Requested size: 17.07164pt x 12.43224pt.
[1189

]
\openout4 = `Main_Course_MachineLearning_Presentation.vrb'.

(Main_Course_MachineLearning_Presentation.vrb)
File: images/logo_yhk.png Graphic file (type png)
<use images/logo_yhk.png>
Package pdftex.def Info: images/logo_yhk.png  used on input line 148.
(pdftex.def)             Requested size: 17.07164pt x 12.43224pt.
[1190

]
\openout4 = `Main_Course_MachineLearning_Presentation.vrb'.

(Main_Course_MachineLearning_Presentation.vrb)
File: images/logo_yhk.png Graphic file (type png)
<use images/logo_yhk.png>
Package pdftex.def Info: images/logo_yhk.png  used on input line 185.
(pdftex.def)             Requested size: 17.07164pt x 12.43224pt.
[1191

]
\openout4 = `Main_Course_MachineLearning_Presentation.vrb'.

(Main_Course_MachineLearning_Presentation.vrb)
File: images/logo_yhk.png Graphic file (type png)
<use images/logo_yhk.png>
Package pdftex.def Info: images/logo_yhk.png  used on input line 200.
(pdftex.def)             Requested size: 17.07164pt x 12.43224pt.
[1192

]
\openout4 = `Main_Course_MachineLearning_Presentation.vrb'.

(Main_Course_MachineLearning_Presentation.vrb)
File: images/logo_yhk.png Graphic file (type png)
<use images/logo_yhk.png>
Package pdftex.def Info: images/logo_yhk.png  used on input line 212.
(pdftex.def)             Requested size: 17.07164pt x 12.43224pt.
[1193

]
\openout4 = `Main_Course_MachineLearning_Presentation.vrb'.

(Main_Course_MachineLearning_Presentation.vrb)
File: images/logo_yhk.png Graphic file (type png)
<use images/logo_yhk.png>
Package pdftex.def Info: images/logo_yhk.png  used on input line 226.
(pdftex.def)             Requested size: 17.07164pt x 12.43224pt.
[1194

]
\openout4 = `Main_Course_MachineLearning_Presentation.vrb'.

(Main_Course_MachineLearning_Presentation.vrb)
File: images/logo_yhk.png Graphic file (type png)
<use images/logo_yhk.png>
Package pdftex.def Info: images/logo_yhk.png  used on input line 237.
(pdftex.def)             Requested size: 17.07164pt x 12.43224pt.
[1195

]
\openout4 = `Main_Course_MachineLearning_Presentation.vrb'.

(Main_Course_MachineLearning_Presentation.vrb)
File: images/logo_yhk.png Graphic file (type png)
<use images/logo_yhk.png>
Package pdftex.def Info: images/logo_yhk.png  used on input line 246.
(pdftex.def)             Requested size: 17.07164pt x 12.43224pt.
[1196

]
\openout4 = `Main_Course_MachineLearning_Presentation.vrb'.

(Main_Course_MachineLearning_Presentation.vrb)
File: images/logo_yhk.png Graphic file (type png)
<use images/logo_yhk.png>
Package pdftex.def Info: images/logo_yhk.png  used on input line 254.
(pdftex.def)             Requested size: 17.07164pt x 12.43224pt.
[1197

]) (ml_randomforest_sklearn.tex
\openout4 = `Main_Course_MachineLearning_Presentation.vrb'.

(Main_Course_MachineLearning_Presentation.vrb)
File: images/logo_yhk.png Graphic file (type png)
<use images/logo_yhk.png>
Package pdftex.def Info: images/logo_yhk.png  used on input line 8.
(pdftex.def)             Requested size: 17.07164pt x 12.43224pt.
[1198

]
\openout4 = `Main_Course_MachineLearning_Presentation.vrb'.

(Main_Course_MachineLearning_Presentation.vrb)
File: images/logo_yhk.png Graphic file (type png)
<use images/logo_yhk.png>
Package pdftex.def Info: images/logo_yhk.png  used on input line 22.
(pdftex.def)             Requested size: 17.07164pt x 12.43224pt.
[1199

]
\openout4 = `Main_Course_MachineLearning_Presentation.vrb'.

(Main_Course_MachineLearning_Presentation.vrb)
File: images/logo_yhk.png Graphic file (type png)
<use images/logo_yhk.png>
Package pdftex.def Info: images/logo_yhk.png  used on input line 40.
(pdftex.def)             Requested size: 17.07164pt x 12.43224pt.
[1200

]
\openout4 = `Main_Course_MachineLearning_Presentation.vrb'.

(Main_Course_MachineLearning_Presentation.vrb
Overfull \hbox (67.0064pt too wide) in paragraph at lines 8--9
[][][][][][][][][][][][][][][][][][][][][][][][][][][][][][][][][][][][][][][][
][][][][][][][][][][][][][][][][][][][][][][][][][][][][][][][][][][][][]  
 []

)
File: images/logo_yhk.png Graphic file (type png)
<use images/logo_yhk.png>
Package pdftex.def Info: images/logo_yhk.png  used on input line 67.
(pdftex.def)             Requested size: 17.07164pt x 12.43224pt.
[1201

]
\openout4 = `Main_Course_MachineLearning_Presentation.vrb'.

(Main_Course_MachineLearning_Presentation.vrb)
File: images/logo_yhk.png Graphic file (type png)
<use images/logo_yhk.png>
Package pdftex.def Info: images/logo_yhk.png  used on input line 74.
(pdftex.def)             Requested size: 17.07164pt x 12.43224pt.
[1202

]
\openout4 = `Main_Course_MachineLearning_Presentation.vrb'.

(Main_Course_MachineLearning_Presentation.vrb
<images/iris1.jpg, id=9476, 747.79375pt x 320.19624pt>
File: images/iris1.jpg Graphic file (type jpg)
<use images/iris1.jpg>
Package pdftex.def Info: images/iris1.jpg  used on input line 4.
(pdftex.def)             Requested size: 245.83282pt x 105.25955pt.
)
File: images/logo_yhk.png Graphic file (type png)
<use images/logo_yhk.png>
Package pdftex.def Info: images/logo_yhk.png  used on input line 92.
(pdftex.def)             Requested size: 17.07164pt x 12.43224pt.
[1203

 <./images/iris1.jpg>]
\openout4 = `Main_Course_MachineLearning_Presentation.vrb'.

(Main_Course_MachineLearning_Presentation.vrb)
File: images/logo_yhk.png Graphic file (type png)
<use images/logo_yhk.png>
Package pdftex.def Info: images/logo_yhk.png  used on input line 108.
(pdftex.def)             Requested size: 17.07164pt x 12.43224pt.
[1204

]
\openout4 = `Main_Course_MachineLearning_Presentation.vrb'.

(Main_Course_MachineLearning_Presentation.vrb)
File: images/logo_yhk.png Graphic file (type png)
<use images/logo_yhk.png>
Package pdftex.def Info: images/logo_yhk.png  used on input line 125.
(pdftex.def)             Requested size: 17.07164pt x 12.43224pt.
[1205

]
\openout4 = `Main_Course_MachineLearning_Presentation.vrb'.

(Main_Course_MachineLearning_Presentation.vrb)
File: images/logo_yhk.png Graphic file (type png)
<use images/logo_yhk.png>
Package pdftex.def Info: images/logo_yhk.png  used on input line 138.
(pdftex.def)             Requested size: 17.07164pt x 12.43224pt.
[1206

]))) (workshop_ml_supervisedII_content.tex (seminar_ml_knn_content.tex (ml_knn.
tex
\openout4 = `Main_Course_MachineLearning_Presentation.vrb'.

(Main_Course_MachineLearning_Presentation.vrb)
File: images/logo_yhk.png Graphic file (type png)
<use images/logo_yhk.png>
Package pdftex.def Info: images/logo_yhk.png  used on input line 6.
(pdftex.def)             Requested size: 17.07164pt x 12.43224pt.
[1207

]
\openout4 = `Main_Course_MachineLearning_Presentation.vrb'.

(Main_Course_MachineLearning_Presentation.vrb)
File: images/logo_yhk.png Graphic file (type png)
<use images/logo_yhk.png>
Package pdftex.def Info: images/logo_yhk.png  used on input line 14.
(pdftex.def)             Requested size: 17.07164pt x 12.43224pt.
[1208

]
\openout4 = `Main_Course_MachineLearning_Presentation.vrb'.

(Main_Course_MachineLearning_Presentation.vrb)
File: images/logo_yhk.png Graphic file (type png)
<use images/logo_yhk.png>
Package pdftex.def Info: images/logo_yhk.png  used on input line 22.
(pdftex.def)             Requested size: 17.07164pt x 12.43224pt.
[1209

]
\openout4 = `Main_Course_MachineLearning_Presentation.vrb'.

(Main_Course_MachineLearning_Presentation.vrb
<images/knn5.png, id=9521, 437.38406pt x 426.84468pt>
File: images/knn5.png Graphic file (type png)
<use images/knn5.png>
Package pdftex.def Info: images/knn5.png  used on input line 17.
(pdftex.def)             Requested size: 138.2795pt x 134.94527pt.
)
File: images/logo_yhk.png Graphic file (type png)
<use images/logo_yhk.png>
Package pdftex.def Info: images/logo_yhk.png  used on input line 47.
(pdftex.def)             Requested size: 17.07164pt x 12.43224pt.
[1210

 <./images/knn5.png>]
\openout4 = `Main_Course_MachineLearning_Presentation.vrb'.

(Main_Course_MachineLearning_Presentation.vrb
<images/knn15.png, id=9528, 218.31563pt x 213.04594pt>
File: images/knn15.png Graphic file (type png)
<use images/knn15.png>
Package pdftex.def Info: images/knn15.png  used on input line 17.
(pdftex.def)             Requested size: 122.91406pt x 119.94856pt.
)
File: images/logo_yhk.png Graphic file (type png)
<use images/logo_yhk.png>
Package pdftex.def Info: images/logo_yhk.png  used on input line 71.
(pdftex.def)             Requested size: 17.07164pt x 12.43224pt.
[1211

 <./images/knn15.png>]
\openout4 = `Main_Course_MachineLearning_Presentation.vrb'.

(Main_Course_MachineLearning_Presentation.vrb
<images/knn6.png, id=9535, 310.15875pt x 297.36093pt>
File: images/knn6.png Graphic file (type png)
<use images/knn6.png>
Package pdftex.def Info: images/knn6.png  used on input line 16.
(pdftex.def)             Requested size: 122.91406pt x 117.83968pt.
)
File: images/logo_yhk.png Graphic file (type png)
<use images/logo_yhk.png>
Package pdftex.def Info: images/logo_yhk.png  used on input line 94.
(pdftex.def)             Requested size: 17.07164pt x 12.43224pt.
[1212

 <./images/knn6.png>]
\openout4 = `Main_Course_MachineLearning_Presentation.vrb'.

(Main_Course_MachineLearning_Presentation.vrb
<images/knn16.png, id=9542, 218.31563pt x 216.05719pt>
File: images/knn16.png Graphic file (type png)
<use images/knn16.png>
Package pdftex.def Info: images/knn16.png  used on input line 19.
(pdftex.def)             Requested size: 122.91406pt x 121.64394pt.
)
File: images/logo_yhk.png Graphic file (type png)
<use images/logo_yhk.png>
Package pdftex.def Info: images/logo_yhk.png  used on input line 120.
(pdftex.def)             Requested size: 17.07164pt x 12.43224pt.
[1213

 <./images/knn16.png>]
\openout4 = `Main_Course_MachineLearning_Presentation.vrb'.

(Main_Course_MachineLearning_Presentation.vrb)
File: images/logo_yhk.png Graphic file (type png)
<use images/logo_yhk.png>
Package pdftex.def Info: images/logo_yhk.png  used on input line 134.
(pdftex.def)             Requested size: 17.07164pt x 12.43224pt.
[1214

]
\openout4 = `Main_Course_MachineLearning_Presentation.vrb'.

(Main_Course_MachineLearning_Presentation.vrb)
File: images/logo_yhk.png Graphic file (type png)
<use images/logo_yhk.png>
Package pdftex.def Info: images/logo_yhk.png  used on input line 146.
(pdftex.def)             Requested size: 17.07164pt x 12.43224pt.
[1215

]
\openout4 = `Main_Course_MachineLearning_Presentation.vrb'.

(Main_Course_MachineLearning_Presentation.vrb)
File: images/logo_yhk.png Graphic file (type png)
<use images/logo_yhk.png>
Package pdftex.def Info: images/logo_yhk.png  used on input line 153.
(pdftex.def)             Requested size: 17.07164pt x 12.43224pt.
[1216

]
\openout4 = `Main_Course_MachineLearning_Presentation.vrb'.

(Main_Course_MachineLearning_Presentation.vrb)
File: images/logo_yhk.png Graphic file (type png)
<use images/logo_yhk.png>
Package pdftex.def Info: images/logo_yhk.png  used on input line 164.
(pdftex.def)             Requested size: 17.07164pt x 12.43224pt.
[1217

]
\openout4 = `Main_Course_MachineLearning_Presentation.vrb'.

(Main_Course_MachineLearning_Presentation.vrb)
File: images/logo_yhk.png Graphic file (type png)
<use images/logo_yhk.png>
Package pdftex.def Info: images/logo_yhk.png  used on input line 176.
(pdftex.def)             Requested size: 17.07164pt x 12.43224pt.
[1218

]
\openout4 = `Main_Course_MachineLearning_Presentation.vrb'.

(Main_Course_MachineLearning_Presentation.vrb
<images/knn19.png, id=9581, 312.41719pt x 283.81032pt>
File: images/knn19.png Graphic file (type png)
<use images/knn19.png>
Package pdftex.def Info: images/knn19.png  used on input line 7.
(pdftex.def)             Requested size: 122.91406pt x 111.65996pt.
)
File: images/logo_yhk.png Graphic file (type png)
<use images/logo_yhk.png>
Package pdftex.def Info: images/logo_yhk.png  used on input line 187.
(pdftex.def)             Requested size: 17.07164pt x 12.43224pt.
[1219

 <./images/knn19.png>]
\openout4 = `Main_Course_MachineLearning_Presentation.vrb'.

(Main_Course_MachineLearning_Presentation.vrb
<images/knn20.png, id=9589, 236.38312pt x 218.31563pt>
File: images/knn20.png Graphic file (type png)
<use images/knn20.png>
Package pdftex.def Info: images/knn20.png  used on input line 7.
(pdftex.def)             Requested size: 122.91406pt x 113.52144pt.
)
File: images/logo_yhk.png Graphic file (type png)
<use images/logo_yhk.png>
Package pdftex.def Info: images/logo_yhk.png  used on input line 198.
(pdftex.def)             Requested size: 17.07164pt x 12.43224pt.
[1220

 <./images/knn20.png>]
\openout4 = `Main_Course_MachineLearning_Presentation.vrb'.

(Main_Course_MachineLearning_Presentation.vrb
<images/knn21.png, id=9596, 236.38312pt x 218.31563pt>
File: images/knn21.png Graphic file (type png)
<use images/knn21.png>
Package pdftex.def Info: images/knn21.png  used on input line 8.
(pdftex.def)             Requested size: 122.91406pt x 113.52144pt.
)
File: images/logo_yhk.png Graphic file (type png)
<use images/logo_yhk.png>
Package pdftex.def Info: images/logo_yhk.png  used on input line 211.
(pdftex.def)             Requested size: 17.07164pt x 12.43224pt.
[1221

 <./images/knn21.png>]
\openout4 = `Main_Course_MachineLearning_Presentation.vrb'.

(Main_Course_MachineLearning_Presentation.vrb
<images/knn22.png, id=9603, 228.10219pt x 218.31563pt>
File: images/knn22.png Graphic file (type png)
<use images/knn22.png>
Package pdftex.def Info: images/knn22.png  used on input line 9.
(pdftex.def)             Requested size: 122.91406pt x 117.63882pt.
)
File: images/logo_yhk.png Graphic file (type png)
<use images/logo_yhk.png>
Package pdftex.def Info: images/logo_yhk.png  used on input line 225.
(pdftex.def)             Requested size: 17.07164pt x 12.43224pt.
[1222

 <./images/knn22.png>]
\openout4 = `Main_Course_MachineLearning_Presentation.vrb'.

(Main_Course_MachineLearning_Presentation.vrb)
File: images/logo_yhk.png Graphic file (type png)
<use images/logo_yhk.png>
Package pdftex.def Info: images/logo_yhk.png  used on input line 235.
(pdftex.def)             Requested size: 17.07164pt x 12.43224pt.
[1223

]
\openout4 = `Main_Course_MachineLearning_Presentation.vrb'.

(Main_Course_MachineLearning_Presentation.vrb
<images/rightk.png, id=9616, 461.47406pt x 391.4625pt>
File: images/rightk.png Graphic file (type png)
<use images/rightk.png>
Package pdftex.def Info: images/rightk.png  used on input line 18.
(pdftex.def)             Requested size: 153.64493pt x 130.33585pt.
)
File: images/logo_yhk.png Graphic file (type png)
<use images/logo_yhk.png>
Package pdftex.def Info: images/logo_yhk.png  used on input line 260.
(pdftex.def)             Requested size: 17.07164pt x 12.43224pt.
[1224

 <./images/rightk.png>]
\openout4 = `Main_Course_MachineLearning_Presentation.vrb'.

(Main_Course_MachineLearning_Presentation.vrb
File: images/rightk.png Graphic file (type png)
<use images/rightk.png>
Package pdftex.def Info: images/rightk.png  used on input line 19.
(pdftex.def)             Requested size: 153.64493pt x 130.33585pt.
)
File: images/logo_yhk.png Graphic file (type png)
<use images/logo_yhk.png>
Package pdftex.def Info: images/logo_yhk.png  used on input line 287.
(pdftex.def)             Requested size: 17.07164pt x 12.43224pt.
[1225

]
\openout4 = `Main_Course_MachineLearning_Presentation.vrb'.

(Main_Course_MachineLearning_Presentation.vrb)
File: images/logo_yhk.png Graphic file (type png)
<use images/logo_yhk.png>
Package pdftex.def Info: images/logo_yhk.png  used on input line 298.
(pdftex.def)             Requested size: 17.07164pt x 12.43224pt.
[1226

]
\openout4 = `Main_Course_MachineLearning_Presentation.vrb'.

(Main_Course_MachineLearning_Presentation.vrb)
File: images/logo_yhk.png Graphic file (type png)
<use images/logo_yhk.png>
Package pdftex.def Info: images/logo_yhk.png  used on input line 305.
(pdftex.def)             Requested size: 17.07164pt x 12.43224pt.
[1227

]
\openout4 = `Main_Course_MachineLearning_Presentation.vrb'.

(Main_Course_MachineLearning_Presentation.vrb)
File: images/logo_yhk.png Graphic file (type png)
<use images/logo_yhk.png>
Package pdftex.def Info: images/logo_yhk.png  used on input line 315.
(pdftex.def)             Requested size: 17.07164pt x 12.43224pt.
[1228

]
\openout4 = `Main_Course_MachineLearning_Presentation.vrb'.

(Main_Course_MachineLearning_Presentation.vrb)
File: images/logo_yhk.png Graphic file (type png)
<use images/logo_yhk.png>
Package pdftex.def Info: images/logo_yhk.png  used on input line 327.
(pdftex.def)             Requested size: 17.07164pt x 12.43224pt.
[1229

]
\openout4 = `Main_Course_MachineLearning_Presentation.vrb'.

(Main_Course_MachineLearning_Presentation.vrb
<images/knn17.png, id=9655, 271.76532pt x 123.46124pt>
File: images/knn17.png Graphic file (type png)
<use images/knn17.png>
Package pdftex.def Info: images/knn17.png  used on input line 10.
(pdftex.def)             Requested size: 153.64493pt x 69.80281pt.
)
File: images/logo_yhk.png Graphic file (type png)
<use images/logo_yhk.png>
Package pdftex.def Info: images/logo_yhk.png  used on input line 341.
(pdftex.def)             Requested size: 17.07164pt x 12.43224pt.
[1230

 <./images/knn17.png>]
\openout4 = `Main_Course_MachineLearning_Presentation.vrb'.

(Main_Course_MachineLearning_Presentation.vrb
<images/knn18.png, id=9662, 241.65282pt x 158.09062pt>
File: images/knn18.png Graphic file (type png)
<use images/knn18.png>
Package pdftex.def Info: images/knn18.png  used on input line 3.
(pdftex.def)             Requested size: 122.91406pt x 80.41045pt.
)
File: images/logo_yhk.png Graphic file (type png)
<use images/logo_yhk.png>
Package pdftex.def Info: images/logo_yhk.png  used on input line 360.
(pdftex.def)             Requested size: 17.07164pt x 12.43224pt.
[1231

 <./images/knn18.png>]
\openout4 = `Main_Course_MachineLearning_Presentation.vrb'.

(Main_Course_MachineLearning_Presentation.vrb)
File: images/logo_yhk.png Graphic file (type png)
<use images/logo_yhk.png>
Package pdftex.def Info: images/logo_yhk.png  used on input line 382.
(pdftex.def)             Requested size: 17.07164pt x 12.43224pt.
[1232

]
\openout4 = `Main_Course_MachineLearning_Presentation.vrb'.

(Main_Course_MachineLearning_Presentation.vrb)
File: images/logo_yhk.png Graphic file (type png)
<use images/logo_yhk.png>
Package pdftex.def Info: images/logo_yhk.png  used on input line 389.
(pdftex.def)             Requested size: 17.07164pt x 12.43224pt.
[1233

]
\openout4 = `Main_Course_MachineLearning_Presentation.vrb'.

(Main_Course_MachineLearning_Presentation.vrb)
File: images/logo_yhk.png Graphic file (type png)
<use images/logo_yhk.png>
Package pdftex.def Info: images/logo_yhk.png  used on input line 401.
(pdftex.def)             Requested size: 17.07164pt x 12.43224pt.
[1234

]
\openout4 = `Main_Course_MachineLearning_Presentation.vrb'.

(Main_Course_MachineLearning_Presentation.vrb)
File: images/logo_yhk.png Graphic file (type png)
<use images/logo_yhk.png>
Package pdftex.def Info: images/logo_yhk.png  used on input line 414.
(pdftex.def)             Requested size: 17.07164pt x 12.43224pt.
[1235

]
\openout4 = `Main_Course_MachineLearning_Presentation.vrb'.

(Main_Course_MachineLearning_Presentation.vrb)
File: images/logo_yhk.png Graphic file (type png)
<use images/logo_yhk.png>
Package pdftex.def Info: images/logo_yhk.png  used on input line 424.
(pdftex.def)             Requested size: 17.07164pt x 12.43224pt.
[1236

]
\openout4 = `Main_Course_MachineLearning_Presentation.vrb'.

(Main_Course_MachineLearning_Presentation.vrb)
File: images/logo_yhk.png Graphic file (type png)
<use images/logo_yhk.png>
Package pdftex.def Info: images/logo_yhk.png  used on input line 447.
(pdftex.def)             Requested size: 17.07164pt x 12.43224pt.
[1237

]
\openout4 = `Main_Course_MachineLearning_Presentation.vrb'.

(Main_Course_MachineLearning_Presentation.vrb)
File: images/logo_yhk.png Graphic file (type png)
<use images/logo_yhk.png>
Package pdftex.def Info: images/logo_yhk.png  used on input line 460.
(pdftex.def)             Requested size: 17.07164pt x 12.43224pt.
[1238

]
\openout4 = `Main_Course_MachineLearning_Presentation.vrb'.

(Main_Course_MachineLearning_Presentation.vrb)
File: images/logo_yhk.png Graphic file (type png)
<use images/logo_yhk.png>
Package pdftex.def Info: images/logo_yhk.png  used on input line 480.
(pdftex.def)             Requested size: 17.07164pt x 12.43224pt.
[1239

]
\openout4 = `Main_Course_MachineLearning_Presentation.vrb'.

(Main_Course_MachineLearning_Presentation.vrb)
File: images/logo_yhk.png Graphic file (type png)
<use images/logo_yhk.png>
Package pdftex.def Info: images/logo_yhk.png  used on input line 509.
(pdftex.def)             Requested size: 17.07164pt x 12.43224pt.
[1240

]
\openout4 = `Main_Course_MachineLearning_Presentation.vrb'.

(Main_Course_MachineLearning_Presentation.vrb)
File: images/logo_yhk.png Graphic file (type png)
<use images/logo_yhk.png>
Package pdftex.def Info: images/logo_yhk.png  used on input line 671.
(pdftex.def)             Requested size: 17.07164pt x 12.43224pt.
[1241

]
\openout4 = `Main_Course_MachineLearning_Presentation.vrb'.

(Main_Course_MachineLearning_Presentation.vrb)
File: images/logo_yhk.png Graphic file (type png)
<use images/logo_yhk.png>
Package pdftex.def Info: images/logo_yhk.png  used on input line 682.
(pdftex.def)             Requested size: 17.07164pt x 12.43224pt.
[1242

]
\openout4 = `Main_Course_MachineLearning_Presentation.vrb'.

(Main_Course_MachineLearning_Presentation.vrb)
File: images/logo_yhk.png Graphic file (type png)
<use images/logo_yhk.png>
Package pdftex.def Info: images/logo_yhk.png  used on input line 693.
(pdftex.def)             Requested size: 17.07164pt x 12.43224pt.
[1243

]
\openout4 = `Main_Course_MachineLearning_Presentation.vrb'.

(Main_Course_MachineLearning_Presentation.vrb)
File: images/logo_yhk.png Graphic file (type png)
<use images/logo_yhk.png>
Package pdftex.def Info: images/logo_yhk.png  used on input line 703.
(pdftex.def)             Requested size: 17.07164pt x 12.43224pt.
[1244

]
\openout4 = `Main_Course_MachineLearning_Presentation.vrb'.

(Main_Course_MachineLearning_Presentation.vrb)
File: images/logo_yhk.png Graphic file (type png)
<use images/logo_yhk.png>
Package pdftex.def Info: images/logo_yhk.png  used on input line 750.
(pdftex.def)             Requested size: 17.07164pt x 12.43224pt.
[1245

]
\openout4 = `Main_Course_MachineLearning_Presentation.vrb'.

(Main_Course_MachineLearning_Presentation.vrb)
File: images/logo_yhk.png Graphic file (type png)
<use images/logo_yhk.png>
Package pdftex.def Info: images/logo_yhk.png  used on input line 760.
(pdftex.def)             Requested size: 17.07164pt x 12.43224pt.
[1246

]
\openout4 = `Main_Course_MachineLearning_Presentation.vrb'.

(Main_Course_MachineLearning_Presentation.vrb)
File: images/logo_yhk.png Graphic file (type png)
<use images/logo_yhk.png>
Package pdftex.def Info: images/logo_yhk.png  used on input line 771.
(pdftex.def)             Requested size: 17.07164pt x 12.43224pt.
[1247

]) (ml_knn_sklearn.tex
\openout4 = `Main_Course_MachineLearning_Presentation.vrb'.

(Main_Course_MachineLearning_Presentation.vrb)
File: images/logo_yhk.png Graphic file (type png)
<use images/logo_yhk.png>
Package pdftex.def Info: images/logo_yhk.png  used on input line 6.
(pdftex.def)             Requested size: 17.07164pt x 12.43224pt.
[1248

]
\openout4 = `Main_Course_MachineLearning_Presentation.vrb'.

(Main_Course_MachineLearning_Presentation.vrb)
File: images/logo_yhk.png Graphic file (type png)
<use images/logo_yhk.png>
Package pdftex.def Info: images/logo_yhk.png  used on input line 23.
(pdftex.def)             Requested size: 17.07164pt x 12.43224pt.
[1249

]
\openout4 = `Main_Course_MachineLearning_Presentation.vrb'.

(Main_Course_MachineLearning_Presentation.vrb)
File: images/logo_yhk.png Graphic file (type png)
<use images/logo_yhk.png>
Package pdftex.def Info: images/logo_yhk.png  used on input line 51.
(pdftex.def)             Requested size: 17.07164pt x 12.43224pt.
[1250

]
\openout4 = `Main_Course_MachineLearning_Presentation.vrb'.

(Main_Course_MachineLearning_Presentation.vrb)
File: images/logo_yhk.png Graphic file (type png)
<use images/logo_yhk.png>
Package pdftex.def Info: images/logo_yhk.png  used on input line 60.
(pdftex.def)             Requested size: 17.07164pt x 12.43224pt.
[1251

]
\openout4 = `Main_Course_MachineLearning_Presentation.vrb'.

(Main_Course_MachineLearning_Presentation.vrb)
File: images/logo_yhk.png Graphic file (type png)
<use images/logo_yhk.png>
Package pdftex.def Info: images/logo_yhk.png  used on input line 77.
(pdftex.def)             Requested size: 17.07164pt x 12.43224pt.
[1252

]
\openout4 = `Main_Course_MachineLearning_Presentation.vrb'.

(Main_Course_MachineLearning_Presentation.vrb
<images/knn8.png, id=9838, 327.47343pt x 130.23656pt>
File: images/knn8.png Graphic file (type png)
<use images/knn8.png>
Package pdftex.def Info: images/knn8.png  used on input line 3.
(pdftex.def)             Requested size: 245.83282pt x 97.76859pt.
)
File: images/logo_yhk.png Graphic file (type png)
<use images/logo_yhk.png>
Package pdftex.def Info: images/logo_yhk.png  used on input line 90.
(pdftex.def)             Requested size: 17.07164pt x 12.43224pt.
[1253

 <./images/knn8.png>]
\openout4 = `Main_Course_MachineLearning_Presentation.vrb'.

(Main_Course_MachineLearning_Presentation.vrb)
File: images/logo_yhk.png Graphic file (type png)
<use images/logo_yhk.png>
Package pdftex.def Info: images/logo_yhk.png  used on input line 101.
(pdftex.def)             Requested size: 17.07164pt x 12.43224pt.
[1254

]
\openout4 = `Main_Course_MachineLearning_Presentation.vrb'.

(Main_Course_MachineLearning_Presentation.vrb)
File: images/logo_yhk.png Graphic file (type png)
<use images/logo_yhk.png>
Package pdftex.def Info: images/logo_yhk.png  used on input line 116.
(pdftex.def)             Requested size: 17.07164pt x 12.43224pt.
[1255

]
\openout4 = `Main_Course_MachineLearning_Presentation.vrb'.

(Main_Course_MachineLearning_Presentation.vrb
<images/knn9.png, id=9858, 409.53pt x 251.94125pt>
File: images/knn9.png Graphic file (type png)
<use images/knn9.png>
Package pdftex.def Info: images/knn9.png  used on input line 4.
(pdftex.def)             Requested size: 107.55333pt x 66.1644pt.
<images/knn10.png, id=9859, 398.48875pt x 251.94125pt>
File: images/knn10.png Graphic file (type png)
<use images/knn10.png>
Package pdftex.def Info: images/knn10.png  used on input line 6.
(pdftex.def)             Requested size: 107.55333pt x 67.99812pt.
)
File: images/logo_yhk.png Graphic file (type png)
<use images/logo_yhk.png>
Package pdftex.def Info: images/logo_yhk.png  used on input line 130.
(pdftex.def)             Requested size: 17.07164pt x 12.43224pt.
[1256

 <./images/knn9.png> <./images/knn10.png>]
\openout4 = `Main_Course_MachineLearning_Presentation.vrb'.

(Main_Course_MachineLearning_Presentation.vrb)
File: images/logo_yhk.png Graphic file (type png)
<use images/logo_yhk.png>
Package pdftex.def Info: images/logo_yhk.png  used on input line 153.
(pdftex.def)             Requested size: 17.07164pt x 12.43224pt.
[1257

]
\openout4 = `Main_Course_MachineLearning_Presentation.vrb'.

(Main_Course_MachineLearning_Presentation.vrb)
File: images/logo_yhk.png Graphic file (type png)
<use images/logo_yhk.png>
Package pdftex.def Info: images/logo_yhk.png  used on input line 177.
(pdftex.def)             Requested size: 17.07164pt x 12.43224pt.
[1258

]
\openout4 = `Main_Course_MachineLearning_Presentation.vrb'.

(Main_Course_MachineLearning_Presentation.vrb)
File: images/logo_yhk.png Graphic file (type png)
<use images/logo_yhk.png>
Package pdftex.def Info: images/logo_yhk.png  used on input line 198.
(pdftex.def)             Requested size: 17.07164pt x 12.43224pt.
[1259

]
\openout4 = `Main_Course_MachineLearning_Presentation.vrb'.

(Main_Course_MachineLearning_Presentation.vrb
<images/knn11.png, id=9886, 433.62pt x 289.08pt>
File: images/knn11.png Graphic file (type png)
<use images/knn11.png>
Package pdftex.def Info: images/knn11.png  used on input line 4.
(pdftex.def)             Requested size: 122.91406pt x 81.93872pt.
<images/knn12.png, id=9887, 433.62pt x 289.08pt>
File: images/knn12.png Graphic file (type png)
<use images/knn12.png>
Package pdftex.def Info: images/knn12.png  used on input line 5.
(pdftex.def)             Requested size: 122.91406pt x 81.93872pt.
<images/knn13.png, id=9888, 433.62pt x 289.08pt>
File: images/knn13.png Graphic file (type png)
<use images/knn13.png>
Package pdftex.def Info: images/knn13.png  used on input line 6.
(pdftex.def)             Requested size: 122.91406pt x 81.93872pt.
<images/knn14.png, id=9889, 433.62pt x 289.08pt>
File: images/knn14.png Graphic file (type png)
<use images/knn14.png>
Package pdftex.def Info: images/knn14.png  used on input line 7.
(pdftex.def)             Requested size: 122.91406pt x 81.93872pt.
)
File: images/logo_yhk.png Graphic file (type png)
<use images/logo_yhk.png>
Package pdftex.def Info: images/logo_yhk.png  used on input line 212.
(pdftex.def)             Requested size: 17.07164pt x 12.43224pt.
[1260

 <./images/knn11.png> <./images/knn12.png> <./images/knn13.png> <./images/knn14
.png>]
\openout4 = `Main_Course_MachineLearning_Presentation.vrb'.

(Main_Course_MachineLearning_Presentation.vrb)
File: images/logo_yhk.png Graphic file (type png)
<use images/logo_yhk.png>
Package pdftex.def Info: images/logo_yhk.png  used on input line 219.
(pdftex.def)             Requested size: 17.07164pt x 12.43224pt.
[1261

]
\openout4 = `Main_Course_MachineLearning_Presentation.vrb'.

(Main_Course_MachineLearning_Presentation.vrb)
File: images/logo_yhk.png Graphic file (type png)
<use images/logo_yhk.png>
Package pdftex.def Info: images/logo_yhk.png  used on input line 232.
(pdftex.def)             Requested size: 17.07164pt x 12.43224pt.
[1262

]
\openout4 = `Main_Course_MachineLearning_Presentation.vrb'.

(Main_Course_MachineLearning_Presentation.vrb)
File: images/logo_yhk.png Graphic file (type png)
<use images/logo_yhk.png>
Package pdftex.def Info: images/logo_yhk.png  used on input line 245.
(pdftex.def)             Requested size: 17.07164pt x 12.43224pt.
[1263

]
\openout4 = `Main_Course_MachineLearning_Presentation.vrb'.

(Main_Course_MachineLearning_Presentation.vrb)
File: images/logo_yhk.png Graphic file (type png)
<use images/logo_yhk.png>
Package pdftex.def Info: images/logo_yhk.png  used on input line 273.
(pdftex.def)             Requested size: 17.07164pt x 12.43224pt.
[1264

]
\openout4 = `Main_Course_MachineLearning_Presentation.vrb'.

(Main_Course_MachineLearning_Presentation.vrb)
File: images/logo_yhk.png Graphic file (type png)
<use images/logo_yhk.png>
Package pdftex.def Info: images/logo_yhk.png  used on input line 289.
(pdftex.def)             Requested size: 17.07164pt x 12.43224pt.
[1265

]
\openout4 = `Main_Course_MachineLearning_Presentation.vrb'.

(Main_Course_MachineLearning_Presentation.vrb)
File: images/logo_yhk.png Graphic file (type png)
<use images/logo_yhk.png>
Package pdftex.def Info: images/logo_yhk.png  used on input line 310.
(pdftex.def)             Requested size: 17.07164pt x 12.43224pt.
[1266

]
\openout4 = `Main_Course_MachineLearning_Presentation.vrb'.

(Main_Course_MachineLearning_Presentation.vrb)
File: images/logo_yhk.png Graphic file (type png)
<use images/logo_yhk.png>
Package pdftex.def Info: images/logo_yhk.png  used on input line 331.
(pdftex.def)             Requested size: 17.07164pt x 12.43224pt.
[1267

]
\openout4 = `Main_Course_MachineLearning_Presentation.vrb'.

(Main_Course_MachineLearning_Presentation.vrb)
File: images/logo_yhk.png Graphic file (type png)
<use images/logo_yhk.png>
Package pdftex.def Info: images/logo_yhk.png  used on input line 349.
(pdftex.def)             Requested size: 17.07164pt x 12.43224pt.
[1268

]
\openout4 = `Main_Course_MachineLearning_Presentation.vrb'.

(Main_Course_MachineLearning_Presentation.vrb)
File: images/logo_yhk.png Graphic file (type png)
<use images/logo_yhk.png>
Package pdftex.def Info: images/logo_yhk.png  used on input line 359.
(pdftex.def)             Requested size: 17.07164pt x 12.43224pt.
[1269

]
\openout4 = `Main_Course_MachineLearning_Presentation.vrb'.

(Main_Course_MachineLearning_Presentation.vrb)
File: images/logo_yhk.png Graphic file (type png)
<use images/logo_yhk.png>
Package pdftex.def Info: images/logo_yhk.png  used on input line 390.
(pdftex.def)             Requested size: 17.07164pt x 12.43224pt.
[1270

]
\openout4 = `Main_Course_MachineLearning_Presentation.vrb'.

(Main_Course_MachineLearning_Presentation.vrb)
File: images/logo_yhk.png Graphic file (type png)
<use images/logo_yhk.png>
Package pdftex.def Info: images/logo_yhk.png  used on input line 399.
(pdftex.def)             Requested size: 17.07164pt x 12.43224pt.
[1271

]
\openout4 = `Main_Course_MachineLearning_Presentation.vrb'.

(Main_Course_MachineLearning_Presentation.vrb)
File: images/logo_yhk.png Graphic file (type png)
<use images/logo_yhk.png>
Package pdftex.def Info: images/logo_yhk.png  used on input line 409.
(pdftex.def)             Requested size: 17.07164pt x 12.43224pt.
[1272

])) (seminar_ml_svm_nb_content.tex (ml_svm.tex
\openout4 = `Main_Course_MachineLearning_Presentation.vrb'.

(Main_Course_MachineLearning_Presentation.vrb)
File: images/logo_yhk.png Graphic file (type png)
<use images/logo_yhk.png>
Package pdftex.def Info: images/logo_yhk.png  used on input line 6.
(pdftex.def)             Requested size: 17.07164pt x 12.43224pt.
[1273

]
\openout4 = `Main_Course_MachineLearning_Presentation.vrb'.

(Main_Course_MachineLearning_Presentation.vrb)
File: images/logo_yhk.png Graphic file (type png)
<use images/logo_yhk.png>
Package pdftex.def Info: images/logo_yhk.png  used on input line 15.
(pdftex.def)             Requested size: 17.07164pt x 12.43224pt.
[1274

]
\openout4 = `Main_Course_MachineLearning_Presentation.vrb'.

(Main_Course_MachineLearning_Presentation.vrb)
File: images/logo_yhk.png Graphic file (type png)
<use images/logo_yhk.png>
Package pdftex.def Info: images/logo_yhk.png  used on input line 27.
(pdftex.def)             Requested size: 17.07164pt x 12.43224pt.
[1275

]
\openout4 = `Main_Course_MachineLearning_Presentation.vrb'.

(Main_Course_MachineLearning_Presentation.vrb)
File: images/logo_yhk.png Graphic file (type png)
<use images/logo_yhk.png>
Package pdftex.def Info: images/logo_yhk.png  used on input line 34.
(pdftex.def)             Requested size: 17.07164pt x 12.43224pt.
[1276

]
\openout4 = `Main_Course_MachineLearning_Presentation.vrb'.

(Main_Course_MachineLearning_Presentation.vrb)
File: images/logo_yhk.png Graphic file (type png)
<use images/logo_yhk.png>
Package pdftex.def Info: images/logo_yhk.png  used on input line 47.
(pdftex.def)             Requested size: 17.07164pt x 12.43224pt.
[1277

]
\openout4 = `Main_Course_MachineLearning_Presentation.vrb'.

(Main_Course_MachineLearning_Presentation.vrb
<images/hthair.png, id=10024, 336.50719pt x 213.04594pt>
File: images/hthair.png Graphic file (type png)
<use images/hthair.png>
Package pdftex.def Info: images/hthair.png  used on input line 4.
(pdftex.def)             Requested size: 245.83282pt x 155.63927pt.
)
File: images/logo_yhk.png Graphic file (type png)
<use images/logo_yhk.png>
Package pdftex.def Info: images/logo_yhk.png  used on input line 58.
(pdftex.def)             Requested size: 17.07164pt x 12.43224pt.
[1278

 <./images/hthair.png>]
\openout4 = `Main_Course_MachineLearning_Presentation.vrb'.

(Main_Course_MachineLearning_Presentation.vrb)
File: images/logo_yhk.png Graphic file (type png)
<use images/logo_yhk.png>
Package pdftex.def Info: images/logo_yhk.png  used on input line 67.
(pdftex.def)             Requested size: 17.07164pt x 12.43224pt.
[1279

]
\openout4 = `Main_Course_MachineLearning_Presentation.vrb'.

(Main_Course_MachineLearning_Presentation.vrb)
File: images/logo_yhk.png Graphic file (type png)
<use images/logo_yhk.png>
Package pdftex.def Info: images/logo_yhk.png  used on input line 75.
(pdftex.def)             Requested size: 17.07164pt x 12.43224pt.
[1280

]
\openout4 = `Main_Course_MachineLearning_Presentation.vrb'.

(Main_Course_MachineLearning_Presentation.vrb
<images/svm10.png, id=10044, 511.15968pt x 336.50719pt>
File: images/svm10.png Graphic file (type png)
<use images/svm10.png>
Package pdftex.def Info: images/svm10.png  used on input line 4.
(pdftex.def)             Requested size: 184.3758pt x 121.37868pt.
)
File: images/logo_yhk.png Graphic file (type png)
<use images/logo_yhk.png>
Package pdftex.def Info: images/logo_yhk.png  used on input line 90.
(pdftex.def)             Requested size: 17.07164pt x 12.43224pt.
[1281

 <./images/svm10.png>]
\openout4 = `Main_Course_MachineLearning_Presentation.vrb'.

(Main_Course_MachineLearning_Presentation.vrb
<images/svm11.png, id=10051, 475.02469pt x 336.50719pt>
File: images/svm11.png Graphic file (type png)
<use images/svm11.png>
Package pdftex.def Info: images/svm11.png  used on input line 4.
(pdftex.def)             Requested size: 184.3758pt x 130.61082pt.
)
File: images/logo_yhk.png Graphic file (type png)
<use images/logo_yhk.png>
Package pdftex.def Info: images/logo_yhk.png  used on input line 223.
(pdftex.def)             Requested size: 17.07164pt x 12.43224pt.
[1282

 <./images/svm11.png>]
\openout4 = `Main_Course_MachineLearning_Presentation.vrb'.

(Main_Course_MachineLearning_Presentation.vrb
<images/svm12.png, id=10058, 389.95688pt x 301.125pt>
File: images/svm12.png Graphic file (type png)
<use images/svm12.png>
Package pdftex.def Info: images/svm12.png  used on input line 4.
(pdftex.def)             Requested size: 184.3758pt x 142.3742pt.
)
File: images/logo_yhk.png Graphic file (type png)
<use images/logo_yhk.png>
Package pdftex.def Info: images/logo_yhk.png  used on input line 239.
(pdftex.def)             Requested size: 17.07164pt x 12.43224pt.
[1283

 <./images/svm12.png>]
\openout4 = `Main_Course_MachineLearning_Presentation.vrb'.

(Main_Course_MachineLearning_Presentation.vrb
<images/svm13.png, id=10065, 505.13719pt x 359.09157pt>
File: images/svm13.png Graphic file (type png)
<use images/svm13.png>
Package pdftex.def Info: images/svm13.png  used on input line 4.
(pdftex.def)             Requested size: 184.3758pt x 131.07007pt.
)
File: images/logo_yhk.png Graphic file (type png)
<use images/logo_yhk.png>
Package pdftex.def Info: images/logo_yhk.png  used on input line 251.
(pdftex.def)             Requested size: 17.07164pt x 12.43224pt.
[1284

 <./images/svm13.png>]
\openout4 = `Main_Course_MachineLearning_Presentation.vrb'.

(Main_Course_MachineLearning_Presentation.vrb
<images/svm14.png, id=10072, 500.62032pt x 341.02406pt>
File: images/svm14.png Graphic file (type png)
<use images/svm14.png>
Package pdftex.def Info: images/svm14.png  used on input line 4.
(pdftex.def)             Requested size: 184.3758pt x 125.59932pt.
)
File: images/logo_yhk.png Graphic file (type png)
<use images/logo_yhk.png>
Package pdftex.def Info: images/logo_yhk.png  used on input line 265.
(pdftex.def)             Requested size: 17.07164pt x 12.43224pt.
[1285

 <./images/svm14.png>]
\openout4 = `Main_Course_MachineLearning_Presentation.vrb'.

(Main_Course_MachineLearning_Presentation.vrb)
File: images/logo_yhk.png Graphic file (type png)
<use images/logo_yhk.png>
Package pdftex.def Info: images/logo_yhk.png  used on input line 272.
(pdftex.def)             Requested size: 17.07164pt x 12.43224pt.
[1286

]
\openout4 = `Main_Course_MachineLearning_Presentation.vrb'.

(Main_Course_MachineLearning_Presentation.vrb
<images/svm23.png, id=10086, 529.98pt x 246.9225pt>
File: images/svm23.png Graphic file (type png)
<use images/svm23.png>
Package pdftex.def Info: images/svm23.png  used on input line 3.
(pdftex.def)             Requested size: 245.83282pt x 114.53519pt.
)
File: images/logo_yhk.png Graphic file (type png)
<use images/logo_yhk.png>
Package pdftex.def Info: images/logo_yhk.png  used on input line 288.
(pdftex.def)             Requested size: 17.07164pt x 12.43224pt.
[1287

 <./images/svm23.png>]
\openout4 = `Main_Course_MachineLearning_Presentation.vrb'.

(Main_Course_MachineLearning_Presentation.vrb
<images/svm24.png, id=10093, 564.60938pt x 249.93375pt>
File: images/svm24.png Graphic file (type png)
<use images/svm24.png>
Package pdftex.def Info: images/svm24.png  used on input line 3.
(pdftex.def)             Requested size: 245.83282pt x 108.82327pt.
)
File: images/logo_yhk.png Graphic file (type png)
<use images/logo_yhk.png>
Package pdftex.def Info: images/logo_yhk.png  used on input line 306.
(pdftex.def)             Requested size: 17.07164pt x 12.43224pt.
[1288

 <./images/svm24.png>]
\openout4 = `Main_Course_MachineLearning_Presentation.vrb'.

(Main_Course_MachineLearning_Presentation.vrb
<images/svm22.png, id=10100, 591.71063pt x 244.66406pt>
File: images/svm22.png Graphic file (type png)
<use images/svm22.png>
Package pdftex.def Info: images/svm22.png  used on input line 3.
(pdftex.def)             Requested size: 245.83282pt x 101.64941pt.
)
File: images/logo_yhk.png Graphic file (type png)
<use images/logo_yhk.png>
Package pdftex.def Info: images/logo_yhk.png  used on input line 324.
(pdftex.def)             Requested size: 17.07164pt x 12.43224pt.
[1289

 <./images/svm22.png>]
\openout4 = `Main_Course_MachineLearning_Presentation.vrb'.

(Main_Course_MachineLearning_Presentation.vrb
<images/svm25.png, id=10107, 556.32843pt x 251.43938pt>
File: images/svm25.png Graphic file (type png)
<use images/svm25.png>
Package pdftex.def Info: images/svm25.png  used on input line 3.
(pdftex.def)             Requested size: 245.83282pt x 111.1094pt.
)
File: images/logo_yhk.png Graphic file (type png)
<use images/logo_yhk.png>
Package pdftex.def Info: images/logo_yhk.png  used on input line 340.
(pdftex.def)             Requested size: 17.07164pt x 12.43224pt.
[1290

 <./images/svm25.png>]
\openout4 = `Main_Course_MachineLearning_Presentation.vrb'.

(Main_Course_MachineLearning_Presentation.vrb
<images/svm26.png, id=10114, 578.91281pt x 216.05719pt>
File: images/svm26.png Graphic file (type png)
<use images/svm26.png>
Package pdftex.def Info: images/svm26.png  used on input line 3.
(pdftex.def)             Requested size: 245.83282pt x 91.7456pt.
)
File: images/logo_yhk.png Graphic file (type png)
<use images/logo_yhk.png>
Package pdftex.def Info: images/logo_yhk.png  used on input line 357.
(pdftex.def)             Requested size: 17.07164pt x 12.43224pt.
[1291

 <./images/svm26.png>]
\openout4 = `Main_Course_MachineLearning_Presentation.vrb'.

(Main_Course_MachineLearning_Presentation.vrb
<images/svm27.png, id=10122, 581.17125pt x 251.43938pt>
File: images/svm27.png Graphic file (type png)
<use images/svm27.png>
Package pdftex.def Info: images/svm27.png  used on input line 3.
(pdftex.def)             Requested size: 245.83282pt x 106.35963pt.
)
File: images/logo_yhk.png Graphic file (type png)
<use images/logo_yhk.png>
Package pdftex.def Info: images/logo_yhk.png  used on input line 373.
(pdftex.def)             Requested size: 17.07164pt x 12.43224pt.
[1292

 <./images/svm27.png>]
\openout4 = `Main_Course_MachineLearning_Presentation.vrb'.

(Main_Course_MachineLearning_Presentation.vrb
<images/svm21.png, id=10129, 563.85657pt x 208.52907pt>
File: images/svm21.png Graphic file (type png)
<use images/svm21.png>
Package pdftex.def Info: images/svm21.png  used on input line 3.
(pdftex.def)             Requested size: 245.83282pt x 90.91623pt.
)
File: images/logo_yhk.png Graphic file (type png)
<use images/logo_yhk.png>
Package pdftex.def Info: images/logo_yhk.png  used on input line 391.
(pdftex.def)             Requested size: 17.07164pt x 12.43224pt.
[1293

 <./images/svm21.png>]
\openout4 = `Main_Course_MachineLearning_Presentation.vrb'.

(Main_Course_MachineLearning_Presentation.vrb
<images/svm28.png, id=10136, 599.99156pt x 260.47313pt>
File: images/svm28.png Graphic file (type png)
<use images/svm28.png>
Package pdftex.def Info: images/svm28.png  used on input line 3.
(pdftex.def)             Requested size: 245.83282pt x 106.72313pt.
)
File: images/logo_yhk.png Graphic file (type png)
<use images/logo_yhk.png>
Package pdftex.def Info: images/logo_yhk.png  used on input line 406.
(pdftex.def)             Requested size: 17.07164pt x 12.43224pt.
[1294

 <./images/svm28.png>]
\openout4 = `Main_Course_MachineLearning_Presentation.vrb'.

(Main_Course_MachineLearning_Presentation.vrb
<images/svm29.png, id=10143, 584.1825pt x 274.77657pt>
File: images/svm29.png Graphic file (type png)
<use images/svm29.png>
Package pdftex.def Info: images/svm29.png  used on input line 3.
(pdftex.def)             Requested size: 307.28987pt x 144.54076pt.
)
File: images/logo_yhk.png Graphic file (type png)
<use images/logo_yhk.png>
Package pdftex.def Info: images/logo_yhk.png  used on input line 421.
(pdftex.def)             Requested size: 17.07164pt x 12.43224pt.
[1295

 <./images/svm29.png>]
\openout4 = `Main_Course_MachineLearning_Presentation.vrb'.

(Main_Course_MachineLearning_Presentation.vrb
<images/svm30.png, id=10150, 615.0478pt x 291.33844pt>
File: images/svm30.png Graphic file (type png)
<use images/svm30.png>
Package pdftex.def Info: images/svm30.png  used on input line 3.
(pdftex.def)             Requested size: 245.83282pt x 116.44884pt.
)
File: images/logo_yhk.png Graphic file (type png)
<use images/logo_yhk.png>
Package pdftex.def Info: images/logo_yhk.png  used on input line 436.
(pdftex.def)             Requested size: 17.07164pt x 12.43224pt.
[1296

 <./images/svm30.png>]
\openout4 = `Main_Course_MachineLearning_Presentation.vrb'.

(Main_Course_MachineLearning_Presentation.vrb
<images/svm31.png, id=10157, 631.60968pt x 125.71968pt>
File: images/svm31.png Graphic file (type png)
<use images/svm31.png>
Package pdftex.def Info: images/svm31.png  used on input line 3.
(pdftex.def)             Requested size: 245.83282pt x 48.93263pt.
)
File: images/logo_yhk.png Graphic file (type png)
<use images/logo_yhk.png>
Package pdftex.def Info: images/logo_yhk.png  used on input line 450.
(pdftex.def)             Requested size: 17.07164pt x 12.43224pt.
[1297

 <./images/svm31.png>]
\openout4 = `Main_Course_MachineLearning_Presentation.vrb'.

(Main_Course_MachineLearning_Presentation.vrb
<images/svm32.png, id=10165, 585.68813pt x 191.21437pt>
File: images/svm32.png Graphic file (type png)
<use images/svm32.png>
Package pdftex.def Info: images/svm32.png  used on input line 3.
(pdftex.def)             Requested size: 245.83282pt x 80.25987pt.
)
File: images/logo_yhk.png Graphic file (type png)
<use images/logo_yhk.png>
Package pdftex.def Info: images/logo_yhk.png  used on input line 465.
(pdftex.def)             Requested size: 17.07164pt x 12.43224pt.
[1298

 <./images/svm32.png>]
\openout4 = `Main_Course_MachineLearning_Presentation.vrb'.

(Main_Course_MachineLearning_Presentation.vrb
<images/svm33.png, id=10172, 585.68813pt x 205.5178pt>
File: images/svm33.png Graphic file (type png)
<use images/svm33.png>
Package pdftex.def Info: images/svm33.png  used on input line 3.
(pdftex.def)             Requested size: 245.83282pt x 86.26357pt.
)
File: images/logo_yhk.png Graphic file (type png)
<use images/logo_yhk.png>
Package pdftex.def Info: images/logo_yhk.png  used on input line 482.
(pdftex.def)             Requested size: 17.07164pt x 12.43224pt.
[1299

 <./images/svm33.png>]
\openout4 = `Main_Course_MachineLearning_Presentation.vrb'.

(Main_Course_MachineLearning_Presentation.vrb
<images/svm34.png, id=10179, 623.32875pt x 249.93375pt>
File: images/svm34.png Graphic file (type png)
<use images/svm34.png>
Package pdftex.def Info: images/svm34.png  used on input line 3.
(pdftex.def)             Requested size: 245.83282pt x 98.5721pt.
)
Overfull \vbox (76.25328pt too high) detected at line 507
 []

File: images/logo_yhk.png Graphic file (type png)
<use images/logo_yhk.png>
Package pdftex.def Info: images/logo_yhk.png  used on input line 507.
(pdftex.def)             Requested size: 17.07164pt x 12.43224pt.
[1300

 <./images/svm34.png>]
\openout4 = `Main_Course_MachineLearning_Presentation.vrb'.

(Main_Course_MachineLearning_Presentation.vrb)
File: images/logo_yhk.png Graphic file (type png)
<use images/logo_yhk.png>
Package pdftex.def Info: images/logo_yhk.png  used on input line 515.
(pdftex.def)             Requested size: 17.07164pt x 12.43224pt.
[1301

]
\openout4 = `Main_Course_MachineLearning_Presentation.vrb'.

(Main_Course_MachineLearning_Presentation.vrb
<images/svm15.png, id=10201, 341.77687pt x 275.52937pt>
File: images/svm15.png Graphic file (type png)
<use images/svm15.png>
Package pdftex.def Info: images/svm15.png  used on input line 4.
(pdftex.def)             Requested size: 184.3758pt x 148.64069pt.
)
File: images/logo_yhk.png Graphic file (type png)
<use images/logo_yhk.png>
Package pdftex.def Info: images/logo_yhk.png  used on input line 530.
(pdftex.def)             Requested size: 17.07164pt x 12.43224pt.
[1302

 <./images/svm15.png>]
\openout4 = `Main_Course_MachineLearning_Presentation.vrb'.

(Main_Course_MachineLearning_Presentation.vrb
<images/svm16.png, id=10208, 514.17094pt x 275.52937pt>
File: images/svm16.png Graphic file (type png)
<use images/svm16.png>
Package pdftex.def Info: images/svm16.png  used on input line 4.
(pdftex.def)             Requested size: 184.3758pt x 98.8037pt.
)
File: images/logo_yhk.png Graphic file (type png)
<use images/logo_yhk.png>
Package pdftex.def Info: images/logo_yhk.png  used on input line 546.
(pdftex.def)             Requested size: 17.07164pt x 12.43224pt.
[1303

 <./images/svm16.png>]
\openout4 = `Main_Course_MachineLearning_Presentation.vrb'.

(Main_Course_MachineLearning_Presentation.vrb)
File: images/logo_yhk.png Graphic file (type png)
<use images/logo_yhk.png>
Package pdftex.def Info: images/logo_yhk.png  used on input line 566.
(pdftex.def)             Requested size: 17.07164pt x 12.43224pt.
[1304

]
\openout4 = `Main_Course_MachineLearning_Presentation.vrb'.

(Main_Course_MachineLearning_Presentation.vrb
<images/svm18.png, id=10222, 416.30531pt x 300.3722pt>
File: images/svm18.png Graphic file (type png)
<use images/svm18.png>
Package pdftex.def Info: images/svm18.png  used on input line 4.
(pdftex.def)             Requested size: 184.3758pt x 133.03041pt.
)
File: images/logo_yhk.png Graphic file (type png)
<use images/logo_yhk.png>
Package pdftex.def Info: images/logo_yhk.png  used on input line 580.
(pdftex.def)             Requested size: 17.07164pt x 12.43224pt.
[1305

 <./images/svm18.png>]
\openout4 = `Main_Course_MachineLearning_Presentation.vrb'.

(Main_Course_MachineLearning_Presentation.vrb
<images/svm19.png, id=10229, 410.2828pt x 318.43968pt>
File: images/svm19.png Graphic file (type png)
<use images/svm19.png>
Package pdftex.def Info: images/svm19.png  used on input line 4.
(pdftex.def)             Requested size: 153.64493pt x 119.24937pt.
)
File: images/logo_yhk.png Graphic file (type png)
<use images/logo_yhk.png>
Package pdftex.def Info: images/logo_yhk.png  used on input line 595.
(pdftex.def)             Requested size: 17.07164pt x 12.43224pt.
[1306

 <./images/svm19.png>]
\openout4 = `Main_Course_MachineLearning_Presentation.vrb'.

(Main_Course_MachineLearning_Presentation.vrb)
File: images/logo_yhk.png Graphic file (type png)
<use images/logo_yhk.png>
Package pdftex.def Info: images/logo_yhk.png  used on input line 609.
(pdftex.def)             Requested size: 17.07164pt x 12.43224pt.
[1307

]
\openout4 = `Main_Course_MachineLearning_Presentation.vrb'.

(Main_Course_MachineLearning_Presentation.vrb
<images/svm20.png, id=10242, 490.08093pt x 356.0803pt>
File: images/svm20.png Graphic file (type png)
<use images/svm20.png>
Package pdftex.def Info: images/svm20.png  used on input line 3.
(pdftex.def)             Requested size: 245.83282pt x 178.61565pt.
)
File: images/logo_yhk.png Graphic file (type png)
<use images/logo_yhk.png>
Package pdftex.def Info: images/logo_yhk.png  used on input line 619.
(pdftex.def)             Requested size: 17.07164pt x 12.43224pt.
[1308

 <./images/svm20.png>]
\openout4 = `Main_Course_MachineLearning_Presentation.vrb'.

(Main_Course_MachineLearning_Presentation.vrb)
File: images/logo_yhk.png Graphic file (type png)
<use images/logo_yhk.png>
Package pdftex.def Info: images/logo_yhk.png  used on input line 627.
(pdftex.def)             Requested size: 17.07164pt x 12.43224pt.
[1309

]
\openout4 = `Main_Course_MachineLearning_Presentation.vrb'.

(Main_Course_MachineLearning_Presentation.vrb
<images/newptsvm.png, id=10256, 1081.79156pt x 478.03593pt>
File: images/newptsvm.png Graphic file (type png)
<use images/newptsvm.png>
Package pdftex.def Info: images/newptsvm.png  used on input line 3.
(pdftex.def)             Requested size: 307.28987pt x 135.78941pt.
)
File: images/logo_yhk.png Graphic file (type png)
<use images/logo_yhk.png>
Package pdftex.def Info: images/logo_yhk.png  used on input line 700.
(pdftex.def)             Requested size: 17.07164pt x 12.43224pt.
[1310

 <./images/newptsvm.png>]
\openout4 = `Main_Course_MachineLearning_Presentation.vrb'.

(Main_Course_MachineLearning_Presentation.vrb
<images/csvm.png, id=10264, 1127.71312pt x 575.90157pt>
File: images/csvm.png Graphic file (type png)
<use images/csvm.png>
Package pdftex.def Info: images/csvm.png  used on input line 12.
(pdftex.def)             Requested size: 245.83282pt x 125.53877pt.
)
File: images/logo_yhk.png Graphic file (type png)
<use images/logo_yhk.png>
Package pdftex.def Info: images/logo_yhk.png  used on input line 719.
(pdftex.def)             Requested size: 17.07164pt x 12.43224pt.
[1311

 <./images/csvm.png>]
\openout4 = `Main_Course_MachineLearning_Presentation.vrb'.

(Main_Course_MachineLearning_Presentation.vrb
<images/nlsvm.png, id=10272, 565.36218pt x 289.83281pt>
File: images/nlsvm.png Graphic file (type png)
<use images/nlsvm.png>
Package pdftex.def Info: images/nlsvm.png  used on input line 4.
(pdftex.def)             Requested size: 245.83282pt x 126.02318pt.
)
File: images/logo_yhk.png Graphic file (type png)
<use images/logo_yhk.png>
Package pdftex.def Info: images/logo_yhk.png  used on input line 731.
(pdftex.def)             Requested size: 17.07164pt x 12.43224pt.
[1312

 <./images/nlsvm.png>]
\openout4 = `Main_Course_MachineLearning_Presentation.vrb'.

(Main_Course_MachineLearning_Presentation.vrb
<images/svm38.png, id=10280, 459.7175pt x 272.01625pt>
File: images/svm38.png Graphic file (type png)
<use images/svm38.png>
Package pdftex.def Info: images/svm38.png  used on input line 8.
(pdftex.def)             Requested size: 153.64493pt x 90.91121pt.
)
File: images/logo_yhk.png Graphic file (type png)
<use images/logo_yhk.png>
Package pdftex.def Info: images/logo_yhk.png  used on input line 748.
(pdftex.def)             Requested size: 17.07164pt x 12.43224pt.
[1313

 <./images/svm38.png>]
\openout4 = `Main_Course_MachineLearning_Presentation.vrb'.

(Main_Course_MachineLearning_Presentation.vrb
<images/svm39.png, id=10288, 364.36125pt x 248.93pt>
File: images/svm39.png Graphic file (type png)
<use images/svm39.png>
Package pdftex.def Info: images/svm39.png  used on input line 6.
(pdftex.def)             Requested size: 153.64493pt x 104.9677pt.
)
File: images/logo_yhk.png Graphic file (type png)
<use images/logo_yhk.png>
Package pdftex.def Info: images/logo_yhk.png  used on input line 764.
(pdftex.def)             Requested size: 17.07164pt x 12.43224pt.
[1314

 <./images/svm39.png>]
\openout4 = `Main_Course_MachineLearning_Presentation.vrb'.

(Main_Course_MachineLearning_Presentation.vrb
<images/svm40.png, id=10296, 506.89375pt x 317.185pt>
File: images/svm40.png Graphic file (type png)
<use images/svm40.png>
Package pdftex.def Info: images/svm40.png  used on input line 6.
(pdftex.def)             Requested size: 184.3758pt x 115.36742pt.
)
File: images/logo_yhk.png Graphic file (type png)
<use images/logo_yhk.png>
Package pdftex.def Info: images/logo_yhk.png  used on input line 777.
(pdftex.def)             Requested size: 17.07164pt x 12.43224pt.
[1315

 <./images/svm40.png>]
\openout4 = `Main_Course_MachineLearning_Presentation.vrb'.

(Main_Course_MachineLearning_Presentation.vrb
<images/svm41.png, id=10305, 556.0775pt x 486.81876pt>
File: images/svm41.png Graphic file (type png)
<use images/svm41.png>
Package pdftex.def Info: images/svm41.png  used on input line 5.
(pdftex.def)             Requested size: 184.3758pt x 161.41579pt.
)
File: images/logo_yhk.png Graphic file (type png)
<use images/logo_yhk.png>
Package pdftex.def Info: images/logo_yhk.png  used on input line 789.
(pdftex.def)             Requested size: 17.07164pt x 12.43224pt.
[1316

 <./images/svm41.png>]
\openout4 = `Main_Course_MachineLearning_Presentation.vrb'.

(Main_Course_MachineLearning_Presentation.vrb
<images/svm42.png, id=10313, 792.9625pt x 255.95625pt>
File: images/svm42.png Graphic file (type png)
<use images/svm42.png>
Package pdftex.def Info: images/svm42.png  used on input line 10.
(pdftex.def)             Requested size: 245.83282pt x 79.34952pt.
)
File: images/logo_yhk.png Graphic file (type png)
<use images/logo_yhk.png>
Package pdftex.def Info: images/logo_yhk.png  used on input line 806.
(pdftex.def)             Requested size: 17.07164pt x 12.43224pt.
[1317

 <./images/svm42.png>]
\openout4 = `Main_Course_MachineLearning_Presentation.vrb'.

(Main_Course_MachineLearning_Presentation.vrb
<images/svm43.png, id=10321, 580.1675pt x 147.55125pt>
File: images/svm43.png Graphic file (type png)
<use images/svm43.png>
Package pdftex.def Info: images/svm43.png  used on input line 8.
(pdftex.def)             Requested size: 173.27576pt x 44.06758pt.
<images/svm44.png, id=10322, 391.4625pt x 85.31876pt>
File: images/svm44.png Graphic file (type png)
<use images/svm44.png>
Package pdftex.def Info: images/svm44.png  used on input line 15.
(pdftex.def)             Requested size: 173.27576pt x 37.76558pt.
)
File: images/logo_yhk.png Graphic file (type png)
<use images/logo_yhk.png>
Package pdftex.def Info: images/logo_yhk.png  used on input line 835.
(pdftex.def)             Requested size: 17.07164pt x 12.43224pt.
[1318

 <./images/svm43.png> <./images/svm44.png>]
\openout4 = `Main_Course_MachineLearning_Presentation.vrb'.

(Main_Course_MachineLearning_Presentation.vrb
<images/svm45.png, id=10331, 293.095pt x 98.3675pt>
File: images/svm45.png Graphic file (type png)
<use images/svm45.png>
Package pdftex.def Info: images/svm45.png  used on input line 7.
(pdftex.def)             Requested size: 115.51422pt x 38.76842pt.
)
File: images/logo_yhk.png Graphic file (type png)
<use images/logo_yhk.png>
Package pdftex.def Info: images/logo_yhk.png  used on input line 863.
(pdftex.def)             Requested size: 17.07164pt x 12.43224pt.
[1319

 <./images/svm45.png>]
\openout4 = `Main_Course_MachineLearning_Presentation.vrb'.

(Main_Course_MachineLearning_Presentation.vrb)
File: images/logo_yhk.png Graphic file (type png)
<use images/logo_yhk.png>
Package pdftex.def Info: images/logo_yhk.png  used on input line 971.
(pdftex.def)             Requested size: 17.07164pt x 12.43224pt.
[1320

]
\openout4 = `Main_Course_MachineLearning_Presentation.vrb'.

(Main_Course_MachineLearning_Presentation.vrb)
File: images/logo_yhk.png Graphic file (type png)
<use images/logo_yhk.png>
Package pdftex.def Info: images/logo_yhk.png  used on input line 981.
(pdftex.def)             Requested size: 17.07164pt x 12.43224pt.
[1321

]
\openout4 = `Main_Course_MachineLearning_Presentation.vrb'.

(Main_Course_MachineLearning_Presentation.vrb)
File: images/logo_yhk.png Graphic file (type png)
<use images/logo_yhk.png>
Package pdftex.def Info: images/logo_yhk.png  used on input line 999.
(pdftex.def)             Requested size: 17.07164pt x 12.43224pt.
[1322

]
\openout4 = `Main_Course_MachineLearning_Presentation.vrb'.

(Main_Course_MachineLearning_Presentation.vrb)
File: images/logo_yhk.png Graphic file (type png)
<use images/logo_yhk.png>
Package pdftex.def Info: images/logo_yhk.png  used on input line 1013.
(pdftex.def)             Requested size: 17.07164pt x 12.43224pt.
[1323

]
\openout4 = `Main_Course_MachineLearning_Presentation.vrb'.

(Main_Course_MachineLearning_Presentation.vrb)
File: images/logo_yhk.png Graphic file (type png)
<use images/logo_yhk.png>
Package pdftex.def Info: images/logo_yhk.png  used on input line 1184.
(pdftex.def)             Requested size: 17.07164pt x 12.43224pt.
[1324

]
\openout4 = `Main_Course_MachineLearning_Presentation.vrb'.

(Main_Course_MachineLearning_Presentation.vrb)
File: images/logo_yhk.png Graphic file (type png)
<use images/logo_yhk.png>
Package pdftex.def Info: images/logo_yhk.png  used on input line 1195.
(pdftex.def)             Requested size: 17.07164pt x 12.43224pt.
[1325

]
\openout4 = `Main_Course_MachineLearning_Presentation.vrb'.

(Main_Course_MachineLearning_Presentation.vrb)
File: images/logo_yhk.png Graphic file (type png)
<use images/logo_yhk.png>
Package pdftex.def Info: images/logo_yhk.png  used on input line 1208.
(pdftex.def)             Requested size: 17.07164pt x 12.43224pt.
[1326

]) (ml_svm_sklearn.tex
\openout4 = `Main_Course_MachineLearning_Presentation.vrb'.

(Main_Course_MachineLearning_Presentation.vrb)
File: images/logo_yhk.png Graphic file (type png)
<use images/logo_yhk.png>
Package pdftex.def Info: images/logo_yhk.png  used on input line 6.
(pdftex.def)             Requested size: 17.07164pt x 12.43224pt.
[1327

]
\openout4 = `Main_Course_MachineLearning_Presentation.vrb'.

(Main_Course_MachineLearning_Presentation.vrb)
File: images/logo_yhk.png Graphic file (type png)
<use images/logo_yhk.png>
Package pdftex.def Info: images/logo_yhk.png  used on input line 23.
(pdftex.def)             Requested size: 17.07164pt x 12.43224pt.
[1328

]
\openout4 = `Main_Course_MachineLearning_Presentation.vrb'.

(Main_Course_MachineLearning_Presentation.vrb)
File: images/logo_yhk.png Graphic file (type png)
<use images/logo_yhk.png>
Package pdftex.def Info: images/logo_yhk.png  used on input line 51.
(pdftex.def)             Requested size: 17.07164pt x 12.43224pt.
[1329

]
\openout4 = `Main_Course_MachineLearning_Presentation.vrb'.

(Main_Course_MachineLearning_Presentation.vrb)
File: images/logo_yhk.png Graphic file (type png)
<use images/logo_yhk.png>
Package pdftex.def Info: images/logo_yhk.png  used on input line 60.
(pdftex.def)             Requested size: 17.07164pt x 12.43224pt.
[1330

]
\openout4 = `Main_Course_MachineLearning_Presentation.vrb'.

(Main_Course_MachineLearning_Presentation.vrb)
File: images/logo_yhk.png Graphic file (type png)
<use images/logo_yhk.png>
Package pdftex.def Info: images/logo_yhk.png  used on input line 82.
(pdftex.def)             Requested size: 17.07164pt x 12.43224pt.
[1331

]
\openout4 = `Main_Course_MachineLearning_Presentation.vrb'.

(Main_Course_MachineLearning_Presentation.vrb
<images/svm1.png, id=10431, 484.81125pt x 342.27875pt>
File: images/svm1.png Graphic file (type png)
<use images/svm1.png>
Package pdftex.def Info: images/svm1.png  used on input line 3.
(pdftex.def)             Requested size: 245.83282pt x 173.56229pt.
)
File: images/logo_yhk.png Graphic file (type png)
<use images/logo_yhk.png>
Package pdftex.def Info: images/logo_yhk.png  used on input line 89.
(pdftex.def)             Requested size: 17.07164pt x 12.43224pt.
[1332

 <./images/svm1.png>]
\openout4 = `Main_Course_MachineLearning_Presentation.vrb'.

(Main_Course_MachineLearning_Presentation.vrb)
File: images/logo_yhk.png Graphic file (type png)
<use images/logo_yhk.png>
Package pdftex.def Info: images/logo_yhk.png  used on input line 106.
(pdftex.def)             Requested size: 17.07164pt x 12.43224pt.
[1333

]
\openout4 = `Main_Course_MachineLearning_Presentation.vrb'.

(Main_Course_MachineLearning_Presentation.vrb
<images/svm2.png, id=10446, 477.785pt x 338.26375pt>
File: images/svm2.png Graphic file (type png)
<use images/svm2.png>
Package pdftex.def Info: images/svm2.png  used on input line 4.
(pdftex.def)             Requested size: 92.1879pt x 65.26694pt.
)
File: images/logo_yhk.png Graphic file (type png)
<use images/logo_yhk.png>
Package pdftex.def Info: images/logo_yhk.png  used on input line 134.
(pdftex.def)             Requested size: 17.07164pt x 12.43224pt.
[1334

 <./images/svm2.png>]
\openout4 = `Main_Course_MachineLearning_Presentation.vrb'.

(Main_Course_MachineLearning_Presentation.vrb
<images/svm3.png, id=10454, 487.8225pt x 338.26375pt>
File: images/svm3.png Graphic file (type png)
<use images/svm3.png>
Package pdftex.def Info: images/svm3.png  used on input line 13.
(pdftex.def)             Requested size: 92.1879pt x 63.91978pt.
)
File: images/logo_yhk.png Graphic file (type png)
<use images/logo_yhk.png>
Package pdftex.def Info: images/logo_yhk.png  used on input line 162.
(pdftex.def)             Requested size: 17.07164pt x 12.43224pt.
[1335

 <./images/svm3.png>]
\openout4 = `Main_Course_MachineLearning_Presentation.vrb'.

(Main_Course_MachineLearning_Presentation.vrb
<images/svm4.png, id=10462, 461.725pt x 322.20375pt>
File: images/svm4.png Graphic file (type png)
<use images/svm4.png>
Package pdftex.def Info: images/svm4.png  used on input line 5.
(pdftex.def)             Requested size: 107.55333pt x 75.05417pt.
)
File: images/logo_yhk.png Graphic file (type png)
<use images/logo_yhk.png>
Package pdftex.def Info: images/logo_yhk.png  used on input line 185.
(pdftex.def)             Requested size: 17.07164pt x 12.43224pt.
[1336

 <./images/svm4.png>]
\openout4 = `Main_Course_MachineLearning_Presentation.vrb'.

(Main_Course_MachineLearning_Presentation.vrb
<images/svm5.png, id=10470, 487.8225pt x 338.26375pt>
File: images/svm5.png Graphic file (type png)
<use images/svm5.png>
Package pdftex.def Info: images/svm5.png  used on input line 4.
(pdftex.def)             Requested size: 153.64493pt x 106.53815pt.
)
File: images/logo_yhk.png Graphic file (type png)
<use images/logo_yhk.png>
Package pdftex.def Info: images/logo_yhk.png  used on input line 205.
(pdftex.def)             Requested size: 17.07164pt x 12.43224pt.
[1337

 <./images/svm5.png>]
\openout4 = `Main_Course_MachineLearning_Presentation.vrb'.

(Main_Course_MachineLearning_Presentation.vrb)
File: images/logo_yhk.png Graphic file (type png)
<use images/logo_yhk.png>
Package pdftex.def Info: images/logo_yhk.png  used on input line 223.
(pdftex.def)             Requested size: 17.07164pt x 12.43224pt.
[1338

]
\openout4 = `Main_Course_MachineLearning_Presentation.vrb'.

(Main_Course_MachineLearning_Presentation.vrb
<images/svmex1.png, id=10484, 359.84438pt x 263.48438pt>
File: images/svmex1.png Graphic file (type png)
<use images/svmex1.png>
Package pdftex.def Info: images/svmex1.png  used on input line 8.
(pdftex.def)             Requested size: 184.3758pt x 135.00645pt.
)
File: images/logo_yhk.png Graphic file (type png)
<use images/logo_yhk.png>
Package pdftex.def Info: images/logo_yhk.png  used on input line 236.
(pdftex.def)             Requested size: 17.07164pt x 12.43224pt.
[1339

 <./images/svmex1.png>]
\openout4 = `Main_Course_MachineLearning_Presentation.vrb'.

(Main_Course_MachineLearning_Presentation.vrb
<images/svmex2.png, id=10492, 369.63094pt x 261.22594pt>
File: images/svmex2.png Graphic file (type png)
<use images/svmex2.png>
Package pdftex.def Info: images/svmex2.png  used on input line 8.
(pdftex.def)             Requested size: 184.3758pt x 130.30173pt.
)
File: images/logo_yhk.png Graphic file (type png)
<use images/logo_yhk.png>
Package pdftex.def Info: images/logo_yhk.png  used on input line 248.
(pdftex.def)             Requested size: 17.07164pt x 12.43224pt.
[1340

 <./images/svmex2.png>]
\openout4 = `Main_Course_MachineLearning_Presentation.vrb'.

(Main_Course_MachineLearning_Presentation.vrb
<images/svmex3.png, id=10499, 371.88937pt x 267.24844pt>
File: images/svmex3.png Graphic file (type png)
<use images/svmex3.png>
Package pdftex.def Info: images/svmex3.png  used on input line 4.
(pdftex.def)             Requested size: 184.3758pt x 132.4984pt.
)
File: images/logo_yhk.png Graphic file (type png)
<use images/logo_yhk.png>
Package pdftex.def Info: images/logo_yhk.png  used on input line 256.
(pdftex.def)             Requested size: 17.07164pt x 12.43224pt.
[1341

 <./images/svmex3.png>]
\openout4 = `Main_Course_MachineLearning_Presentation.vrb'.

(Main_Course_MachineLearning_Presentation.vrb)
File: images/logo_yhk.png Graphic file (type png)
<use images/logo_yhk.png>
Package pdftex.def Info: images/logo_yhk.png  used on input line 276.
(pdftex.def)             Requested size: 17.07164pt x 12.43224pt.
[1342

]
\openout4 = `Main_Course_MachineLearning_Presentation.vrb'.

(Main_Course_MachineLearning_Presentation.vrb
<images/svmex6.png, id=10512, 708.6475pt x 482.80376pt>
File: images/svmex6.png Graphic file (type png)
<use images/svmex6.png>
Package pdftex.def Info: images/svmex6.png  used on input line 5.
(pdftex.def)             Requested size: 122.91406pt x 83.74048pt.
)
File: images/logo_yhk.png Graphic file (type png)
<use images/logo_yhk.png>
Package pdftex.def Info: images/logo_yhk.png  used on input line 294.
(pdftex.def)             Requested size: 17.07164pt x 12.43224pt.
[1343

 <./images/svmex6.png>]
\openout4 = `Main_Course_MachineLearning_Presentation.vrb'.

(Main_Course_MachineLearning_Presentation.vrb)
File: images/logo_yhk.png Graphic file (type png)
<use images/logo_yhk.png>
Package pdftex.def Info: images/logo_yhk.png  used on input line 304.
(pdftex.def)             Requested size: 17.07164pt x 12.43224pt.
[1344

]
\openout4 = `Main_Course_MachineLearning_Presentation.vrb'.

(Main_Course_MachineLearning_Presentation.vrb)
File: images/logo_yhk.png Graphic file (type png)
<use images/logo_yhk.png>
Package pdftex.def Info: images/logo_yhk.png  used on input line 320.
(pdftex.def)             Requested size: 17.07164pt x 12.43224pt.
[1345

]
\openout4 = `Main_Course_MachineLearning_Presentation.vrb'.

(Main_Course_MachineLearning_Presentation.vrb)
File: images/logo_yhk.png Graphic file (type png)
<use images/logo_yhk.png>
Package pdftex.def Info: images/logo_yhk.png  used on input line 333.
(pdftex.def)             Requested size: 17.07164pt x 12.43224pt.
[1346

]
\openout4 = `Main_Course_MachineLearning_Presentation.vrb'.

(Main_Course_MachineLearning_Presentation.vrb)
File: images/logo_yhk.png Graphic file (type png)
<use images/logo_yhk.png>
Package pdftex.def Info: images/logo_yhk.png  used on input line 344.
(pdftex.def)             Requested size: 17.07164pt x 12.43224pt.
[1347

]
\openout4 = `Main_Course_MachineLearning_Presentation.vrb'.

(Main_Course_MachineLearning_Presentation.vrb
<images/svmex7.png, id=10545, 708.6475pt x 490.83376pt>
File: images/svmex7.png Graphic file (type png)
<use images/svmex7.png>
Package pdftex.def Info: images/svmex7.png  used on input line 4.
(pdftex.def)             Requested size: 122.91406pt x 85.13326pt.
)
File: images/logo_yhk.png Graphic file (type png)
<use images/logo_yhk.png>
Package pdftex.def Info: images/logo_yhk.png  used on input line 362.
(pdftex.def)             Requested size: 17.07164pt x 12.43224pt.
[1348

 <./images/svmex7.png>]
\openout4 = `Main_Course_MachineLearning_Presentation.vrb'.

(Main_Course_MachineLearning_Presentation.vrb
<images/svmex8.png, id=10553, 708.6475pt x 490.83376pt>
File: images/svmex8.png Graphic file (type png)
<use images/svmex8.png>
Package pdftex.def Info: images/svmex8.png  used on input line 4.
(pdftex.def)             Requested size: 122.91406pt x 85.13326pt.
)
File: images/logo_yhk.png Graphic file (type png)
<use images/logo_yhk.png>
Package pdftex.def Info: images/logo_yhk.png  used on input line 381.
(pdftex.def)             Requested size: 17.07164pt x 12.43224pt.
[1349

 <./images/svmex8.png>]
\openout4 = `Main_Course_MachineLearning_Presentation.vrb'.

(Main_Course_MachineLearning_Presentation.vrb
<images/svmex4.png, id=10561, 352.31625pt x 258.9675pt>
File: images/svmex4.png Graphic file (type png)
<use images/svmex4.png>
Package pdftex.def Info: images/svmex4.png  used on input line 4.
(pdftex.def)             Requested size: 184.3758pt x 135.52133pt.
)
File: images/logo_yhk.png Graphic file (type png)
<use images/logo_yhk.png>
Package pdftex.def Info: images/logo_yhk.png  used on input line 389.
(pdftex.def)             Requested size: 17.07164pt x 12.43224pt.
[1350

 <./images/svmex4.png>]
\openout4 = `Main_Course_MachineLearning_Presentation.vrb'.

(Main_Course_MachineLearning_Presentation.vrb
<images/svmex5.png, id=10568, 354.57469pt x 263.48438pt>
File: images/svmex5.png Graphic file (type png)
<use images/svmex5.png>
Package pdftex.def Info: images/svmex5.png  used on input line 4.
(pdftex.def)             Requested size: 184.3758pt x 137.01265pt.
)
File: images/logo_yhk.png Graphic file (type png)
<use images/logo_yhk.png>
Package pdftex.def Info: images/logo_yhk.png  used on input line 397.
(pdftex.def)             Requested size: 17.07164pt x 12.43224pt.
[1351

 <./images/svmex5.png>]
\openout4 = `Main_Course_MachineLearning_Presentation.vrb'.

(Main_Course_MachineLearning_Presentation.vrb)
File: images/logo_yhk.png Graphic file (type png)
<use images/logo_yhk.png>
Package pdftex.def Info: images/logo_yhk.png  used on input line 428.
(pdftex.def)             Requested size: 17.07164pt x 12.43224pt.
[1352

]
\openout4 = `Main_Course_MachineLearning_Presentation.vrb'.

(Main_Course_MachineLearning_Presentation.vrb)
File: images/logo_yhk.png Graphic file (type png)
<use images/logo_yhk.png>
Package pdftex.def Info: images/logo_yhk.png  used on input line 435.
(pdftex.def)             Requested size: 17.07164pt x 12.43224pt.
[1353

]
\openout4 = `Main_Course_MachineLearning_Presentation.vrb'.

(Main_Course_MachineLearning_Presentation.vrb)
File: images/logo_yhk.png Graphic file (type png)
<use images/logo_yhk.png>
Package pdftex.def Info: images/logo_yhk.png  used on input line 449.
(pdftex.def)             Requested size: 17.07164pt x 12.43224pt.
[1354

]
\openout4 = `Main_Course_MachineLearning_Presentation.vrb'.

(Main_Course_MachineLearning_Presentation.vrb
<images/svmex9.png, id=10594, 712.6625pt x 482.80376pt>
File: images/svmex9.png Graphic file (type png)
<use images/svmex9.png>
Package pdftex.def Info: images/svmex9.png  used on input line 5.
(pdftex.def)             Requested size: 184.3758pt x 124.90718pt.
)
File: images/logo_yhk.png Graphic file (type png)
<use images/logo_yhk.png>
Package pdftex.def Info: images/logo_yhk.png  used on input line 467.
(pdftex.def)             Requested size: 17.07164pt x 12.43224pt.
[1355

 <./images/svmex9.png>]
\openout4 = `Main_Course_MachineLearning_Presentation.vrb'.

(Main_Course_MachineLearning_Presentation.vrb)
File: images/logo_yhk.png Graphic file (type png)
<use images/logo_yhk.png>
Package pdftex.def Info: images/logo_yhk.png  used on input line 481.
(pdftex.def)             Requested size: 17.07164pt x 12.43224pt.
[1356

]) (ml_naivebayes.tex
\openout4 = `Main_Course_MachineLearning_Presentation.vrb'.

(Main_Course_MachineLearning_Presentation.vrb)
File: images/logo_yhk.png Graphic file (type png)
<use images/logo_yhk.png>
Package pdftex.def Info: images/logo_yhk.png  used on input line 6.
(pdftex.def)             Requested size: 17.07164pt x 12.43224pt.
[1357

]
\openout4 = `Main_Course_MachineLearning_Presentation.vrb'.

(Main_Course_MachineLearning_Presentation.vrb)
File: images/logo_yhk.png Graphic file (type png)
<use images/logo_yhk.png>
Package pdftex.def Info: images/logo_yhk.png  used on input line 18.
(pdftex.def)             Requested size: 17.07164pt x 12.43224pt.
[1358

]
\openout4 = `Main_Course_MachineLearning_Presentation.vrb'.

(Main_Course_MachineLearning_Presentation.vrb)
File: images/logo_yhk.png Graphic file (type png)
<use images/logo_yhk.png>
Package pdftex.def Info: images/logo_yhk.png  used on input line 55.
(pdftex.def)             Requested size: 17.07164pt x 12.43224pt.
[1359

]
\openout4 = `Main_Course_MachineLearning_Presentation.vrb'.

(Main_Course_MachineLearning_Presentation.vrb)
File: images/logo_yhk.png Graphic file (type png)
<use images/logo_yhk.png>
Package pdftex.def Info: images/logo_yhk.png  used on input line 70.
(pdftex.def)             Requested size: 17.07164pt x 12.43224pt.
[1360

]
\openout4 = `Main_Course_MachineLearning_Presentation.vrb'.

(Main_Course_MachineLearning_Presentation.vrb
<images/nbeqs.png, id=10634, 796.47563pt x 439.6425pt>
File: images/nbeqs.png Graphic file (type png)
<use images/nbeqs.png>
Package pdftex.def Info: images/nbeqs.png  used on input line 4.
(pdftex.def)             Requested size: 245.83282pt x 135.6907pt.
)
File: images/logo_yhk.png Graphic file (type png)
<use images/logo_yhk.png>
Package pdftex.def Info: images/logo_yhk.png  used on input line 83.
(pdftex.def)             Requested size: 17.07164pt x 12.43224pt.
[1361

 <./images/nbeqs.png>]
\openout4 = `Main_Course_MachineLearning_Presentation.vrb'.

(Main_Course_MachineLearning_Presentation.vrb)
File: images/logo_yhk.png Graphic file (type png)
<use images/logo_yhk.png>
Package pdftex.def Info: images/logo_yhk.png  used on input line 96.
(pdftex.def)             Requested size: 17.07164pt x 12.43224pt.
[1362

]
\openout4 = `Main_Course_MachineLearning_Presentation.vrb'.

(Main_Course_MachineLearning_Presentation.vrb)
File: images/logo_yhk.png Graphic file (type png)
<use images/logo_yhk.png>
Package pdftex.def Info: images/logo_yhk.png  used on input line 110.
(pdftex.def)             Requested size: 17.07164pt x 12.43224pt.
[1363

]
\openout4 = `Main_Course_MachineLearning_Presentation.vrb'.

(Main_Course_MachineLearning_Presentation.vrb
<images/nb_maths_mba.jpg, id=10655, 755.82375pt x 388.45125pt>
File: images/nb_maths_mba.jpg Graphic file (type jpg)
<use images/nb_maths_mba.jpg>
Package pdftex.def Info: images/nb_maths_mba.jpg  used on input line 7.
(pdftex.def)             Requested size: 245.83282pt x 126.34592pt.
)
File: images/logo_yhk.png Graphic file (type png)
<use images/logo_yhk.png>
Package pdftex.def Info: images/logo_yhk.png  used on input line 125.
(pdftex.def)             Requested size: 17.07164pt x 12.43224pt.
[1364

 <./images/nb_maths_mba.jpg>]
\openout4 = `Main_Course_MachineLearning_Presentation.vrb'.

(Main_Course_MachineLearning_Presentation.vrb)
File: images/logo_yhk.png Graphic file (type png)
<use images/logo_yhk.png>
Package pdftex.def Info: images/logo_yhk.png  used on input line 138.
(pdftex.def)             Requested size: 17.07164pt x 12.43224pt.
[1365

]
\openout4 = `Main_Course_MachineLearning_Presentation.vrb'.

(Main_Course_MachineLearning_Presentation.vrb)
File: images/logo_yhk.png Graphic file (type png)
<use images/logo_yhk.png>
Package pdftex.def Info: images/logo_yhk.png  used on input line 150.
(pdftex.def)             Requested size: 17.07164pt x 12.43224pt.
[1366

]
\openout4 = `Main_Course_MachineLearning_Presentation.vrb'.

(Main_Course_MachineLearning_Presentation.vrb)
File: images/logo_yhk.png Graphic file (type png)
<use images/logo_yhk.png>
Package pdftex.def Info: images/logo_yhk.png  used on input line 163.
(pdftex.def)             Requested size: 17.07164pt x 12.43224pt.
[1367

]
\openout4 = `Main_Course_MachineLearning_Presentation.vrb'.

(Main_Course_MachineLearning_Presentation.vrb)
File: images/logo_yhk.png Graphic file (type png)
<use images/logo_yhk.png>
Package pdftex.def Info: images/logo_yhk.png  used on input line 175.
(pdftex.def)             Requested size: 17.07164pt x 12.43224pt.
[1368

]
\openout4 = `Main_Course_MachineLearning_Presentation.vrb'.

(Main_Course_MachineLearning_Presentation.vrb)
File: images/logo_yhk.png Graphic file (type png)
<use images/logo_yhk.png>
Package pdftex.def Info: images/logo_yhk.png  used on input line 189.
(pdftex.def)             Requested size: 17.07164pt x 12.43224pt.
[1369

]
\openout4 = `Main_Course_MachineLearning_Presentation.vrb'.

(Main_Course_MachineLearning_Presentation.vrb)
File: images/logo_yhk.png Graphic file (type png)
<use images/logo_yhk.png>
Package pdftex.def Info: images/logo_yhk.png  used on input line 205.
(pdftex.def)             Requested size: 17.07164pt x 12.43224pt.
[1370

]
\openout4 = `Main_Course_MachineLearning_Presentation.vrb'.

(Main_Course_MachineLearning_Presentation.vrb)
File: images/logo_yhk.png Graphic file (type png)
<use images/logo_yhk.png>
Package pdftex.def Info: images/logo_yhk.png  used on input line 218.
(pdftex.def)             Requested size: 17.07164pt x 12.43224pt.
[1371

]
\openout4 = `Main_Course_MachineLearning_Presentation.vrb'.

(Main_Course_MachineLearning_Presentation.vrb)
File: images/logo_yhk.png Graphic file (type png)
<use images/logo_yhk.png>
Package pdftex.def Info: images/logo_yhk.png  used on input line 233.
(pdftex.def)             Requested size: 17.07164pt x 12.43224pt.
[1372

]
\openout4 = `Main_Course_MachineLearning_Presentation.vrb'.

(Main_Course_MachineLearning_Presentation.vrb)
File: images/logo_yhk.png Graphic file (type png)
<use images/logo_yhk.png>
Package pdftex.def Info: images/logo_yhk.png  used on input line 248.
(pdftex.def)             Requested size: 17.07164pt x 12.43224pt.
[1373

]
\openout4 = `Main_Course_MachineLearning_Presentation.vrb'.

(Main_Course_MachineLearning_Presentation.vrb)
File: images/logo_yhk.png Graphic file (type png)
<use images/logo_yhk.png>
Package pdftex.def Info: images/logo_yhk.png  used on input line 264.
(pdftex.def)             Requested size: 17.07164pt x 12.43224pt.
[1374

]
\openout4 = `Main_Course_MachineLearning_Presentation.vrb'.

(Main_Course_MachineLearning_Presentation.vrb)
File: images/logo_yhk.png Graphic file (type png)
<use images/logo_yhk.png>
Package pdftex.def Info: images/logo_yhk.png  used on input line 277.
(pdftex.def)             Requested size: 17.07164pt x 12.43224pt.
[1375

]
\openout4 = `Main_Course_MachineLearning_Presentation.vrb'.

(Main_Course_MachineLearning_Presentation.vrb)
File: images/logo_yhk.png Graphic file (type png)
<use images/logo_yhk.png>
Package pdftex.def Info: images/logo_yhk.png  used on input line 299.
(pdftex.def)             Requested size: 17.07164pt x 12.43224pt.
[1376

]
\openout4 = `Main_Course_MachineLearning_Presentation.vrb'.

(Main_Course_MachineLearning_Presentation.vrb)
File: images/logo_yhk.png Graphic file (type png)
<use images/logo_yhk.png>
Package pdftex.def Info: images/logo_yhk.png  used on input line 307.
(pdftex.def)             Requested size: 17.07164pt x 12.43224pt.
[1377

]
\openout4 = `Main_Course_MachineLearning_Presentation.vrb'.

(Main_Course_MachineLearning_Presentation.vrb)
File: images/logo_yhk.png Graphic file (type png)
<use images/logo_yhk.png>
Package pdftex.def Info: images/logo_yhk.png  used on input line 323.
(pdftex.def)             Requested size: 17.07164pt x 12.43224pt.
[1378

]
\openout4 = `Main_Course_MachineLearning_Presentation.vrb'.

(Main_Course_MachineLearning_Presentation.vrb)
File: images/logo_yhk.png Graphic file (type png)
<use images/logo_yhk.png>
Package pdftex.def Info: images/logo_yhk.png  used on input line 337.
(pdftex.def)             Requested size: 17.07164pt x 12.43224pt.
[1379

]
\openout4 = `Main_Course_MachineLearning_Presentation.vrb'.

(Main_Course_MachineLearning_Presentation.vrb
<images/nb4.png, id=10754, 572.1375pt x 275.52937pt>
File: images/nb4.png Graphic file (type png)
<use images/nb4.png>
Package pdftex.def Info: images/nb4.png  used on input line 4.
(pdftex.def)             Requested size: 184.3758pt x 88.78922pt.
)
File: images/logo_yhk.png Graphic file (type png)
<use images/logo_yhk.png>
Package pdftex.def Info: images/logo_yhk.png  used on input line 367.
(pdftex.def)             Requested size: 17.07164pt x 12.43224pt.
[1380

 <./images/nb4.png>]
\openout4 = `Main_Course_MachineLearning_Presentation.vrb'.

(Main_Course_MachineLearning_Presentation.vrb
<images/nb3.png, id=10761, 302.63063pt x 150.5625pt>
File: images/nb3.png Graphic file (type png)
<use images/nb3.png>
Package pdftex.def Info: images/nb3.png  used on input line 12.
(pdftex.def)             Requested size: 184.3758pt x 91.73041pt.
)
File: images/logo_yhk.png Graphic file (type png)
<use images/logo_yhk.png>
Package pdftex.def Info: images/logo_yhk.png  used on input line 389.
(pdftex.def)             Requested size: 17.07164pt x 12.43224pt.
[1381

 <./images/nb3.png>]
\openout4 = `Main_Course_MachineLearning_Presentation.vrb'.

(Main_Course_MachineLearning_Presentation.vrb
<images/nb5.png, id=10769, 438.8897pt x 82.80937pt>
File: images/nb5.png Graphic file (type png)
<use images/nb5.png>
Package pdftex.def Info: images/nb5.png  used on input line 3.
(pdftex.def)             Requested size: 307.28987pt x 57.98006pt.
)
File: images/logo_yhk.png Graphic file (type png)
<use images/logo_yhk.png>
Package pdftex.def Info: images/logo_yhk.png  used on input line 400.
(pdftex.def)             Requested size: 17.07164pt x 12.43224pt.
[1382

 <./images/nb5.png>]
\openout4 = `Main_Course_MachineLearning_Presentation.vrb'.

(Main_Course_MachineLearning_Presentation.vrb
File: images/nb5.png Graphic file (type png)
<use images/nb5.png>
Package pdftex.def Info: images/nb5.png  used on input line 3.
(pdftex.def)             Requested size: 307.28987pt x 57.98006pt.
)
File: images/logo_yhk.png Graphic file (type png)
<use images/logo_yhk.png>
Package pdftex.def Info: images/logo_yhk.png  used on input line 412.
(pdftex.def)             Requested size: 17.07164pt x 12.43224pt.
[1383

]
\openout4 = `Main_Course_MachineLearning_Presentation.vrb'.

(Main_Course_MachineLearning_Presentation.vrb
File: images/nb5.png Graphic file (type png)
<use images/nb5.png>
Package pdftex.def Info: images/nb5.png  used on input line 3.
(pdftex.def)             Requested size: 307.28987pt x 57.98006pt.
)
File: images/logo_yhk.png Graphic file (type png)
<use images/logo_yhk.png>
Package pdftex.def Info: images/logo_yhk.png  used on input line 424.
(pdftex.def)             Requested size: 17.07164pt x 12.43224pt.
[1384

]
\openout4 = `Main_Course_MachineLearning_Presentation.vrb'.

(Main_Course_MachineLearning_Presentation.vrb
File: images/nb5.png Graphic file (type png)
<use images/nb5.png>
Package pdftex.def Info: images/nb5.png  used on input line 3.
(pdftex.def)             Requested size: 307.28987pt x 57.98006pt.
)
File: images/logo_yhk.png Graphic file (type png)
<use images/logo_yhk.png>
Package pdftex.def Info: images/logo_yhk.png  used on input line 439.
(pdftex.def)             Requested size: 17.07164pt x 12.43224pt.
[1385

]
\openout4 = `Main_Course_MachineLearning_Presentation.vrb'.

(Main_Course_MachineLearning_Presentation.vrb
<images/nb1.png, id=10794, 554.07pt x 121.20282pt>
File: images/nb1.png Graphic file (type png)
<use images/nb1.png>
Package pdftex.def Info: images/nb1.png  used on input line 7.
(pdftex.def)             Requested size: 288.79pt x 63.17192pt.
)
File: images/logo_yhk.png Graphic file (type png)
<use images/logo_yhk.png>
Package pdftex.def Info: images/logo_yhk.png  used on input line 514.
(pdftex.def)             Requested size: 17.07164pt x 12.43224pt.
[1386

 <./images/nb1.png>]
\openout4 = `Main_Course_MachineLearning_Presentation.vrb'.

(Main_Course_MachineLearning_Presentation.vrb)
File: images/logo_yhk.png Graphic file (type png)
<use images/logo_yhk.png>
Package pdftex.def Info: images/logo_yhk.png  used on input line 544.
(pdftex.def)             Requested size: 17.07164pt x 12.43224pt.
[1387

]
\openout4 = `Main_Course_MachineLearning_Presentation.vrb'.

(Main_Course_MachineLearning_Presentation.vrb)
File: images/logo_yhk.png Graphic file (type png)
<use images/logo_yhk.png>
Package pdftex.def Info: images/logo_yhk.png  used on input line 573.
(pdftex.def)             Requested size: 17.07164pt x 12.43224pt.
[1388

]
\openout4 = `Main_Course_MachineLearning_Presentation.vrb'.

(Main_Course_MachineLearning_Presentation.vrb)
File: images/logo_yhk.png Graphic file (type png)
<use images/logo_yhk.png>
Package pdftex.def Info: images/logo_yhk.png  used on input line 581.
(pdftex.def)             Requested size: 17.07164pt x 12.43224pt.
[1389

]
\openout4 = `Main_Course_MachineLearning_Presentation.vrb'.

(Main_Course_MachineLearning_Presentation.vrb)
File: images/logo_yhk.png Graphic file (type png)
<use images/logo_yhk.png>
Package pdftex.def Info: images/logo_yhk.png  used on input line 590.
(pdftex.def)             Requested size: 17.07164pt x 12.43224pt.
[1390

]
\openout4 = `Main_Course_MachineLearning_Presentation.vrb'.

(Main_Course_MachineLearning_Presentation.vrb
<images/nb8.png, id=10838, 542.025pt x 153.57375pt>
File: images/nb8.png Graphic file (type png)
<use images/nb8.png>
Package pdftex.def Info: images/nb8.png  used on input line 3.
(pdftex.def)             Requested size: 184.3758pt x 52.24016pt.
)
File: images/logo_yhk.png Graphic file (type png)
<use images/logo_yhk.png>
Package pdftex.def Info: images/logo_yhk.png  used on input line 605.
(pdftex.def)             Requested size: 17.07164pt x 12.43224pt.
[1391

 <./images/nb8.png (PNG copy)>]
\openout4 = `Main_Course_MachineLearning_Presentation.vrb'.

(Main_Course_MachineLearning_Presentation.vrb
<images/nb9.png, id=10845, 486.31688pt x 104.64093pt>
File: images/nb9.png Graphic file (type png)
<use images/nb9.png>
Package pdftex.def Info: images/nb9.png  used on input line 4.
(pdftex.def)             Requested size: 307.28987pt x 66.11891pt.
)
File: images/logo_yhk.png Graphic file (type png)
<use images/logo_yhk.png>
Package pdftex.def Info: images/logo_yhk.png  used on input line 614.
(pdftex.def)             Requested size: 17.07164pt x 12.43224pt.
[1392

 <./images/nb9.png>]
\openout4 = `Main_Course_MachineLearning_Presentation.vrb'.

(Main_Course_MachineLearning_Presentation.vrb)
File: images/logo_yhk.png Graphic file (type png)
<use images/logo_yhk.png>
Package pdftex.def Info: images/logo_yhk.png  used on input line 627.
(pdftex.def)             Requested size: 17.07164pt x 12.43224pt.
[1393

]
\openout4 = `Main_Course_MachineLearning_Presentation.vrb'.

(Main_Course_MachineLearning_Presentation.vrb)
File: images/logo_yhk.png Graphic file (type png)
<use images/logo_yhk.png>
Package pdftex.def Info: images/logo_yhk.png  used on input line 637.
(pdftex.def)             Requested size: 17.07164pt x 12.43224pt.
[1394

]
\openout4 = `Main_Course_MachineLearning_Presentation.vrb'.

(Main_Course_MachineLearning_Presentation.vrb)
File: images/logo_yhk.png Graphic file (type png)
<use images/logo_yhk.png>
Package pdftex.def Info: images/logo_yhk.png  used on input line 648.
(pdftex.def)             Requested size: 17.07164pt x 12.43224pt.
[1395

]
\openout4 = `Main_Course_MachineLearning_Presentation.vrb'.

(Main_Course_MachineLearning_Presentation.vrb)
File: images/logo_yhk.png Graphic file (type png)
<use images/logo_yhk.png>
Package pdftex.def Info: images/logo_yhk.png  used on input line 657.
(pdftex.def)             Requested size: 17.07164pt x 12.43224pt.
[1396

]
\openout4 = `Main_Course_MachineLearning_Presentation.vrb'.

(Main_Course_MachineLearning_Presentation.vrb)
File: images/logo_yhk.png Graphic file (type png)
<use images/logo_yhk.png>
Package pdftex.def Info: images/logo_yhk.png  used on input line 668.
(pdftex.def)             Requested size: 17.07164pt x 12.43224pt.
[1397

]
\openout4 = `Main_Course_MachineLearning_Presentation.vrb'.

(Main_Course_MachineLearning_Presentation.vrb)
File: images/logo_yhk.png Graphic file (type png)
<use images/logo_yhk.png>
Package pdftex.def Info: images/logo_yhk.png  used on input line 682.
(pdftex.def)             Requested size: 17.07164pt x 12.43224pt.
[1398

]
\openout4 = `Main_Course_MachineLearning_Presentation.vrb'.

(Main_Course_MachineLearning_Presentation.vrb
<images/nb10.png, id=10889, 493.845pt x 268.75406pt>
File: images/nb10.png Graphic file (type png)
<use images/nb10.png>
Package pdftex.def Info: images/nb10.png  used on input line 3.
(pdftex.def)             Requested size: 307.28987pt x 167.22862pt.
)
File: images/logo_yhk.png Graphic file (type png)
<use images/logo_yhk.png>
Package pdftex.def Info: images/logo_yhk.png  used on input line 690.
(pdftex.def)             Requested size: 17.07164pt x 12.43224pt.
[1399

 <./images/nb10.png>]
\openout4 = `Main_Course_MachineLearning_Presentation.vrb'.

(Main_Course_MachineLearning_Presentation.vrb)
File: images/logo_yhk.png Graphic file (type png)
<use images/logo_yhk.png>
Package pdftex.def Info: images/logo_yhk.png  used on input line 716.
(pdftex.def)             Requested size: 17.07164pt x 12.43224pt.
[1400

]
\openout4 = `Main_Course_MachineLearning_Presentation.vrb'.

(Main_Course_MachineLearning_Presentation.vrb
<images/nbnecktble.png, id=10903, 464.4853pt x 452.4403pt>
File: images/nbnecktble.png Graphic file (type png)
<use images/nbnecktble.png>
Package pdftex.def Info: images/nbnecktble.png  used on input line 6.
(pdftex.def)             Requested size: 138.2795pt x 134.69759pt.
)
File: images/logo_yhk.png Graphic file (type png)
<use images/logo_yhk.png>
Package pdftex.def Info: images/logo_yhk.png  used on input line 743.
(pdftex.def)             Requested size: 17.07164pt x 12.43224pt.
[1401

 <./images/nbnecktble.png>]
\openout4 = `Main_Course_MachineLearning_Presentation.vrb'.

(Main_Course_MachineLearning_Presentation.vrb
File: images/nbnecktble.png Graphic file (type png)
<use images/nbnecktble.png>
Package pdftex.def Info: images/nbnecktble.png  used on input line 6.
(pdftex.def)             Requested size: 138.2795pt x 134.69759pt.
)
File: images/logo_yhk.png Graphic file (type png)
<use images/logo_yhk.png>
Package pdftex.def Info: images/logo_yhk.png  used on input line 777.
(pdftex.def)             Requested size: 17.07164pt x 12.43224pt.
[1402

]
\openout4 = `Main_Course_MachineLearning_Presentation.vrb'.

(Main_Course_MachineLearning_Presentation.vrb
<images/estnb1.png, id=10917, 1101.36469pt x 452.4403pt>
File: images/estnb1.png Graphic file (type png)
<use images/estnb1.png>
Package pdftex.def Info: images/estnb1.png  used on input line 4.
(pdftex.def)             Requested size: 307.28987pt x 126.23367pt.
)
File: images/logo_yhk.png Graphic file (type png)
<use images/logo_yhk.png>
Package pdftex.def Info: images/logo_yhk.png  used on input line 816.
(pdftex.def)             Requested size: 17.07164pt x 12.43224pt.
[1403

 <./images/estnb1.png>]
\openout4 = `Main_Course_MachineLearning_Presentation.vrb'.

(Main_Course_MachineLearning_Presentation.vrb
<images/estnb2.png, id=10925, 1110.39844pt x 452.4403pt>
File: images/estnb2.png Graphic file (type png)
<use images/estnb2.png>
Package pdftex.def Info: images/estnb2.png  used on input line 4.
(pdftex.def)             Requested size: 307.28987pt x 125.20503pt.
)
File: images/logo_yhk.png Graphic file (type png)
<use images/logo_yhk.png>
Package pdftex.def Info: images/logo_yhk.png  used on input line 824.
(pdftex.def)             Requested size: 17.07164pt x 12.43224pt.
[1404

 <./images/estnb2.png>]
\openout4 = `Main_Course_MachineLearning_Presentation.vrb'.

(Main_Course_MachineLearning_Presentation.vrb
<images/estnb3.png, id=10933, 1101.36469pt x 452.4403pt>
File: images/estnb3.png Graphic file (type png)
<use images/estnb3.png>
Package pdftex.def Info: images/estnb3.png  used on input line 4.
(pdftex.def)             Requested size: 307.28987pt x 126.23367pt.
)
File: images/logo_yhk.png Graphic file (type png)
<use images/logo_yhk.png>
Package pdftex.def Info: images/logo_yhk.png  used on input line 833.
(pdftex.def)             Requested size: 17.07164pt x 12.43224pt.
[1405

 <./images/estnb3.png>]
\openout4 = `Main_Course_MachineLearning_Presentation.vrb'.

(Main_Course_MachineLearning_Presentation.vrb
<images/estnb4.png, id=10942, 1059.96pt x 556.32843pt>
File: images/estnb4.png Graphic file (type png)
<use images/estnb4.png>
Package pdftex.def Info: images/estnb4.png  used on input line 3.
(pdftex.def)             Requested size: 307.28987pt x 161.28018pt.
)
File: images/logo_yhk.png Graphic file (type png)
<use images/logo_yhk.png>
Package pdftex.def Info: images/logo_yhk.png  used on input line 840.
(pdftex.def)             Requested size: 17.07164pt x 12.43224pt.
[1406

 <./images/estnb4.png>]
\openout4 = `Main_Course_MachineLearning_Presentation.vrb'.

(Main_Course_MachineLearning_Presentation.vrb
<images/estnb5.png, id=10950, 1117.92656pt x 556.32843pt>
File: images/estnb5.png Graphic file (type png)
<use images/estnb5.png>
Package pdftex.def Info: images/estnb5.png  used on input line 4.
(pdftex.def)             Requested size: 307.28987pt x 152.91862pt.
)
File: images/logo_yhk.png Graphic file (type png)
<use images/logo_yhk.png>
Package pdftex.def Info: images/logo_yhk.png  used on input line 849.
(pdftex.def)             Requested size: 17.07164pt x 12.43224pt.
[1407

 <./images/estnb5.png>]
\openout4 = `Main_Course_MachineLearning_Presentation.vrb'.

(Main_Course_MachineLearning_Presentation.vrb)
File: images/logo_yhk.png Graphic file (type png)
<use images/logo_yhk.png>
Package pdftex.def Info: images/logo_yhk.png  used on input line 951.
(pdftex.def)             Requested size: 17.07164pt x 12.43224pt.
[1408

]
\openout4 = `Main_Course_MachineLearning_Presentation.vrb'.

(Main_Course_MachineLearning_Presentation.vrb
<images/nb11.png, id=10964, 271.76532pt x 187.45032pt>
File: images/nb11.png Graphic file (type png)
<use images/nb11.png>
Package pdftex.def Info: images/nb11.png  used on input line 7.
(pdftex.def)             Requested size: 153.64493pt x 105.98112pt.
)
File: images/logo_yhk.png Graphic file (type png)
<use images/logo_yhk.png>
Package pdftex.def Info: images/logo_yhk.png  used on input line 963.
(pdftex.def)             Requested size: 17.07164pt x 12.43224pt.
[1409

 <./images/nb11.png>]
\openout4 = `Main_Course_MachineLearning_Presentation.vrb'.

(Main_Course_MachineLearning_Presentation.vrb
<images/nb12.png, id=10971, 275.52937pt x 233.37187pt>
File: images/nb12.png Graphic file (type png)
<use images/nb12.png>
Package pdftex.def Info: images/nb12.png  used on input line 4.
(pdftex.def)             Requested size: 153.64493pt x 130.14252pt.
)
File: images/logo_yhk.png Graphic file (type png)
<use images/logo_yhk.png>
Package pdftex.def Info: images/logo_yhk.png  used on input line 971.
(pdftex.def)             Requested size: 17.07164pt x 12.43224pt.
[1410

 <./images/nb12.png>]
\openout4 = `Main_Course_MachineLearning_Presentation.vrb'.

(Main_Course_MachineLearning_Presentation.vrb
<images/nb13.png, id=10978, 281.55188pt x 229.60782pt>
File: images/nb13.png Graphic file (type png)
<use images/nb13.png>
Package pdftex.def Info: images/nb13.png  used on input line 7.
(pdftex.def)             Requested size: 153.64493pt x 125.30019pt.
)
File: images/logo_yhk.png Graphic file (type png)
<use images/logo_yhk.png>
Package pdftex.def Info: images/logo_yhk.png  used on input line 986.
(pdftex.def)             Requested size: 17.07164pt x 12.43224pt.
[1411

 <./images/nb13.png>]
\openout4 = `Main_Course_MachineLearning_Presentation.vrb'.

(Main_Course_MachineLearning_Presentation.vrb
<images/nb14.png, id=10986, 271.76532pt x 243.91125pt>
File: images/nb14.png Graphic file (type png)
<use images/nb14.png>
Package pdftex.def Info: images/nb14.png  used on input line 3.
(pdftex.def)             Requested size: 153.64493pt x 137.90315pt.
)
File: images/logo_yhk.png Graphic file (type png)
<use images/logo_yhk.png>
Package pdftex.def Info: images/logo_yhk.png  used on input line 997.
(pdftex.def)             Requested size: 17.07164pt x 12.43224pt.
[1412

 <./images/nb14.png>]
\openout4 = `Main_Course_MachineLearning_Presentation.vrb'.

(Main_Course_MachineLearning_Presentation.vrb
<images/nb15.png, id=10993, 276.28218pt x 246.9225pt>
File: images/nb15.png Graphic file (type png)
<use images/nb15.png>
Package pdftex.def Info: images/nb15.png  used on input line 8.
(pdftex.def)             Requested size: 153.64493pt x 137.31487pt.
)
File: images/logo_yhk.png Graphic file (type png)
<use images/logo_yhk.png>
Package pdftex.def Info: images/logo_yhk.png  used on input line 1009.
(pdftex.def)             Requested size: 17.07164pt x 12.43224pt.
[1413

 <./images/nb15.png>]
\openout4 = `Main_Course_MachineLearning_Presentation.vrb'.

(Main_Course_MachineLearning_Presentation.vrb
<images/nb17.png, id=11000, 294.34969pt x 246.1697pt>
File: images/nb17.png Graphic file (type png)
<use images/nb17.png>
Package pdftex.def Info: images/nb17.png  used on input line 8.
(pdftex.def)             Requested size: 153.64493pt x 128.49728pt.
)
File: images/logo_yhk.png Graphic file (type png)
<use images/logo_yhk.png>
Package pdftex.def Info: images/logo_yhk.png  used on input line 1021.
(pdftex.def)             Requested size: 17.07164pt x 12.43224pt.
[1414

 <./images/nb17.png>]
\openout4 = `Main_Course_MachineLearning_Presentation.vrb'.

(Main_Course_MachineLearning_Presentation.vrb
<images/nb18.png, id=11007, 283.0575pt x 243.15843pt>
File: images/nb18.png Graphic file (type png)
<use images/nb18.png>
Package pdftex.def Info: images/nb18.png  used on input line 8.
(pdftex.def)             Requested size: 153.64493pt x 131.98999pt.
)
File: images/logo_yhk.png Graphic file (type png)
<use images/logo_yhk.png>
Package pdftex.def Info: images/logo_yhk.png  used on input line 1033.
(pdftex.def)             Requested size: 17.07164pt x 12.43224pt.
[1415

 <./images/nb18.png>]
\openout4 = `Main_Course_MachineLearning_Presentation.vrb'.

(Main_Course_MachineLearning_Presentation.vrb)
File: images/logo_yhk.png Graphic file (type png)
<use images/logo_yhk.png>
Package pdftex.def Info: images/logo_yhk.png  used on input line 1044.
(pdftex.def)             Requested size: 17.07164pt x 12.43224pt.
[1416

]
\openout4 = `Main_Course_MachineLearning_Presentation.vrb'.

(Main_Course_MachineLearning_Presentation.vrb
<images/nb19.png, id=11020, 479.54156pt x 356.0803pt>
File: images/nb19.png Graphic file (type png)
<use images/nb19.png>
Package pdftex.def Info: images/nb19.png  used on input line 3.
(pdftex.def)             Requested size: 245.83282pt x 182.54395pt.
)
File: images/logo_yhk.png Graphic file (type png)
<use images/logo_yhk.png>
Package pdftex.def Info: images/logo_yhk.png  used on input line 1051.
(pdftex.def)             Requested size: 17.07164pt x 12.43224pt.
[1417

 <./images/nb19.png>]
\openout4 = `Main_Course_MachineLearning_Presentation.vrb'.

(Main_Course_MachineLearning_Presentation.vrb)
File: images/logo_yhk.png Graphic file (type png)
<use images/logo_yhk.png>
Package pdftex.def Info: images/logo_yhk.png  used on input line 1074.
(pdftex.def)             Requested size: 17.07164pt x 12.43224pt.
[1418

] (Main_Course_MachineLearning_Presentation.vrb)
File: images/logo_yhk.png Graphic file (type png)
<use images/logo_yhk.png>
Package pdftex.def Info: images/logo_yhk.png  used on input line 1074.
(pdftex.def)             Requested size: 17.07164pt x 12.43224pt.
[1419

]
\openout4 = `Main_Course_MachineLearning_Presentation.vrb'.

(Main_Course_MachineLearning_Presentation.vrb)
File: images/logo_yhk.png Graphic file (type png)
<use images/logo_yhk.png>
Package pdftex.def Info: images/logo_yhk.png  used on input line 1089.
(pdftex.def)             Requested size: 17.07164pt x 12.43224pt.
[1420

]
\openout4 = `Main_Course_MachineLearning_Presentation.vrb'.

(Main_Course_MachineLearning_Presentation.vrb)
File: images/logo_yhk.png Graphic file (type png)
<use images/logo_yhk.png>
Package pdftex.def Info: images/logo_yhk.png  used on input line 1103.
(pdftex.def)             Requested size: 17.07164pt x 12.43224pt.
[1421

]
\openout4 = `Main_Course_MachineLearning_Presentation.vrb'.

(Main_Course_MachineLearning_Presentation.vrb)
File: images/logo_yhk.png Graphic file (type png)
<use images/logo_yhk.png>
Package pdftex.def Info: images/logo_yhk.png  used on input line 1123.
(pdftex.def)             Requested size: 17.07164pt x 12.43224pt.
[1422

]) (ml_naivebayes_sklearn.tex
\openout4 = `Main_Course_MachineLearning_Presentation.vrb'.

(Main_Course_MachineLearning_Presentation.vrb)
File: images/logo_yhk.png Graphic file (type png)
<use images/logo_yhk.png>
Package pdftex.def Info: images/logo_yhk.png  used on input line 6.
(pdftex.def)             Requested size: 17.07164pt x 12.43224pt.
[1423

]
\openout4 = `Main_Course_MachineLearning_Presentation.vrb'.

(Main_Course_MachineLearning_Presentation.vrb)
File: images/logo_yhk.png Graphic file (type png)
<use images/logo_yhk.png>
Package pdftex.def Info: images/logo_yhk.png  used on input line 20.
(pdftex.def)             Requested size: 17.07164pt x 12.43224pt.
[1424

]
\openout4 = `Main_Course_MachineLearning_Presentation.vrb'.

(Main_Course_MachineLearning_Presentation.vrb)
File: images/logo_yhk.png Graphic file (type png)
<use images/logo_yhk.png>
Package pdftex.def Info: images/logo_yhk.png  used on input line 51.
(pdftex.def)             Requested size: 17.07164pt x 12.43224pt.
[1425

]
\openout4 = `Main_Course_MachineLearning_Presentation.vrb'.

(Main_Course_MachineLearning_Presentation.vrb)
File: images/logo_yhk.png Graphic file (type png)
<use images/logo_yhk.png>
Package pdftex.def Info: images/logo_yhk.png  used on input line 61.
(pdftex.def)             Requested size: 17.07164pt x 12.43224pt.
[1426

]
\openout4 = `Main_Course_MachineLearning_Presentation.vrb'.

(Main_Course_MachineLearning_Presentation.vrb
<images/pima1.png, id=11119, 325.96782pt x 128.73094pt>
File: images/pima1.png Graphic file (type png)
<use images/pima1.png>
Package pdftex.def Info: images/pima1.png  used on input line 5.
(pdftex.def)             Requested size: 184.3758pt x 72.8156pt.

Overfull \hbox (67.0064pt too wide) in paragraph at lines 11--12
[][][][][][][][][][][][][][][][][][][][][][][][][][][][][][][][][][][][][][][][
][][][][][][][][][][][][][][][][][][][][][][][][][][][][][][][][][][][][]  
 []

)
File: images/logo_yhk.png Graphic file (type png)
<use images/logo_yhk.png>
Package pdftex.def Info: images/logo_yhk.png  used on input line 81.
(pdftex.def)             Requested size: 17.07164pt x 12.43224pt.
[1427

 <./images/pima1.png>]
\openout4 = `Main_Course_MachineLearning_Presentation.vrb'.

(Main_Course_MachineLearning_Presentation.vrb)
File: images/logo_yhk.png Graphic file (type png)
<use images/logo_yhk.png>
Package pdftex.def Info: images/logo_yhk.png  used on input line 107.
(pdftex.def)             Requested size: 17.07164pt x 12.43224pt.
[1428

]
\openout4 = `Main_Course_MachineLearning_Presentation.vrb'.

(Main_Course_MachineLearning_Presentation.vrb)
File: images/logo_yhk.png Graphic file (type png)
<use images/logo_yhk.png>
Package pdftex.def Info: images/logo_yhk.png  used on input line 115.
(pdftex.def)             Requested size: 17.07164pt x 12.43224pt.
[1429

]))) (workshop_ml_unsupervised_content.tex (seminar_ml_clustering_content.tex (
ml_kmeans.tex
\openout4 = `Main_Course_MachineLearning_Presentation.vrb'.

(Main_Course_MachineLearning_Presentation.vrb)
File: images/logo_yhk.png Graphic file (type png)
<use images/logo_yhk.png>
Package pdftex.def Info: images/logo_yhk.png  used on input line 6.
(pdftex.def)             Requested size: 17.07164pt x 12.43224pt.
[1430

]
\openout4 = `Main_Course_MachineLearning_Presentation.vrb'.

(Main_Course_MachineLearning_Presentation.vrb)
File: images/logo_yhk.png Graphic file (type png)
<use images/logo_yhk.png>
Package pdftex.def Info: images/logo_yhk.png  used on input line 17.
(pdftex.def)             Requested size: 17.07164pt x 12.43224pt.
[1431

]
\openout4 = `Main_Course_MachineLearning_Presentation.vrb'.

(Main_Course_MachineLearning_Presentation.vrb)
File: images/logo_yhk.png Graphic file (type png)
<use images/logo_yhk.png>
Package pdftex.def Info: images/logo_yhk.png  used on input line 26.
(pdftex.def)             Requested size: 17.07164pt x 12.43224pt.
[1432

]
\openout4 = `Main_Course_MachineLearning_Presentation.vrb'.

(Main_Course_MachineLearning_Presentation.vrb)
File: images/logo_yhk.png Graphic file (type png)
<use images/logo_yhk.png>
Package pdftex.def Info: images/logo_yhk.png  used on input line 36.
(pdftex.def)             Requested size: 17.07164pt x 12.43224pt.
[1433

]
\openout4 = `Main_Course_MachineLearning_Presentation.vrb'.

(Main_Course_MachineLearning_Presentation.vrb
<images/clust.png, id=11164, 414.04688pt x 210.7875pt>
File: images/clust.png Graphic file (type png)
<use images/clust.png>
Package pdftex.def Info: images/clust.png  used on input line 12.
(pdftex.def)             Requested size: 153.64493pt x 78.22173pt.
)
File: images/logo_yhk.png Graphic file (type png)
<use images/logo_yhk.png>
Package pdftex.def Info: images/logo_yhk.png  used on input line 64.
(pdftex.def)             Requested size: 17.07164pt x 12.43224pt.
[1434

 <./images/clust.png>]
\openout4 = `Main_Course_MachineLearning_Presentation.vrb'.

(Main_Course_MachineLearning_Presentation.vrb)
File: images/logo_yhk.png Graphic file (type png)
<use images/logo_yhk.png>
Package pdftex.def Info: images/logo_yhk.png  used on input line 71.
(pdftex.def)             Requested size: 17.07164pt x 12.43224pt.
[1435

]
\openout4 = `Main_Course_MachineLearning_Presentation.vrb'.

(Main_Course_MachineLearning_Presentation.vrb)
File: images/logo_yhk.png Graphic file (type png)
<use images/logo_yhk.png>
Package pdftex.def Info: images/logo_yhk.png  used on input line 86.
(pdftex.def)             Requested size: 17.07164pt x 12.43224pt.
[1436

]
\openout4 = `Main_Course_MachineLearning_Presentation.vrb'.

(Main_Course_MachineLearning_Presentation.vrb)
File: images/logo_yhk.png Graphic file (type png)
<use images/logo_yhk.png>
Package pdftex.def Info: images/logo_yhk.png  used on input line 99.
(pdftex.def)             Requested size: 17.07164pt x 12.43224pt.
[1437

]
\openout4 = `Main_Course_MachineLearning_Presentation.vrb'.

(Main_Course_MachineLearning_Presentation.vrb
<images/wellclust.png, id=11191, 441.90094pt x 302.63063pt>
File: images/wellclust.png Graphic file (type png)
<use images/wellclust.png>
Package pdftex.def Info: images/wellclust.png  used on input line 13.
(pdftex.def)             Requested size: 153.64493pt x 105.2204pt.
)
File: images/logo_yhk.png Graphic file (type png)
<use images/logo_yhk.png>
Package pdftex.def Info: images/logo_yhk.png  used on input line 118.
(pdftex.def)             Requested size: 17.07164pt x 12.43224pt.
[1438

 <./images/wellclust.png>]
\openout4 = `Main_Course_MachineLearning_Presentation.vrb'.

(Main_Course_MachineLearning_Presentation.vrb
<images/centclust.png, id=11199, 407.27156pt x 265.74281pt>
File: images/centclust.png Graphic file (type png)
<use images/centclust.png>
Package pdftex.def Info: images/centclust.png  used on input line 11.
(pdftex.def)             Requested size: 153.64493pt x 100.25343pt.
)
File: images/logo_yhk.png Graphic file (type png)
<use images/logo_yhk.png>
Package pdftex.def Info: images/logo_yhk.png  used on input line 133.
(pdftex.def)             Requested size: 17.07164pt x 12.43224pt.
[1439

 <./images/centclust.png>]
\openout4 = `Main_Course_MachineLearning_Presentation.vrb'.

(Main_Course_MachineLearning_Presentation.vrb)
File: images/logo_yhk.png Graphic file (type png)
<use images/logo_yhk.png>
Package pdftex.def Info: images/logo_yhk.png  used on input line 214.
(pdftex.def)             Requested size: 17.07164pt x 12.43224pt.
[1440

]
\openout4 = `Main_Course_MachineLearning_Presentation.vrb'.

(Main_Course_MachineLearning_Presentation.vrb
<images/kmns2.png, id=11213, 694.84593pt x 190.46156pt>
File: images/kmns2.png Graphic file (type png)
<use images/kmns2.png>
Package pdftex.def Info: images/kmns2.png  used on input line 4.
(pdftex.def)             Requested size: 245.83282pt x 67.38327pt.
)
File: images/logo_yhk.png Graphic file (type png)
<use images/logo_yhk.png>
Package pdftex.def Info: images/logo_yhk.png  used on input line 224.
(pdftex.def)             Requested size: 17.07164pt x 12.43224pt.
[1441

 <./images/kmns2.png>]
\openout4 = `Main_Course_MachineLearning_Presentation.vrb'.

(Main_Course_MachineLearning_Presentation.vrb
<images/kmns3.png, id=11221, 708.39656pt x 250.68657pt>
File: images/kmns3.png Graphic file (type png)
<use images/kmns3.png>
Package pdftex.def Info: images/kmns3.png  used on input line 4.
(pdftex.def)             Requested size: 245.83282pt x 86.99187pt.
)
File: images/logo_yhk.png Graphic file (type png)
<use images/logo_yhk.png>
Package pdftex.def Info: images/logo_yhk.png  used on input line 234.
(pdftex.def)             Requested size: 17.07164pt x 12.43224pt.
[1442

 <./images/kmns3.png>]
\openout4 = `Main_Course_MachineLearning_Presentation.vrb'.

(Main_Course_MachineLearning_Presentation.vrb
<images/clustamb.png, id=11228, 1100.61188pt x 587.19376pt>
File: images/clustamb.png Graphic file (type png)
<use images/clustamb.png>
Package pdftex.def Info: images/clustamb.png  used on input line 4.
(pdftex.def)             Requested size: 245.83282pt x 131.15419pt.
)
File: images/logo_yhk.png Graphic file (type png)
<use images/logo_yhk.png>
Package pdftex.def Info: images/logo_yhk.png  used on input line 243.
(pdftex.def)             Requested size: 17.07164pt x 12.43224pt.
[1443

 <./images/clustamb.png>]
\openout4 = `Main_Course_MachineLearning_Presentation.vrb'.

(Main_Course_MachineLearning_Presentation.vrb)
File: images/logo_yhk.png Graphic file (type png)
<use images/logo_yhk.png>
Package pdftex.def Info: images/logo_yhk.png  used on input line 258.
(pdftex.def)             Requested size: 17.07164pt x 12.43224pt.
[1444

]
\openout4 = `Main_Course_MachineLearning_Presentation.vrb'.

(Main_Course_MachineLearning_Presentation.vrb)
File: images/logo_yhk.png Graphic file (type png)
<use images/logo_yhk.png>
Package pdftex.def Info: images/logo_yhk.png  used on input line 268.
(pdftex.def)             Requested size: 17.07164pt x 12.43224pt.
[1445

]
\openout4 = `Main_Course_MachineLearning_Presentation.vrb'.

(Main_Course_MachineLearning_Presentation.vrb)
File: images/logo_yhk.png Graphic file (type png)
<use images/logo_yhk.png>
Package pdftex.def Info: images/logo_yhk.png  used on input line 278.
(pdftex.def)             Requested size: 17.07164pt x 12.43224pt.
[1446

]
\openout4 = `Main_Course_MachineLearning_Presentation.vrb'.

(Main_Course_MachineLearning_Presentation.vrb
<images/kmns1.png, id=11254, 381.67593pt x 300.3722pt>
File: images/kmns1.png Graphic file (type png)
<use images/kmns1.png>
Package pdftex.def Info: images/kmns1.png  used on input line 3.
(pdftex.def)             Requested size: 184.3758pt x 145.09825pt.
)
File: images/logo_yhk.png Graphic file (type png)
<use images/logo_yhk.png>
Package pdftex.def Info: images/logo_yhk.png  used on input line 285.
(pdftex.def)             Requested size: 17.07164pt x 12.43224pt.
[1447

 <./images/kmns1.png>]
\openout4 = `Main_Course_MachineLearning_Presentation.vrb'.

(Main_Course_MachineLearning_Presentation.vrb)
File: images/logo_yhk.png Graphic file (type png)
<use images/logo_yhk.png>
Package pdftex.def Info: images/logo_yhk.png  used on input line 296.
(pdftex.def)             Requested size: 17.07164pt x 12.43224pt.
[1448

]
\openout4 = `Main_Course_MachineLearning_Presentation.vrb'.

(Main_Course_MachineLearning_Presentation.vrb)
File: images/logo_yhk.png Graphic file (type png)
<use images/logo_yhk.png>
Package pdftex.def Info: images/logo_yhk.png  used on input line 304.
(pdftex.def)             Requested size: 17.07164pt x 12.43224pt.
[1449

]
\openout4 = `Main_Course_MachineLearning_Presentation.vrb'.

(Main_Course_MachineLearning_Presentation.vrb)
File: images/logo_yhk.png Graphic file (type png)
<use images/logo_yhk.png>
Package pdftex.def Info: images/logo_yhk.png  used on input line 326.
(pdftex.def)             Requested size: 17.07164pt x 12.43224pt.
[1450

]
\openout4 = `Main_Course_MachineLearning_Presentation.vrb'.

(Main_Course_MachineLearning_Presentation.vrb)
File: images/logo_yhk.png Graphic file (type png)
<use images/logo_yhk.png>
Package pdftex.def Info: images/logo_yhk.png  used on input line 342.
(pdftex.def)             Requested size: 17.07164pt x 12.43224pt.
[1451

]
\openout4 = `Main_Course_MachineLearning_Presentation.vrb'.

(Main_Course_MachineLearning_Presentation.vrb)
File: images/logo_yhk.png Graphic file (type png)
<use images/logo_yhk.png>
Package pdftex.def Info: images/logo_yhk.png  used on input line 350.
(pdftex.def)             Requested size: 17.07164pt x 12.43224pt.
[1452

]
\openout4 = `Main_Course_MachineLearning_Presentation.vrb'.

(Main_Course_MachineLearning_Presentation.vrb
<images/kmns4.png, id=11292, 691.83469pt x 327.47343pt>
File: images/kmns4.png Graphic file (type png)
<use images/kmns4.png>
Package pdftex.def Info: images/kmns4.png  used on input line 4.
(pdftex.def)             Requested size: 307.28987pt x 145.4529pt.
)
File: images/logo_yhk.png Graphic file (type png)
<use images/logo_yhk.png>
Package pdftex.def Info: images/logo_yhk.png  used on input line 361.
(pdftex.def)             Requested size: 17.07164pt x 12.43224pt.
[1453

 <./images/kmns4.png>]
\openout4 = `Main_Course_MachineLearning_Presentation.vrb'.

(Main_Course_MachineLearning_Presentation.vrb)
File: images/logo_yhk.png Graphic file (type png)
<use images/logo_yhk.png>
Package pdftex.def Info: images/logo_yhk.png  used on input line 399.
(pdftex.def)             Requested size: 17.07164pt x 12.43224pt.
[1454

]
\openout4 = `Main_Course_MachineLearning_Presentation.vrb'.

(Main_Course_MachineLearning_Presentation.vrb
<images/distexam.png, id=11315, 315.42844pt x 170.88844pt>
File: images/distexam.png Graphic file (type png)
<use images/distexam.png>
Package pdftex.def Info: images/distexam.png  used on input line 3.
(pdftex.def)             Requested size: 245.83282pt x 133.18553pt.
)
File: images/logo_yhk.png Graphic file (type png)
<use images/logo_yhk.png>
Package pdftex.def Info: images/logo_yhk.png  used on input line 407.
(pdftex.def)             Requested size: 17.07164pt x 12.43224pt.
[1455

 <./images/distexam.png>]
\openout4 = `Main_Course_MachineLearning_Presentation.vrb'.

(Main_Course_MachineLearning_Presentation.vrb
<images/pairdist.png, id=11323, 1129.21875pt x 451.6875pt>
File: images/pairdist.png Graphic file (type png)
<use images/pairdist.png>
Package pdftex.def Info: images/pairdist.png  used on input line 8.
(pdftex.def)             Requested size: 245.83282pt x 98.33083pt.
)
File: images/logo_yhk.png Graphic file (type png)
<use images/logo_yhk.png>
Package pdftex.def Info: images/logo_yhk.png  used on input line 419.
(pdftex.def)             Requested size: 17.07164pt x 12.43224pt.
[1456

 <./images/pairdist.png>]
\openout4 = `Main_Course_MachineLearning_Presentation.vrb'.

(Main_Course_MachineLearning_Presentation.vrb)
File: images/logo_yhk.png Graphic file (type png)
<use images/logo_yhk.png>
Package pdftex.def Info: images/logo_yhk.png  used on input line 426.
(pdftex.def)             Requested size: 17.07164pt x 12.43224pt.
[1457

]
\openout4 = `Main_Course_MachineLearning_Presentation.vrb'.

(Main_Course_MachineLearning_Presentation.vrb)
File: images/logo_yhk.png Graphic file (type png)
<use images/logo_yhk.png>
Package pdftex.def Info: images/logo_yhk.png  used on input line 442.
(pdftex.def)             Requested size: 17.07164pt x 12.43224pt.
[1458

]
\openout4 = `Main_Course_MachineLearning_Presentation.vrb'.

(Main_Course_MachineLearning_Presentation.vrb)
File: images/logo_yhk.png Graphic file (type png)
<use images/logo_yhk.png>
Package pdftex.def Info: images/logo_yhk.png  used on input line 482.
(pdftex.def)             Requested size: 17.07164pt x 12.43224pt.
[1459

]
\openout4 = `Main_Course_MachineLearning_Presentation.vrb'.

(Main_Course_MachineLearning_Presentation.vrb
<images/kmns15.png, id=11359, 237.88875pt x 152.82094pt>
File: images/kmns15.png Graphic file (type png)
<use images/kmns15.png>
Package pdftex.def Info: images/kmns15.png  used on input line 8.
(pdftex.def)             Requested size: 153.64493pt x 98.70747pt.
)
File: images/logo_yhk.png Graphic file (type png)
<use images/logo_yhk.png>
Package pdftex.def Info: images/logo_yhk.png  used on input line 531.
(pdftex.def)             Requested size: 17.07164pt x 12.43224pt.
[1460

 <./images/kmns15.png>]
\openout4 = `Main_Course_MachineLearning_Presentation.vrb'.

(Main_Course_MachineLearning_Presentation.vrb
<images/kmns16.png, id=11366, 237.88875pt x 155.07938pt>
File: images/kmns16.png Graphic file (type png)
<use images/kmns16.png>
Package pdftex.def Info: images/kmns16.png  used on input line 7.
(pdftex.def)             Requested size: 153.64493pt x 100.16621pt.
)
File: images/logo_yhk.png Graphic file (type png)
<use images/logo_yhk.png>
Package pdftex.def Info: images/logo_yhk.png  used on input line 542.
(pdftex.def)             Requested size: 17.07164pt x 12.43224pt.
[1461

 <./images/kmns16.png>]
\openout4 = `Main_Course_MachineLearning_Presentation.vrb'.

(Main_Course_MachineLearning_Presentation.vrb
<images/kmns17.png, id=11373, 237.88875pt x 159.59625pt>
File: images/kmns17.png Graphic file (type png)
<use images/kmns17.png>
Package pdftex.def Info: images/kmns17.png  used on input line 7.
(pdftex.def)             Requested size: 153.64493pt x 103.08366pt.
)
File: images/logo_yhk.png Graphic file (type png)
<use images/logo_yhk.png>
Package pdftex.def Info: images/logo_yhk.png  used on input line 553.
(pdftex.def)             Requested size: 17.07164pt x 12.43224pt.
[1462

 <./images/kmns17.png>]
\openout4 = `Main_Course_MachineLearning_Presentation.vrb'.

(Main_Course_MachineLearning_Presentation.vrb
<images/kmns18.png, id=11380, 237.88875pt x 152.82094pt>
File: images/kmns18.png Graphic file (type png)
<use images/kmns18.png>
Package pdftex.def Info: images/kmns18.png  used on input line 9.
(pdftex.def)             Requested size: 153.64493pt x 98.70747pt.
)
File: images/logo_yhk.png Graphic file (type png)
<use images/logo_yhk.png>
Package pdftex.def Info: images/logo_yhk.png  used on input line 567.
(pdftex.def)             Requested size: 17.07164pt x 12.43224pt.
[1463

 <./images/kmns18.png>]
\openout4 = `Main_Course_MachineLearning_Presentation.vrb'.

(Main_Course_MachineLearning_Presentation.vrb)
File: images/logo_yhk.png Graphic file (type png)
<use images/logo_yhk.png>
Package pdftex.def Info: images/logo_yhk.png  used on input line 575.
(pdftex.def)             Requested size: 17.07164pt x 12.43224pt.
[1464

]
\openout4 = `Main_Course_MachineLearning_Presentation.vrb'.

(Main_Course_MachineLearning_Presentation.vrb)
File: images/logo_yhk.png Graphic file (type png)
<use images/logo_yhk.png>
Package pdftex.def Info: images/logo_yhk.png  used on input line 588.
(pdftex.def)             Requested size: 17.07164pt x 12.43224pt.
[1465

]
\openout4 = `Main_Course_MachineLearning_Presentation.vrb'.

(Main_Course_MachineLearning_Presentation.vrb)
File: images/logo_yhk.png Graphic file (type png)
<use images/logo_yhk.png>
Package pdftex.def Info: images/logo_yhk.png  used on input line 609.
(pdftex.def)             Requested size: 17.07164pt x 12.43224pt.
[1466

]
\openout4 = `Main_Course_MachineLearning_Presentation.vrb'.

(Main_Course_MachineLearning_Presentation.vrb)
File: images/logo_yhk.png Graphic file (type png)
<use images/logo_yhk.png>
Package pdftex.def Info: images/logo_yhk.png  used on input line 623.
(pdftex.def)             Requested size: 17.07164pt x 12.43224pt.
[1467

]
\openout4 = `Main_Course_MachineLearning_Presentation.vrb'.

(Main_Course_MachineLearning_Presentation.vrb)
File: images/logo_yhk.png Graphic file (type png)
<use images/logo_yhk.png>
Package pdftex.def Info: images/logo_yhk.png  used on input line 645.
(pdftex.def)             Requested size: 17.07164pt x 12.43224pt.
[1468

]
\openout4 = `Main_Course_MachineLearning_Presentation.vrb'.

(Main_Course_MachineLearning_Presentation.vrb)
File: images/logo_yhk.png Graphic file (type png)
<use images/logo_yhk.png>
Package pdftex.def Info: images/logo_yhk.png  used on input line 664.
(pdftex.def)             Requested size: 17.07164pt x 12.43224pt.
[1469

]
\openout4 = `Main_Course_MachineLearning_Presentation.vrb'.

(Main_Course_MachineLearning_Presentation.vrb)
File: images/logo_yhk.png Graphic file (type png)
<use images/logo_yhk.png>
Package pdftex.def Info: images/logo_yhk.png  used on input line 684.
(pdftex.def)             Requested size: 17.07164pt x 12.43224pt.
[1470

]
\openout4 = `Main_Course_MachineLearning_Presentation.vrb'.

(Main_Course_MachineLearning_Presentation.vrb)
File: images/logo_yhk.png Graphic file (type png)
<use images/logo_yhk.png>
Package pdftex.def Info: images/logo_yhk.png  used on input line 696.
(pdftex.def)             Requested size: 17.07164pt x 12.43224pt.
[1471

]
\openout4 = `Main_Course_MachineLearning_Presentation.vrb'.

(Main_Course_MachineLearning_Presentation.vrb
<images/kmns13.png, id=11437, 706.64pt x 482.80376pt>
File: images/kmns13.png Graphic file (type png)
<use images/kmns13.png>
Package pdftex.def Info: images/kmns13.png  used on input line 5.
(pdftex.def)             Requested size: 153.64493pt x 104.97212pt.
)
File: images/logo_yhk.png Graphic file (type png)
<use images/logo_yhk.png>
Package pdftex.def Info: images/logo_yhk.png  used on input line 717.
(pdftex.def)             Requested size: 17.07164pt x 12.43224pt.
[1472

 <./images/kmns13.png>]
\openout4 = `Main_Course_MachineLearning_Presentation.vrb'.

(Main_Course_MachineLearning_Presentation.vrb)
File: images/logo_yhk.png Graphic file (type png)
<use images/logo_yhk.png>
Package pdftex.def Info: images/logo_yhk.png  used on input line 726.
(pdftex.def)             Requested size: 17.07164pt x 12.43224pt.
[1473

]
\openout4 = `Main_Course_MachineLearning_Presentation.vrb'.

(Main_Course_MachineLearning_Presentation.vrb
<images/kmns14.png, id=11451, 463.7325pt x 269.50688pt>
File: images/kmns14.png Graphic file (type png)
<use images/kmns14.png>
Package pdftex.def Info: images/kmns14.png  used on input line 3.
(pdftex.def)             Requested size: 245.83282pt x 142.87085pt.
)
File: images/logo_yhk.png Graphic file (type png)
<use images/logo_yhk.png>
Package pdftex.def Info: images/logo_yhk.png  used on input line 737.
(pdftex.def)             Requested size: 17.07164pt x 12.43224pt.
[1474

 <./images/kmns14.png>]
\openout4 = `Main_Course_MachineLearning_Presentation.vrb'.

(Main_Course_MachineLearning_Presentation.vrb)
File: images/logo_yhk.png Graphic file (type png)
<use images/logo_yhk.png>
Package pdftex.def Info: images/logo_yhk.png  used on input line 753.
(pdftex.def)             Requested size: 17.07164pt x 12.43224pt.
[1475

]
\openout4 = `Main_Course_MachineLearning_Presentation.vrb'.

(Main_Course_MachineLearning_Presentation.vrb)
File: images/logo_yhk.png Graphic file (type png)
<use images/logo_yhk.png>
Package pdftex.def Info: images/logo_yhk.png  used on input line 764.
(pdftex.def)             Requested size: 17.07164pt x 12.43224pt.
[1476

]
\openout4 = `Main_Course_MachineLearning_Presentation.vrb'.

(Main_Course_MachineLearning_Presentation.vrb)
File: images/logo_yhk.png Graphic file (type png)
<use images/logo_yhk.png>
Package pdftex.def Info: images/logo_yhk.png  used on input line 775.
(pdftex.def)             Requested size: 17.07164pt x 12.43224pt.
[1477

]
\openout4 = `Main_Course_MachineLearning_Presentation.vrb'.

(Main_Course_MachineLearning_Presentation.vrb)
File: images/logo_yhk.png Graphic file (type png)
<use images/logo_yhk.png>
Package pdftex.def Info: images/logo_yhk.png  used on input line 786.
(pdftex.def)             Requested size: 17.07164pt x 12.43224pt.
[1478

]
\openout4 = `Main_Course_MachineLearning_Presentation.vrb'.

(Main_Course_MachineLearning_Presentation.vrb)
File: images/logo_yhk.png Graphic file (type png)
<use images/logo_yhk.png>
Package pdftex.def Info: images/logo_yhk.png  used on input line 804.
(pdftex.def)             Requested size: 17.07164pt x 12.43224pt.
[1479

]) (ml_kmeans_sklearn.tex
\openout4 = `Main_Course_MachineLearning_Presentation.vrb'.

(Main_Course_MachineLearning_Presentation.vrb)
File: images/logo_yhk.png Graphic file (type png)
<use images/logo_yhk.png>
Package pdftex.def Info: images/logo_yhk.png  used on input line 6.
(pdftex.def)             Requested size: 17.07164pt x 12.43224pt.
[1480

]
\openout4 = `Main_Course_MachineLearning_Presentation.vrb'.

(Main_Course_MachineLearning_Presentation.vrb)
File: images/logo_yhk.png Graphic file (type png)
<use images/logo_yhk.png>
Package pdftex.def Info: images/logo_yhk.png  used on input line 23.
(pdftex.def)             Requested size: 17.07164pt x 12.43224pt.
[1481

]
\openout4 = `Main_Course_MachineLearning_Presentation.vrb'.

(Main_Course_MachineLearning_Presentation.vrb)
File: images/logo_yhk.png Graphic file (type png)
<use images/logo_yhk.png>
Package pdftex.def Info: images/logo_yhk.png  used on input line 55.
(pdftex.def)             Requested size: 17.07164pt x 12.43224pt.
[1482

]
\openout4 = `Main_Course_MachineLearning_Presentation.vrb'.

(Main_Course_MachineLearning_Presentation.vrb
<images/kmeans1.png, id=11525, 501.875pt x 526.96875pt>
File: images/kmeans1.png Graphic file (type png)
<use images/kmeans1.png>
Package pdftex.def Info: images/kmeans1.png  used on input line 3.
(pdftex.def)             Requested size: 184.3758pt x 193.59235pt.
)
File: images/logo_yhk.png Graphic file (type png)
<use images/logo_yhk.png>
Package pdftex.def Info: images/logo_yhk.png  used on input line 65.
(pdftex.def)             Requested size: 17.07164pt x 12.43224pt.
[1483

 <./images/kmeans1.png>]
\openout4 = `Main_Course_MachineLearning_Presentation.vrb'.

(Main_Course_MachineLearning_Presentation.vrb)
File: images/logo_yhk.png Graphic file (type png)
<use images/logo_yhk.png>
Package pdftex.def Info: images/logo_yhk.png  used on input line 73.
(pdftex.def)             Requested size: 17.07164pt x 12.43224pt.
[1484

]
\openout4 = `Main_Course_MachineLearning_Presentation.vrb'.

(Main_Course_MachineLearning_Presentation.vrb)
File: images/logo_yhk.png Graphic file (type png)
<use images/logo_yhk.png>
Package pdftex.def Info: images/logo_yhk.png  used on input line 91.
(pdftex.def)             Requested size: 17.07164pt x 12.43224pt.
[1485

]
\openout4 = `Main_Course_MachineLearning_Presentation.vrb'.

(Main_Course_MachineLearning_Presentation.vrb)
File: images/logo_yhk.png Graphic file (type png)
<use images/logo_yhk.png>
Package pdftex.def Info: images/logo_yhk.png  used on input line 111.
(pdftex.def)             Requested size: 17.07164pt x 12.43224pt.
[1486

]
\openout4 = `Main_Course_MachineLearning_Presentation.vrb'.

(Main_Course_MachineLearning_Presentation.vrb
<images/clust1.png, id=11552, 401.5pt x 280.04625pt>
File: images/clust1.png Graphic file (type png)
<use images/clust1.png>
Package pdftex.def Info: images/clust1.png  used on input line 4.
(pdftex.def)             Requested size: 184.3758pt x 128.60489pt.
)
File: images/logo_yhk.png Graphic file (type png)
<use images/logo_yhk.png>
Package pdftex.def Info: images/logo_yhk.png  used on input line 126.
(pdftex.def)             Requested size: 17.07164pt x 12.43224pt.
[1487

 <./images/clust1.png>]
\openout4 = `Main_Course_MachineLearning_Presentation.vrb'.

(Main_Course_MachineLearning_Presentation.vrb
<images/clust2.png, id=11560, 396.48125pt x 280.04625pt>
File: images/clust2.png Graphic file (type png)
<use images/clust2.png>
Package pdftex.def Info: images/clust2.png  used on input line 4.
(pdftex.def)             Requested size: 184.3758pt x 130.23297pt.
)
File: images/logo_yhk.png Graphic file (type png)
<use images/logo_yhk.png>
Package pdftex.def Info: images/logo_yhk.png  used on input line 139.
(pdftex.def)             Requested size: 17.07164pt x 12.43224pt.
[1488

 <./images/clust2.png>]
\openout4 = `Main_Course_MachineLearning_Presentation.vrb'.

(Main_Course_MachineLearning_Presentation.vrb
<images/clust3.png, id=11568, 396.48125pt x 280.04625pt>
File: images/clust3.png Graphic file (type png)
<use images/clust3.png>
Package pdftex.def Info: images/clust3.png  used on input line 4.
(pdftex.def)             Requested size: 184.3758pt x 130.23297pt.
)
File: images/logo_yhk.png Graphic file (type png)
<use images/logo_yhk.png>
Package pdftex.def Info: images/logo_yhk.png  used on input line 152.
(pdftex.def)             Requested size: 17.07164pt x 12.43224pt.
[1489

 <./images/clust3.png>]
\openout4 = `Main_Course_MachineLearning_Presentation.vrb'.

(Main_Course_MachineLearning_Presentation.vrb)
File: images/logo_yhk.png Graphic file (type png)
<use images/logo_yhk.png>
Package pdftex.def Info: images/logo_yhk.png  used on input line 159.
(pdftex.def)             Requested size: 17.07164pt x 12.43224pt.
[1490

]
\openout4 = `Main_Course_MachineLearning_Presentation.vrb'.

(Main_Course_MachineLearning_Presentation.vrb
<images/clust4.png, id=11583, 303.38344pt x 432.86719pt>
File: images/clust4.png Graphic file (type png)
<use images/clust4.png>
Package pdftex.def Info: images/clust4.png  used on input line 4.
(pdftex.def)             Requested size: 92.1879pt x 131.53221pt.
)
File: images/logo_yhk.png Graphic file (type png)
<use images/logo_yhk.png>
Package pdftex.def Info: images/logo_yhk.png  used on input line 178.
(pdftex.def)             Requested size: 17.07164pt x 12.43224pt.
[1491

 <./images/clust4.png>]
\openout4 = `Main_Course_MachineLearning_Presentation.vrb'.

(Main_Course_MachineLearning_Presentation.vrb)
File: images/logo_yhk.png Graphic file (type png)
<use images/logo_yhk.png>
Package pdftex.def Info: images/logo_yhk.png  used on input line 202.
(pdftex.def)             Requested size: 17.07164pt x 12.43224pt.
[1492

]
\openout4 = `Main_Course_MachineLearning_Presentation.vrb'.

(Main_Course_MachineLearning_Presentation.vrb
<images/clust5.png, id=11596, 231.86626pt x 88.83188pt>
File: images/clust5.png Graphic file (type png)
<use images/clust5.png>
Package pdftex.def Info: images/clust5.png  used on input line 4.
(pdftex.def)             Requested size: 153.64493pt x 58.86505pt.
)
File: images/logo_yhk.png Graphic file (type png)
<use images/logo_yhk.png>
Package pdftex.def Info: images/logo_yhk.png  used on input line 220.
(pdftex.def)             Requested size: 17.07164pt x 12.43224pt.
[1493

 <./images/clust5.png>]
\openout4 = `Main_Course_MachineLearning_Presentation.vrb'.

(Main_Course_MachineLearning_Presentation.vrb
<images/clust6.png, id=11603, 392.46625pt x 282.05376pt>
File: images/clust6.png Graphic file (type png)
<use images/clust6.png>
Package pdftex.def Info: images/clust6.png  used on input line 4.
(pdftex.def)             Requested size: 107.55333pt x 77.29602pt.
)
File: images/logo_yhk.png Graphic file (type png)
<use images/logo_yhk.png>
Package pdftex.def Info: images/logo_yhk.png  used on input line 243.
(pdftex.def)             Requested size: 17.07164pt x 12.43224pt.
[1494

 <./images/clust6.png>]
\openout4 = `Main_Course_MachineLearning_Presentation.vrb'.

(Main_Course_MachineLearning_Presentation.vrb)
File: images/logo_yhk.png Graphic file (type png)
<use images/logo_yhk.png>
Package pdftex.def Info: images/logo_yhk.png  used on input line 252.
(pdftex.def)             Requested size: 17.07164pt x 12.43224pt.
[1495

]
\openout4 = `Main_Course_MachineLearning_Presentation.vrb'.

(Main_Course_MachineLearning_Presentation.vrb)
File: images/logo_yhk.png Graphic file (type png)
<use images/logo_yhk.png>
Package pdftex.def Info: images/logo_yhk.png  used on input line 269.
(pdftex.def)             Requested size: 17.07164pt x 12.43224pt.
[1496

] (Main_Course_MachineLearning_Presentation.vrb)
File: images/logo_yhk.png Graphic file (type png)
<use images/logo_yhk.png>
Package pdftex.def Info: images/logo_yhk.png  used on input line 269.
(pdftex.def)             Requested size: 17.07164pt x 12.43224pt.
[1497

])) (seminar_ml_dimreduction_content.tex (ml_pca.tex
\openout4 = `Main_Course_MachineLearning_Presentation.vrb'.

(Main_Course_MachineLearning_Presentation.vrb)
File: images/logo_yhk.png Graphic file (type png)
<use images/logo_yhk.png>
Package pdftex.def Info: images/logo_yhk.png  used on input line 6.
(pdftex.def)             Requested size: 17.07164pt x 12.43224pt.
[1498

]
\openout4 = `Main_Course_MachineLearning_Presentation.vrb'.

(Main_Course_MachineLearning_Presentation.vrb)
File: images/logo_yhk.png Graphic file (type png)
<use images/logo_yhk.png>
Package pdftex.def Info: images/logo_yhk.png  used on input line 20.
(pdftex.def)             Requested size: 17.07164pt x 12.43224pt.
[1499

]
\openout4 = `Main_Course_MachineLearning_Presentation.vrb'.

(Main_Course_MachineLearning_Presentation.vrb)
File: images/logo_yhk.png Graphic file (type png)
<use images/logo_yhk.png>
Package pdftex.def Info: images/logo_yhk.png  used on input line 37.
(pdftex.def)             Requested size: 17.07164pt x 12.43224pt.
[1500

]
\openout4 = `Main_Course_MachineLearning_Presentation.vrb'.

(Main_Course_MachineLearning_Presentation.vrb)
File: images/logo_yhk.png Graphic file (type png)
<use images/logo_yhk.png>
Package pdftex.def Info: images/logo_yhk.png  used on input line 48.
(pdftex.def)             Requested size: 17.07164pt x 12.43224pt.
[1501

]
\openout4 = `Main_Course_MachineLearning_Presentation.vrb'.

(Main_Course_MachineLearning_Presentation.vrb)
File: images/logo_yhk.png Graphic file (type png)
<use images/logo_yhk.png>
Package pdftex.def Info: images/logo_yhk.png  used on input line 59.
(pdftex.def)             Requested size: 17.07164pt x 12.43224pt.
[1502

]
\openout4 = `Main_Course_MachineLearning_Presentation.vrb'.

(Main_Course_MachineLearning_Presentation.vrb)
File: images/logo_yhk.png Graphic file (type png)
<use images/logo_yhk.png>
Package pdftex.def Info: images/logo_yhk.png  used on input line 69.
(pdftex.def)             Requested size: 17.07164pt x 12.43224pt.
[1503

]
\openout4 = `Main_Course_MachineLearning_Presentation.vrb'.

(Main_Course_MachineLearning_Presentation.vrb)
File: images/logo_yhk.png Graphic file (type png)
<use images/logo_yhk.png>
Package pdftex.def Info: images/logo_yhk.png  used on input line 191.
(pdftex.def)             Requested size: 17.07164pt x 12.43224pt.
[1504

]
\openout4 = `Main_Course_MachineLearning_Presentation.vrb'.

(Main_Course_MachineLearning_Presentation.vrb)
File: images/logo_yhk.png Graphic file (type png)
<use images/logo_yhk.png>
Package pdftex.def Info: images/logo_yhk.png  used on input line 208.
(pdftex.def)             Requested size: 17.07164pt x 12.43224pt.
[1505

]
\openout4 = `Main_Course_MachineLearning_Presentation.vrb'.

(Main_Course_MachineLearning_Presentation.vrb)
File: images/logo_yhk.png Graphic file (type png)
<use images/logo_yhk.png>
Package pdftex.def Info: images/logo_yhk.png  used on input line 223.
(pdftex.def)             Requested size: 17.07164pt x 12.43224pt.
[1506

]
\openout4 = `Main_Course_MachineLearning_Presentation.vrb'.

(Main_Course_MachineLearning_Presentation.vrb)
File: images/logo_yhk.png Graphic file (type png)
<use images/logo_yhk.png>
Package pdftex.def Info: images/logo_yhk.png  used on input line 242.
(pdftex.def)             Requested size: 17.07164pt x 12.43224pt.
[1507

]
\openout4 = `Main_Course_MachineLearning_Presentation.vrb'.

(Main_Course_MachineLearning_Presentation.vrb)
File: images/logo_yhk.png Graphic file (type png)
<use images/logo_yhk.png>
Package pdftex.def Info: images/logo_yhk.png  used on input line 249.
(pdftex.def)             Requested size: 17.07164pt x 12.43224pt.
[1508

]
\openout4 = `Main_Course_MachineLearning_Presentation.vrb'.

(Main_Course_MachineLearning_Presentation.vrb)
File: images/logo_yhk.png Graphic file (type png)
<use images/logo_yhk.png>
Package pdftex.def Info: images/logo_yhk.png  used on input line 257.
(pdftex.def)             Requested size: 17.07164pt x 12.43224pt.
[1509

]
\openout4 = `Main_Course_MachineLearning_Presentation.vrb'.

(Main_Course_MachineLearning_Presentation.vrb)
File: images/logo_yhk.png Graphic file (type png)
<use images/logo_yhk.png>
Package pdftex.def Info: images/logo_yhk.png  used on input line 267.
(pdftex.def)             Requested size: 17.07164pt x 12.43224pt.
[1510

]
\openout4 = `Main_Course_MachineLearning_Presentation.vrb'.

(Main_Course_MachineLearning_Presentation.vrb
<images/pca6.png, id=11747, 353.82187pt x 268.00125pt>
File: images/pca6.png Graphic file (type png)
<use images/pca6.png>
Package pdftex.def Info: images/pca6.png  used on input line 3.
(pdftex.def)             Requested size: 184.3758pt x 139.65587pt.
)
File: images/logo_yhk.png Graphic file (type png)
<use images/logo_yhk.png>
Package pdftex.def Info: images/logo_yhk.png  used on input line 287.
(pdftex.def)             Requested size: 17.07164pt x 12.43224pt.
[1511

 <./images/pca6.png>]
\openout4 = `Main_Course_MachineLearning_Presentation.vrb'.

(Main_Course_MachineLearning_Presentation.vrb)
File: images/logo_yhk.png Graphic file (type png)
<use images/logo_yhk.png>
Package pdftex.def Info: images/logo_yhk.png  used on input line 298.
(pdftex.def)             Requested size: 17.07164pt x 12.43224pt.
[1512

]
\openout4 = `Main_Course_MachineLearning_Presentation.vrb'.

(Main_Course_MachineLearning_Presentation.vrb)
File: images/logo_yhk.png Graphic file (type png)
<use images/logo_yhk.png>
Package pdftex.def Info: images/logo_yhk.png  used on input line 309.
(pdftex.def)             Requested size: 17.07164pt x 12.43224pt.
[1513

]
\openout4 = `Main_Course_MachineLearning_Presentation.vrb'.

(Main_Course_MachineLearning_Presentation.vrb
<images/pca4.png, id=11767, 266.49562pt x 280.79906pt>
File: images/pca4.png Graphic file (type png)
<use images/pca4.png>
Package pdftex.def Info: images/pca4.png  used on input line 19.
(pdftex.def)             Requested size: 122.91406pt x 129.5119pt.
)
File: images/logo_yhk.png Graphic file (type png)
<use images/logo_yhk.png>
Package pdftex.def Info: images/logo_yhk.png  used on input line 345.
(pdftex.def)             Requested size: 17.07164pt x 12.43224pt.
[1514

 <./images/pca4.png>]
\openout4 = `Main_Course_MachineLearning_Presentation.vrb'.

(Main_Course_MachineLearning_Presentation.vrb)
File: images/logo_yhk.png Graphic file (type png)
<use images/logo_yhk.png>
Package pdftex.def Info: images/logo_yhk.png  used on input line 362.
(pdftex.def)             Requested size: 17.07164pt x 12.43224pt.
[1515

]
\openout4 = `Main_Course_MachineLearning_Presentation.vrb'.

(Main_Course_MachineLearning_Presentation.vrb)
File: images/logo_yhk.png Graphic file (type png)
<use images/logo_yhk.png>
Package pdftex.def Info: images/logo_yhk.png  used on input line 377.
(pdftex.def)             Requested size: 17.07164pt x 12.43224pt.
[1516

]
\openout4 = `Main_Course_MachineLearning_Presentation.vrb'.

(Main_Course_MachineLearning_Presentation.vrb)
File: images/logo_yhk.png Graphic file (type png)
<use images/logo_yhk.png>
Package pdftex.def Info: images/logo_yhk.png  used on input line 393.
(pdftex.def)             Requested size: 17.07164pt x 12.43224pt.
[1517

]
\openout4 = `Main_Course_MachineLearning_Presentation.vrb'.

(Main_Course_MachineLearning_Presentation.vrb
<images/pca22.png, id=11792, 407.5225pt x 94.3525pt>
File: images/pca22.png Graphic file (type png)
<use images/pca22.png>
Package pdftex.def Info: images/pca22.png  used on input line 9.
(pdftex.def)             Requested size: 115.51422pt x 26.74388pt.
)
File: images/logo_yhk.png Graphic file (type png)
<use images/logo_yhk.png>
Package pdftex.def Info: images/logo_yhk.png  used on input line 408.
(pdftex.def)             Requested size: 17.07164pt x 12.43224pt.
[1518

 <./images/pca22.png>]
\openout4 = `Main_Course_MachineLearning_Presentation.vrb'.

(Main_Course_MachineLearning_Presentation.vrb
<images/pca23.png, id=11800, 429.40425pt x 98.16675pt>
File: images/pca23.png Graphic file (type png)
<use images/pca23.png>
Package pdftex.def Info: images/pca23.png  used on input line 14.
(pdftex.def)             Requested size: 122.91406pt x 28.09914pt.
)
Overfull \vbox (89.23729pt too high) detected at line 436
 []

File: images/logo_yhk.png Graphic file (type png)
<use images/logo_yhk.png>
Package pdftex.def Info: images/logo_yhk.png  used on input line 436.
(pdftex.def)             Requested size: 17.07164pt x 12.43224pt.
[1519

 <./images/pca23.png>]
\openout4 = `Main_Course_MachineLearning_Presentation.vrb'.

(Main_Course_MachineLearning_Presentation.vrb)
File: images/logo_yhk.png Graphic file (type png)
<use images/logo_yhk.png>
Package pdftex.def Info: images/logo_yhk.png  used on input line 443.
(pdftex.def)             Requested size: 17.07164pt x 12.43224pt.
[1520

]
\openout4 = `Main_Course_MachineLearning_Presentation.vrb'.

(Main_Course_MachineLearning_Presentation.vrb)
File: images/logo_yhk.png Graphic file (type png)
<use images/logo_yhk.png>
Package pdftex.def Info: images/logo_yhk.png  used on input line 494.
(pdftex.def)             Requested size: 17.07164pt x 12.43224pt.
[1521

]
\openout4 = `Main_Course_MachineLearning_Presentation.vrb'.

(Main_Course_MachineLearning_Presentation.vrb)
File: images/logo_yhk.png Graphic file (type png)
<use images/logo_yhk.png>
Package pdftex.def Info: images/logo_yhk.png  used on input line 521.
(pdftex.def)             Requested size: 17.07164pt x 12.43224pt.
[1522

]
\openout4 = `Main_Course_MachineLearning_Presentation.vrb'.

(Main_Course_MachineLearning_Presentation.vrb)
File: images/logo_yhk.png Graphic file (type png)
<use images/logo_yhk.png>
Package pdftex.def Info: images/logo_yhk.png  used on input line 547.
(pdftex.def)             Requested size: 17.07164pt x 12.43224pt.
[1523

]
\openout4 = `Main_Course_MachineLearning_Presentation.vrb'.

(Main_Course_MachineLearning_Presentation.vrb
<images/pca24.png, id=11892, 455.301pt x 423.984pt>
File: images/pca24.png Graphic file (type png)
<use images/pca24.png>
Package pdftex.def Info: images/pca24.png  used on input line 4.
(pdftex.def)             Requested size: 184.3758pt x 171.69316pt.
)
File: images/logo_yhk.png Graphic file (type png)
<use images/logo_yhk.png>
Package pdftex.def Info: images/logo_yhk.png  used on input line 557.
(pdftex.def)             Requested size: 17.07164pt x 12.43224pt.
[1524

 <./images/pca24.png>]
\openout4 = `Main_Course_MachineLearning_Presentation.vrb'.

(Main_Course_MachineLearning_Presentation.vrb
<images/pca25.png, id=11899, 453.49425pt x 429.40425pt>
File: images/pca25.png Graphic file (type png)
<use images/pca25.png>
Package pdftex.def Info: images/pca25.png  used on input line 4.
(pdftex.def)             Requested size: 184.3758pt x 174.58263pt.
)
File: images/logo_yhk.png Graphic file (type png)
<use images/logo_yhk.png>
Package pdftex.def Info: images/logo_yhk.png  used on input line 567.
(pdftex.def)             Requested size: 17.07164pt x 12.43224pt.
[1525

 <./images/pca25.png>]
\openout4 = `Main_Course_MachineLearning_Presentation.vrb'.

(Main_Course_MachineLearning_Presentation.vrb
<images/pca26.png, id=11907, 369.17924pt x 463.7325pt>
File: images/pca26.png Graphic file (type png)
<use images/pca26.png>
Package pdftex.def Info: images/pca26.png  used on input line 4.
(pdftex.def)             Requested size: 153.64493pt x 192.99731pt.
)
Overfull \vbox (5.5087pt too high) detected at line 579
 []

File: images/logo_yhk.png Graphic file (type png)
<use images/logo_yhk.png>
Package pdftex.def Info: images/logo_yhk.png  used on input line 579.
(pdftex.def)             Requested size: 17.07164pt x 12.43224pt.
[1526

 <./images/pca26.png>]
\openout4 = `Main_Course_MachineLearning_Presentation.vrb'.

(Main_Course_MachineLearning_Presentation.vrb)
File: images/logo_yhk.png Graphic file (type png)
<use images/logo_yhk.png>
Package pdftex.def Info: images/logo_yhk.png  used on input line 597.
(pdftex.def)             Requested size: 17.07164pt x 12.43224pt.
[1527

]
\openout4 = `Main_Course_MachineLearning_Presentation.vrb'.

(Main_Course_MachineLearning_Presentation.vrb)
File: images/logo_yhk.png Graphic file (type png)
<use images/logo_yhk.png>
Package pdftex.def Info: images/logo_yhk.png  used on input line 608.
(pdftex.def)             Requested size: 17.07164pt x 12.43224pt.
[1528

]
\openout4 = `Main_Course_MachineLearning_Presentation.vrb'.

(Main_Course_MachineLearning_Presentation.vrb)
File: images/logo_yhk.png Graphic file (type png)
<use images/logo_yhk.png>
Package pdftex.def Info: images/logo_yhk.png  used on input line 726.
(pdftex.def)             Requested size: 17.07164pt x 12.43224pt.
[1529

]
\openout4 = `Main_Course_MachineLearning_Presentation.vrb'.

(Main_Course_MachineLearning_Presentation.vrb)
File: images/logo_yhk.png Graphic file (type png)
<use images/logo_yhk.png>
Package pdftex.def Info: images/logo_yhk.png  used on input line 748.
(pdftex.def)             Requested size: 17.07164pt x 12.43224pt.
[1530

]
\openout4 = `Main_Course_MachineLearning_Presentation.vrb'.

(Main_Course_MachineLearning_Presentation.vrb)
File: images/logo_yhk.png Graphic file (type png)
<use images/logo_yhk.png>
Package pdftex.def Info: images/logo_yhk.png  used on input line 844.
(pdftex.def)             Requested size: 17.07164pt x 12.43224pt.
[1531

]
\openout4 = `Main_Course_MachineLearning_Presentation.vrb'.

(Main_Course_MachineLearning_Presentation.vrb)
File: images/logo_yhk.png Graphic file (type png)
<use images/logo_yhk.png>
Package pdftex.def Info: images/logo_yhk.png  used on input line 861.
(pdftex.def)             Requested size: 17.07164pt x 12.43224pt.
[1532

]
\openout4 = `Main_Course_MachineLearning_Presentation.vrb'.

(Main_Course_MachineLearning_Presentation.vrb
<images/pca8.png, id=11951, 569.87906pt x 413.29407pt>
File: images/pca8.png Graphic file (type png)
<use images/pca8.png>
Package pdftex.def Info: images/pca8.png  used on input line 3.
(pdftex.def)             Requested size: 245.83282pt x 178.28055pt.
)
File: images/logo_yhk.png Graphic file (type png)
<use images/logo_yhk.png>
Package pdftex.def Info: images/logo_yhk.png  used on input line 872.
(pdftex.def)             Requested size: 17.07164pt x 12.43224pt.
[1533

 <./images/pca8.png>]
\openout4 = `Main_Course_MachineLearning_Presentation.vrb'.

(Main_Course_MachineLearning_Presentation.vrb
<images/pca14.png, id=11958, 569.12625pt x 423.83344pt>
File: images/pca14.png Graphic file (type png)
<use images/pca14.png>
Package pdftex.def Info: images/pca14.png  used on input line 4.
(pdftex.def)             Requested size: 245.83282pt x 183.07262pt.
)
File: images/logo_yhk.png Graphic file (type png)
<use images/logo_yhk.png>
Package pdftex.def Info: images/logo_yhk.png  used on input line 880.
(pdftex.def)             Requested size: 17.07164pt x 12.43224pt.
[1534

 <./images/pca14.png>]
\openout4 = `Main_Course_MachineLearning_Presentation.vrb'.

(Main_Course_MachineLearning_Presentation.vrb
<images/pca9.png, id=11966, 717.43031pt x 197.98969pt>
File: images/pca9.png Graphic file (type png)
<use images/pca9.png>
Package pdftex.def Info: images/pca9.png  used on input line 5.
(pdftex.def)             Requested size: 231.03287pt x 63.75677pt.
)
File: images/logo_yhk.png Graphic file (type png)
<use images/logo_yhk.png>
Package pdftex.def Info: images/logo_yhk.png  used on input line 894.
(pdftex.def)             Requested size: 17.07164pt x 12.43224pt.
[1535

 <./images/pca9.png>]
\openout4 = `Main_Course_MachineLearning_Presentation.vrb'.

(Main_Course_MachineLearning_Presentation.vrb
<images/pca15.png, id=11974, 1195.46625pt x 277.78781pt>
File: images/pca15.png Graphic file (type png)
<use images/pca15.png>
Package pdftex.def Info: images/pca15.png  used on input line 5.
(pdftex.def)             Requested size: 231.03287pt x 53.68306pt.
)
File: images/logo_yhk.png Graphic file (type png)
<use images/logo_yhk.png>
Package pdftex.def Info: images/logo_yhk.png  used on input line 905.
(pdftex.def)             Requested size: 17.07164pt x 12.43224pt.
[1536

 <./images/pca15.png>]
\openout4 = `Main_Course_MachineLearning_Presentation.vrb'.

(Main_Course_MachineLearning_Presentation.vrb)
File: images/logo_yhk.png Graphic file (type png)
<use images/logo_yhk.png>
Package pdftex.def Info: images/logo_yhk.png  used on input line 917.
(pdftex.def)             Requested size: 17.07164pt x 12.43224pt.
[1537

]
\openout4 = `Main_Course_MachineLearning_Presentation.vrb'.

(Main_Course_MachineLearning_Presentation.vrb
<images/pca16.png, id=11989, 1045.65656pt x 508.90125pt>
File: images/pca16.png Graphic file (type png)
<use images/pca16.png>
Package pdftex.def Info: images/pca16.png  used on input line 3.
(pdftex.def)             Requested size: 307.28987pt x 149.54994pt.
)
File: images/logo_yhk.png Graphic file (type png)
<use images/logo_yhk.png>
Package pdftex.def Info: images/logo_yhk.png  used on input line 933.
(pdftex.def)             Requested size: 17.07164pt x 12.43224pt.
[1538

 <./images/pca16.png>]
\openout4 = `Main_Course_MachineLearning_Presentation.vrb'.

(Main_Course_MachineLearning_Presentation.vrb
<images/pca5.png, id=11997, 472.01344pt x 363.60844pt>
File: images/pca5.png Graphic file (type png)
<use images/pca5.png>
Package pdftex.def Info: images/pca5.png  used on input line 3.
(pdftex.def)             Requested size: 245.83282pt x 189.37708pt.
)
File: images/logo_yhk.png Graphic file (type png)
<use images/logo_yhk.png>
Package pdftex.def Info: images/logo_yhk.png  used on input line 942.
(pdftex.def)             Requested size: 17.07164pt x 12.43224pt.
[1539

 <./images/pca5.png>]
\openout4 = `Main_Course_MachineLearning_Presentation.vrb'.

(Main_Course_MachineLearning_Presentation.vrb)
File: images/logo_yhk.png Graphic file (type png)
<use images/logo_yhk.png>
Package pdftex.def Info: images/logo_yhk.png  used on input line 966.
(pdftex.def)             Requested size: 17.07164pt x 12.43224pt.
[1540

]
\openout4 = `Main_Course_MachineLearning_Presentation.vrb'.

(Main_Course_MachineLearning_Presentation.vrb
<images/pca3.png, id=12010, 850.17625pt x 474.77374pt>
File: images/pca3.png Graphic file (type png)
<use images/pca3.png>
Package pdftex.def Info: images/pca3.png  used on input line 9.
(pdftex.def)             Requested size: 202.1521pt x 112.89034pt.
)
Overfull \vbox (0.3017pt too high) detected at line 982
 []

File: images/logo_yhk.png Graphic file (type png)
<use images/logo_yhk.png>
Package pdftex.def Info: images/logo_yhk.png  used on input line 982.
(pdftex.def)             Requested size: 17.07164pt x 12.43224pt.
[1541

 <./images/pca3.png (PNG copy)>]
\openout4 = `Main_Course_MachineLearning_Presentation.vrb'.

(Main_Course_MachineLearning_Presentation.vrb
<images/pca7.png, id=12017, 454.69875pt x 210.7875pt>
File: images/pca7.png Graphic file (type png)
<use images/pca7.png>
Package pdftex.def Info: images/pca7.png  used on input line 4.
(pdftex.def)             Requested size: 307.28987pt x 142.45232pt.
)
File: images/logo_yhk.png Graphic file (type png)
<use images/logo_yhk.png>
Package pdftex.def Info: images/logo_yhk.png  used on input line 993.
(pdftex.def)             Requested size: 17.07164pt x 12.43224pt.
[1542

 <./images/pca7.png>]
\openout4 = `Main_Course_MachineLearning_Presentation.vrb'.

(Main_Course_MachineLearning_Presentation.vrb)
File: images/logo_yhk.png Graphic file (type png)
<use images/logo_yhk.png>
Package pdftex.def Info: images/logo_yhk.png  used on input line 1044.
(pdftex.def)             Requested size: 17.07164pt x 12.43224pt.
[1543

]
\openout4 = `Main_Course_MachineLearning_Presentation.vrb'.

(Main_Course_MachineLearning_Presentation.vrb)
File: images/logo_yhk.png Graphic file (type png)
<use images/logo_yhk.png>
Package pdftex.def Info: images/logo_yhk.png  used on input line 1058.
(pdftex.def)             Requested size: 17.07164pt x 12.43224pt.
[1544

]
\openout4 = `Main_Course_MachineLearning_Presentation.vrb'.

(Main_Course_MachineLearning_Presentation.vrb)
File: images/logo_yhk.png Graphic file (type png)
<use images/logo_yhk.png>
Package pdftex.def Info: images/logo_yhk.png  used on input line 1082.
(pdftex.def)             Requested size: 17.07164pt x 12.43224pt.
[1545

]) (ml_pca_sklearn.tex
\openout4 = `Main_Course_MachineLearning_Presentation.vrb'.

(Main_Course_MachineLearning_Presentation.vrb)
File: images/logo_yhk.png Graphic file (type png)
<use images/logo_yhk.png>
Package pdftex.def Info: images/logo_yhk.png  used on input line 6.
(pdftex.def)             Requested size: 17.07164pt x 12.43224pt.
[1546

]
\openout4 = `Main_Course_MachineLearning_Presentation.vrb'.

(Main_Course_MachineLearning_Presentation.vrb)
File: images/logo_yhk.png Graphic file (type png)
<use images/logo_yhk.png>
Package pdftex.def Info: images/logo_yhk.png  used on input line 20.
(pdftex.def)             Requested size: 17.07164pt x 12.43224pt.
[1547

]
\openout4 = `Main_Course_MachineLearning_Presentation.vrb'.

(Main_Course_MachineLearning_Presentation.vrb)
File: images/logo_yhk.png Graphic file (type png)
<use images/logo_yhk.png>
Package pdftex.def Info: images/logo_yhk.png  used on input line 79.
(pdftex.def)             Requested size: 17.07164pt x 12.43224pt.
[1548

]
\openout4 = `Main_Course_MachineLearning_Presentation.vrb'.

(Main_Course_MachineLearning_Presentation.vrb)
File: images/logo_yhk.png Graphic file (type png)
<use images/logo_yhk.png>
Package pdftex.def Info: images/logo_yhk.png  used on input line 91.
(pdftex.def)             Requested size: 17.07164pt x 12.43224pt.
[1549

]
\openout4 = `Main_Course_MachineLearning_Presentation.vrb'.

(Main_Course_MachineLearning_Presentation.vrb)
File: images/logo_yhk.png Graphic file (type png)
<use images/logo_yhk.png>
Package pdftex.def Info: images/logo_yhk.png  used on input line 111.
(pdftex.def)             Requested size: 17.07164pt x 12.43224pt.
[1550

]
\openout4 = `Main_Course_MachineLearning_Presentation.vrb'.

(Main_Course_MachineLearning_Presentation.vrb)
File: images/logo_yhk.png Graphic file (type png)
<use images/logo_yhk.png>
Package pdftex.def Info: images/logo_yhk.png  used on input line 118.
(pdftex.def)             Requested size: 17.07164pt x 12.43224pt.
[1551

]
\openout4 = `Main_Course_MachineLearning_Presentation.vrb'.

(Main_Course_MachineLearning_Presentation.vrb)
File: images/logo_yhk.png Graphic file (type png)
<use images/logo_yhk.png>
Package pdftex.def Info: images/logo_yhk.png  used on input line 141.
(pdftex.def)             Requested size: 17.07164pt x 12.43224pt.
[1552

]
\openout4 = `Main_Course_MachineLearning_Presentation.vrb'.

(Main_Course_MachineLearning_Presentation.vrb
<images/pca1.png, id=12086, 490.83376pt x 342.27875pt>
File: images/pca1.png Graphic file (type png)
<use images/pca1.png>
Package pdftex.def Info: images/pca1.png  used on input line 4.
(pdftex.def)             Requested size: 122.91406pt x 85.71048pt.
)
File: images/logo_yhk.png Graphic file (type png)
<use images/logo_yhk.png>
Package pdftex.def Info: images/logo_yhk.png  used on input line 163.
(pdftex.def)             Requested size: 17.07164pt x 12.43224pt.
[1553

 <./images/pca1.png>]
\openout4 = `Main_Course_MachineLearning_Presentation.vrb'.

(Main_Course_MachineLearning_Presentation.vrb)
File: images/logo_yhk.png Graphic file (type png)
<use images/logo_yhk.png>
Package pdftex.def Info: images/logo_yhk.png  used on input line 170.
(pdftex.def)             Requested size: 17.07164pt x 12.43224pt.
[1554

]
\openout4 = `Main_Course_MachineLearning_Presentation.vrb'.

(Main_Course_MachineLearning_Presentation.vrb
<images/pca17.png, id=12100, 700.6175pt x 482.80376pt>
File: images/pca17.png Graphic file (type png)
<use images/pca17.png>
Package pdftex.def Info: images/pca17.png  used on input line 14.
(pdftex.def)             Requested size: 153.64493pt x 105.87827pt.
)
File: images/logo_yhk.png Graphic file (type png)
<use images/logo_yhk.png>
Package pdftex.def Info: images/logo_yhk.png  used on input line 188.
(pdftex.def)             Requested size: 17.07164pt x 12.43224pt.
[1555

 <./images/pca17.png>]
\openout4 = `Main_Course_MachineLearning_Presentation.vrb'.

(Main_Course_MachineLearning_Presentation.vrb)
File: images/logo_yhk.png Graphic file (type png)
<use images/logo_yhk.png>
Package pdftex.def Info: images/logo_yhk.png  used on input line 207.
(pdftex.def)             Requested size: 17.07164pt x 12.43224pt.
[1556

]
\openout4 = `Main_Course_MachineLearning_Presentation.vrb'.

(Main_Course_MachineLearning_Presentation.vrb)
File: images/logo_yhk.png Graphic file (type png)
<use images/logo_yhk.png>
Package pdftex.def Info: images/logo_yhk.png  used on input line 220.
(pdftex.def)             Requested size: 17.07164pt x 12.43224pt.
[1557

]
\openout4 = `Main_Course_MachineLearning_Presentation.vrb'.

(Main_Course_MachineLearning_Presentation.vrb)
File: images/logo_yhk.png Graphic file (type png)
<use images/logo_yhk.png>
Package pdftex.def Info: images/logo_yhk.png  used on input line 233.
(pdftex.def)             Requested size: 17.07164pt x 12.43224pt.
[1558

]
\openout4 = `Main_Course_MachineLearning_Presentation.vrb'.

(Main_Course_MachineLearning_Presentation.vrb)
File: images/logo_yhk.png Graphic file (type png)
<use images/logo_yhk.png>
Package pdftex.def Info: images/logo_yhk.png  used on input line 247.
(pdftex.def)             Requested size: 17.07164pt x 12.43224pt.
[1559

]
\openout4 = `Main_Course_MachineLearning_Presentation.vrb'.

(Main_Course_MachineLearning_Presentation.vrb
<images/pca18.png, id=12133, 700.6175pt x 482.80376pt>
File: images/pca18.png Graphic file (type png)
<use images/pca18.png>
Package pdftex.def Info: images/pca18.png  used on input line 3.
(pdftex.def)             Requested size: 153.64493pt x 105.87827pt.
)
File: images/logo_yhk.png Graphic file (type png)
<use images/logo_yhk.png>
Package pdftex.def Info: images/logo_yhk.png  used on input line 258.
(pdftex.def)             Requested size: 17.07164pt x 12.43224pt.
[1560

 <./images/pca18.png>]
\openout4 = `Main_Course_MachineLearning_Presentation.vrb'.

(Main_Course_MachineLearning_Presentation.vrb)
File: images/logo_yhk.png Graphic file (type png)
<use images/logo_yhk.png>
Package pdftex.def Info: images/logo_yhk.png  used on input line 276.
(pdftex.def)             Requested size: 17.07164pt x 12.43224pt.
[1561

] (Main_Course_MachineLearning_Presentation.vrb)
File: images/logo_yhk.png Graphic file (type png)
<use images/logo_yhk.png>
Package pdftex.def Info: images/logo_yhk.png  used on input line 276.
(pdftex.def)             Requested size: 17.07164pt x 12.43224pt.
[1562

]) (ml_svd.tex
\openout4 = `Main_Course_MachineLearning_Presentation.vrb'.

(Main_Course_MachineLearning_Presentation.vrb)
File: images/logo_yhk.png Graphic file (type png)
<use images/logo_yhk.png>
Package pdftex.def Info: images/logo_yhk.png  used on input line 5.
(pdftex.def)             Requested size: 17.07164pt x 12.43224pt.
[1563

]
\openout4 = `Main_Course_MachineLearning_Presentation.vrb'.

(Main_Course_MachineLearning_Presentation.vrb)
File: images/logo_yhk.png Graphic file (type png)
<use images/logo_yhk.png>
Package pdftex.def Info: images/logo_yhk.png  used on input line 16.
(pdftex.def)             Requested size: 17.07164pt x 12.43224pt.
[1564

]
\openout4 = `Main_Course_MachineLearning_Presentation.vrb'.

(Main_Course_MachineLearning_Presentation.vrb
<images/svd4.png, id=12203, 412.54124pt x 258.21469pt>
File: images/svd4.png Graphic file (type png)
<use images/svd4.png>
Package pdftex.def Info: images/svd4.png  used on input line 8.
(pdftex.def)             Requested size: 184.3758pt x 115.40358pt.
)
File: images/logo_yhk.png Graphic file (type png)
<use images/logo_yhk.png>
Package pdftex.def Info: images/logo_yhk.png  used on input line 30.
(pdftex.def)             Requested size: 17.07164pt x 12.43224pt.
[1565

 <./images/svd4.png>]
\openout4 = `Main_Course_MachineLearning_Presentation.vrb'.

(Main_Course_MachineLearning_Presentation.vrb
<images/svd1.png, id=12210, 284.56313pt x 184.43906pt>
File: images/svd1.png Graphic file (type png)
<use images/svd1.png>
Package pdftex.def Info: images/svd1.png  used on input line 3.
(pdftex.def)             Requested size: 245.83282pt x 159.3434pt.
)
File: images/logo_yhk.png Graphic file (type png)
<use images/logo_yhk.png>
Package pdftex.def Info: images/logo_yhk.png  used on input line 39.
(pdftex.def)             Requested size: 17.07164pt x 12.43224pt.
[1566

 <./images/svd1.png>]
\openout4 = `Main_Course_MachineLearning_Presentation.vrb'.

(Main_Course_MachineLearning_Presentation.vrb
<images/svd3.png, id=12218, 284.56313pt x 171.64125pt>
File: images/svd3.png Graphic file (type png)
<use images/svd3.png>
Package pdftex.def Info: images/svd3.png  used on input line 3.
(pdftex.def)             Requested size: 245.83282pt x 148.2869pt.
)
File: images/logo_yhk.png Graphic file (type png)
<use images/logo_yhk.png>
Package pdftex.def Info: images/logo_yhk.png  used on input line 47.
(pdftex.def)             Requested size: 17.07164pt x 12.43224pt.
[1567

 <./images/svd3.png>]
\openout4 = `Main_Course_MachineLearning_Presentation.vrb'.

(Main_Course_MachineLearning_Presentation.vrb
<images/svd5.png, id=12227, 412.54124pt x 220.57407pt>
File: images/svd5.png Graphic file (type png)
<use images/svd5.png>
Package pdftex.def Info: images/svd5.png  used on input line 3.
(pdftex.def)             Requested size: 307.28987pt x 164.30263pt.
)
File: images/logo_yhk.png Graphic file (type png)
<use images/logo_yhk.png>
Package pdftex.def Info: images/logo_yhk.png  used on input line 56.
(pdftex.def)             Requested size: 17.07164pt x 12.43224pt.
[1568

 <./images/svd5.png>]
\openout4 = `Main_Course_MachineLearning_Presentation.vrb'.

(Main_Course_MachineLearning_Presentation.vrb
<images/svd2.png, id=12234, 284.56313pt x 197.23688pt>
File: images/svd2.png Graphic file (type png)
<use images/svd2.png>
Package pdftex.def Info: images/svd2.png  used on input line 3.
(pdftex.def)             Requested size: 245.83282pt x 170.39987pt.
)
File: images/logo_yhk.png Graphic file (type png)
<use images/logo_yhk.png>
Package pdftex.def Info: images/logo_yhk.png  used on input line 66.
(pdftex.def)             Requested size: 17.07164pt x 12.43224pt.
[1569

 <./images/svd2.png>]
\openout4 = `Main_Course_MachineLearning_Presentation.vrb'.

(Main_Course_MachineLearning_Presentation.vrb)
File: images/logo_yhk.png Graphic file (type png)
<use images/logo_yhk.png>
Package pdftex.def Info: images/logo_yhk.png  used on input line 73.
(pdftex.def)             Requested size: 17.07164pt x 12.43224pt.
[1570

]
\openout4 = `Main_Course_MachineLearning_Presentation.vrb'.

(Main_Course_MachineLearning_Presentation.vrb
<images/svd6.png, id=12248, 412.54124pt x 220.57407pt>
File: images/svd6.png Graphic file (type png)
<use images/svd6.png>
Package pdftex.def Info: images/svd6.png  used on input line 4.
(pdftex.def)             Requested size: 245.83282pt x 131.44008pt.
)
File: images/logo_yhk.png Graphic file (type png)
<use images/logo_yhk.png>
Package pdftex.def Info: images/logo_yhk.png  used on input line 83.
(pdftex.def)             Requested size: 17.07164pt x 12.43224pt.
[1571

 <./images/svd6.png>]
\openout4 = `Main_Course_MachineLearning_Presentation.vrb'.

(Main_Course_MachineLearning_Presentation.vrb
<images/svd7.png, id=12255, 439.6425pt x 263.48438pt>
File: images/svd7.png Graphic file (type png)
<use images/svd7.png>
Package pdftex.def Info: images/svd7.png  used on input line 9.
(pdftex.def)             Requested size: 245.83282pt x 147.3291pt.
)
File: images/logo_yhk.png Graphic file (type png)
<use images/logo_yhk.png>
Package pdftex.def Info: images/logo_yhk.png  used on input line 97.
(pdftex.def)             Requested size: 17.07164pt x 12.43224pt.
[1572

 <./images/svd7.png>]
\openout4 = `Main_Course_MachineLearning_Presentation.vrb'.

(Main_Course_MachineLearning_Presentation.vrb
<images/svd8.png, id=12262, 435.87843pt x 233.37187pt>
File: images/svd8.png Graphic file (type png)
<use images/svd8.png>
Package pdftex.def Info: images/svd8.png  used on input line 11.
(pdftex.def)             Requested size: 245.83282pt x 131.62032pt.
)
File: images/logo_yhk.png Graphic file (type png)
<use images/logo_yhk.png>
Package pdftex.def Info: images/logo_yhk.png  used on input line 113.
(pdftex.def)             Requested size: 17.07164pt x 12.43224pt.
[1573

 <./images/svd8.png>]
\openout4 = `Main_Course_MachineLearning_Presentation.vrb'.

(Main_Course_MachineLearning_Presentation.vrb
<images/svd9.png, id=12270, 429.85594pt x 242.40562pt>
File: images/svd9.png Graphic file (type png)
<use images/svd9.png>
Package pdftex.def Info: images/svd9.png  used on input line 8.
(pdftex.def)             Requested size: 245.83282pt x 138.63127pt.
)
File: images/logo_yhk.png Graphic file (type png)
<use images/logo_yhk.png>
Package pdftex.def Info: images/logo_yhk.png  used on input line 126.
(pdftex.def)             Requested size: 17.07164pt x 12.43224pt.
[1574

 <./images/svd9.png>]
\openout4 = `Main_Course_MachineLearning_Presentation.vrb'.

(Main_Course_MachineLearning_Presentation.vrb
<images/svd10.png, id=12277, 449.42906pt x 239.39438pt>
File: images/svd10.png Graphic file (type png)
<use images/svd10.png>
Package pdftex.def Info: images/svd10.png  used on input line 8.
(pdftex.def)             Requested size: 245.83282pt x 130.9477pt.
)
File: images/logo_yhk.png Graphic file (type png)
<use images/logo_yhk.png>
Package pdftex.def Info: images/logo_yhk.png  used on input line 139.
(pdftex.def)             Requested size: 17.07164pt x 12.43224pt.
[1575

 <./images/svd10.png>]
\openout4 = `Main_Course_MachineLearning_Presentation.vrb'.

(Main_Course_MachineLearning_Presentation.vrb)
File: images/logo_yhk.png Graphic file (type png)
<use images/logo_yhk.png>
Package pdftex.def Info: images/logo_yhk.png  used on input line 158.
(pdftex.def)             Requested size: 17.07164pt x 12.43224pt.
[1576

] (Main_Course_MachineLearning_Presentation.vrb)
File: images/logo_yhk.png Graphic file (type png)
<use images/logo_yhk.png>
Package pdftex.def Info: images/logo_yhk.png  used on input line 158.
(pdftex.def)             Requested size: 17.07164pt x 12.43224pt.
[1577

])) (seminar_ml_deployment_content.tex (ml_production.tex
\openout4 = `Main_Course_MachineLearning_Presentation.vrb'.

(Main_Course_MachineLearning_Presentation.vrb)
File: images/logo_yhk.png Graphic file (type png)
<use images/logo_yhk.png>
Package pdftex.def Info: images/logo_yhk.png  used on input line 11.
(pdftex.def)             Requested size: 17.07164pt x 12.43224pt.
[1578

]
File: images/logo_yhk.png Graphic file (type png)
<use images/logo_yhk.png>
Package pdftex.def Info: images/logo_yhk.png  used on input line 23.
(pdftex.def)             Requested size: 17.07164pt x 12.43224pt.
[1579

]
File: images/logo_yhk.png Graphic file (type png)
<use images/logo_yhk.png>
Package pdftex.def Info: images/logo_yhk.png  used on input line 35.
(pdftex.def)             Requested size: 17.07164pt x 12.43224pt.
[1580

]
<images/prod1.png, id=12352, 843.15pt x 127.47626pt>
File: images/prod1.png Graphic file (type png)
<use images/prod1.png>
Package pdftex.def Info: images/prod1.png  used on input line 42.
(pdftex.def)             Requested size: 307.28987pt x 46.45938pt.
File: images/logo_yhk.png Graphic file (type png)
<use images/logo_yhk.png>
Package pdftex.def Info: images/logo_yhk.png  used on input line 42.
(pdftex.def)             Requested size: 17.07164pt x 12.43224pt.
[1581

 <./images/prod1.png>]
File: images/logo_yhk.png Graphic file (type png)
<use images/logo_yhk.png>
Package pdftex.def Info: images/logo_yhk.png  used on input line 51.
(pdftex.def)             Requested size: 17.07164pt x 12.43224pt.
[1582

]
<images/prod2.jpg, id=12366, 1027.84pt x 538.01pt>
File: images/prod2.jpg Graphic file (type jpg)
<use images/prod2.jpg>
Package pdftex.def Info: images/prod2.jpg  used on input line 67.
(pdftex.def)             Requested size: 184.3758pt x 96.50925pt.
File: images/logo_yhk.png Graphic file (type png)
<use images/logo_yhk.png>
Package pdftex.def Info: images/logo_yhk.png  used on input line 67.
(pdftex.def)             Requested size: 17.07164pt x 12.43224pt.
[1583

 <./images/prod2.jpg>]
<images/prod3.png, id=12373, 954.56625pt x 277.035pt>
File: images/prod3.png Graphic file (type png)
<use images/prod3.png>
Package pdftex.def Info: images/prod3.png  used on input line 83.
(pdftex.def)             Requested size: 307.28987pt x 89.1814pt.
File: images/logo_yhk.png Graphic file (type png)
<use images/logo_yhk.png>
Package pdftex.def Info: images/logo_yhk.png  used on input line 83.
(pdftex.def)             Requested size: 17.07164pt x 12.43224pt.
[1584

 <./images/prod3.png (PNG copy)>]
<images/prod4.png, id=12380, 1184.425pt x 446.66875pt>
File: images/prod4.png Graphic file (type png)
<use images/prod4.png>
Package pdftex.def Info: images/prod4.png  used on input line 95.
(pdftex.def)             Requested size: 307.28987pt x 115.88577pt.
File: images/logo_yhk.png Graphic file (type png)
<use images/logo_yhk.png>
Package pdftex.def Info: images/logo_yhk.png  used on input line 95.
(pdftex.def)             Requested size: 17.07164pt x 12.43224pt.
[1585

 <./images/prod4.png>]
<images/prod5.png, id=12388, 1184.425pt x 361.35pt>
File: images/prod5.png Graphic file (type png)
<use images/prod5.png>
Package pdftex.def Info: images/prod5.png  used on input line 107.
(pdftex.def)             Requested size: 307.28987pt x 93.75029pt.
File: images/logo_yhk.png Graphic file (type png)
<use images/logo_yhk.png>
Package pdftex.def Info: images/logo_yhk.png  used on input line 107.
(pdftex.def)             Requested size: 17.07164pt x 12.43224pt.
[1586

 <./images/prod5.png>]
<images/prod6.png, id=12395, 1184.425pt x 454.69875pt>
File: images/prod6.png Graphic file (type png)
<use images/prod6.png>
Package pdftex.def Info: images/prod6.png  used on input line 119.
(pdftex.def)             Requested size: 307.28987pt x 117.9691pt.
File: images/logo_yhk.png Graphic file (type png)
<use images/logo_yhk.png>
Package pdftex.def Info: images/logo_yhk.png  used on input line 119.
(pdftex.def)             Requested size: 17.07164pt x 12.43224pt.
[1587

 <./images/prod6.png>]
<images/prod7.png, id=12402, 1184.425pt x 371.3875pt>
File: images/prod7.png Graphic file (type png)
<use images/prod7.png>
Package pdftex.def Info: images/prod7.png  used on input line 131.
(pdftex.def)             Requested size: 307.28987pt x 96.35446pt.
File: images/logo_yhk.png Graphic file (type png)
<use images/logo_yhk.png>
Package pdftex.def Info: images/logo_yhk.png  used on input line 131.
(pdftex.def)             Requested size: 17.07164pt x 12.43224pt.
[1588

 <./images/prod7.png>]
<images/prod8.png, id=12409, 1184.425pt x 401.5pt>
File: images/prod8.png Graphic file (type png)
<use images/prod8.png>
Package pdftex.def Info: images/prod8.png  used on input line 143.
(pdftex.def)             Requested size: 307.28987pt x 104.16698pt.
File: images/logo_yhk.png Graphic file (type png)
<use images/logo_yhk.png>
Package pdftex.def Info: images/logo_yhk.png  used on input line 143.
(pdftex.def)             Requested size: 17.07164pt x 12.43224pt.
[1589

 <./images/prod8.png>]
<images/prod9.png, id=12416, 753.41475pt x 122.859pt>
File: images/prod9.png Graphic file (type png)
<use images/prod9.png>
Package pdftex.def Info: images/prod9.png  used on input line 154.
(pdftex.def)             Requested size: 307.28987pt x 50.10817pt.
File: images/logo_yhk.png Graphic file (type png)
<use images/logo_yhk.png>
Package pdftex.def Info: images/logo_yhk.png  used on input line 154.
(pdftex.def)             Requested size: 17.07164pt x 12.43224pt.
[1590

 <./images/prod9.png>]
<images/prod10.png, id=12423, 1184.425pt x 521.95pt>
File: images/prod10.png Graphic file (type png)
<use images/prod10.png>
Package pdftex.def Info: images/prod10.png  used on input line 168.
(pdftex.def)             Requested size: 307.28987pt x 135.41708pt.
File: images/logo_yhk.png Graphic file (type png)
<use images/logo_yhk.png>
Package pdftex.def Info: images/logo_yhk.png  used on input line 168.
(pdftex.def)             Requested size: 17.07164pt x 12.43224pt.
[1591

 <./images/prod10.png (PNG copy)>]
<images/prod11.png, id=12431, 901.3675pt x 248.93pt>
File: images/prod11.png Graphic file (type png)
<use images/prod11.png>
Package pdftex.def Info: images/prod11.png  used on input line 179.
(pdftex.def)             Requested size: 307.28987pt x 84.86298pt.
File: images/logo_yhk.png Graphic file (type png)
<use images/logo_yhk.png>
Package pdftex.def Info: images/logo_yhk.png  used on input line 179.
(pdftex.def)             Requested size: 17.07164pt x 12.43224pt.
[1592

 <./images/prod11.png>]
File: images/logo_yhk.png Graphic file (type png)
<use images/logo_yhk.png>
Package pdftex.def Info: images/logo_yhk.png  used on input line 190.
(pdftex.def)             Requested size: 17.07164pt x 12.43224pt.
[1593

]) (ml_predictive_analytics.tex
\openout4 = `Main_Course_MachineLearning_Presentation.vrb'.

(Main_Course_MachineLearning_Presentation.vrb)
File: images/logo_yhk.png Graphic file (type png)
<use images/logo_yhk.png>
Package pdftex.def Info: images/logo_yhk.png  used on input line 11.
(pdftex.def)             Requested size: 17.07164pt x 12.43224pt.
[1594

]
File: images/logo_yhk.png Graphic file (type png)
<use images/logo_yhk.png>
Package pdftex.def Info: images/logo_yhk.png  used on input line 26.
(pdftex.def)             Requested size: 17.07164pt x 12.43224pt.
[1595

]
File: images/logo_yhk.png Graphic file (type png)
<use images/logo_yhk.png>
Package pdftex.def Info: images/logo_yhk.png  used on input line 42.
(pdftex.def)             Requested size: 17.07164pt x 12.43224pt.
[1596

]
File: images/logo_yhk.png Graphic file (type png)
<use images/logo_yhk.png>
Package pdftex.def Info: images/logo_yhk.png  used on input line 57.
(pdftex.def)             Requested size: 17.07164pt x 12.43224pt.
[1597

]
\openout4 = `Main_Course_MachineLearning_Presentation.vrb'.

(Main_Course_MachineLearning_Presentation.vrb)
File: images/logo_yhk.png Graphic file (type png)
<use images/logo_yhk.png>
Package pdftex.def Info: images/logo_yhk.png  used on input line 64.
(pdftex.def)             Requested size: 17.07164pt x 12.43224pt.
[1598

]
<images/predanat3.png, id=12476, 472.01344pt x 306.39468pt>
File: images/predanat3.png Graphic file (type png)
<use images/predanat3.png>
Package pdftex.def Info: images/predanat3.png  used on input line 75.
(pdftex.def)             Requested size: 307.28987pt x 199.47209pt.

Overfull \vbox (1.03348pt too high) detected at line 75
 []

File: images/logo_yhk.png Graphic file (type png)
<use images/logo_yhk.png>
Package pdftex.def Info: images/logo_yhk.png  used on input line 75.
(pdftex.def)             Requested size: 17.07164pt x 12.43224pt.
[1599

 <./images/predanat3.png>]
<images/predanat16.png, id=12484, 626.34pt x 295.1025pt>
File: images/predanat16.png Graphic file (type png)
<use images/predanat16.png>
Package pdftex.def Info: images/predanat16.png  used on input line 86.
(pdftex.def)             Requested size: 307.28987pt x 144.7861pt.
File: images/logo_yhk.png Graphic file (type png)
<use images/logo_yhk.png>
Package pdftex.def Info: images/logo_yhk.png  used on input line 86.
(pdftex.def)             Requested size: 17.07164pt x 12.43224pt.
[1600

 <./images/predanat16.png>]
<images/predanat1.png, id=12491, 602.25pt x 289.08pt>
File: images/predanat1.png Graphic file (type png)
<use images/predanat1.png>
Package pdftex.def Info: images/predanat1.png  used on input line 104.
(pdftex.def)             Requested size: 184.3758pt x 88.50229pt.
File: images/logo_yhk.png Graphic file (type png)
<use images/logo_yhk.png>
Package pdftex.def Info: images/logo_yhk.png  used on input line 104.
(pdftex.def)             Requested size: 17.07164pt x 12.43224pt.
[1601

 <./images/predanat1.png>]
File: images/logo_yhk.png Graphic file (type png)
<use images/logo_yhk.png>
Package pdftex.def Info: images/logo_yhk.png  used on input line 120.
(pdftex.def)             Requested size: 17.07164pt x 12.43224pt.
[1602

]
File: images/logo_yhk.png Graphic file (type png)
<use images/logo_yhk.png>
Package pdftex.def Info: images/logo_yhk.png  used on input line 129.
(pdftex.def)             Requested size: 17.07164pt x 12.43224pt.
[1603

]
File: images/logo_yhk.png Graphic file (type png)
<use images/logo_yhk.png>
Package pdftex.def Info: images/logo_yhk.png  used on input line 140.
(pdftex.def)             Requested size: 17.07164pt x 12.43224pt.
[1604

]
\openout4 = `Main_Course_MachineLearning_Presentation.vrb'.

(Main_Course_MachineLearning_Presentation.vrb)
File: images/logo_yhk.png Graphic file (type png)
<use images/logo_yhk.png>
Package pdftex.def Info: images/logo_yhk.png  used on input line 147.
(pdftex.def)             Requested size: 17.07164pt x 12.43224pt.
[1605

]
<images/predanat5.png, id=12524, 517.18219pt x 322.20375pt>
File: images/predanat5.png Graphic file (type png)
<use images/predanat5.png>
Package pdftex.def Info: images/predanat5.png  used on input line 159.
(pdftex.def)             Requested size: 307.28987pt x 191.44566pt.
File: images/logo_yhk.png Graphic file (type png)
<use images/logo_yhk.png>
Package pdftex.def Info: images/logo_yhk.png  used on input line 159.
(pdftex.def)             Requested size: 17.07164pt x 12.43224pt.
[1606

 <./images/predanat5.png>]
File: images/logo_yhk.png Graphic file (type png)
<use images/logo_yhk.png>
Package pdftex.def Info: images/logo_yhk.png  used on input line 175.
(pdftex.def)             Requested size: 17.07164pt x 12.43224pt.
[1607

]
File: images/logo_yhk.png Graphic file (type png)
<use images/logo_yhk.png>
Package pdftex.def Info: images/logo_yhk.png  used on input line 190.
(pdftex.def)             Requested size: 17.07164pt x 12.43224pt.
[1608

]
File: images/logo_yhk.png Graphic file (type png)
<use images/logo_yhk.png>
Package pdftex.def Info: images/logo_yhk.png  used on input line 208.
(pdftex.def)             Requested size: 17.07164pt x 12.43224pt.
[1609

]
\openout4 = `Main_Course_MachineLearning_Presentation.vrb'.

(Main_Course_MachineLearning_Presentation.vrb)
File: images/logo_yhk.png Graphic file (type png)
<use images/logo_yhk.png>
Package pdftex.def Info: images/logo_yhk.png  used on input line 216.
(pdftex.def)             Requested size: 17.07164pt x 12.43224pt.
[1610

]
File: images/logo_yhk.png Graphic file (type png)
<use images/logo_yhk.png>
Package pdftex.def Info: images/logo_yhk.png  used on input line 229.
(pdftex.def)             Requested size: 17.07164pt x 12.43224pt.
[1611

]
File: images/logo_yhk.png Graphic file (type png)
<use images/logo_yhk.png>
Package pdftex.def Info: images/logo_yhk.png  used on input line 243.
(pdftex.def)             Requested size: 17.07164pt x 12.43224pt.
[1612

]
File: images/logo_yhk.png Graphic file (type png)
<use images/logo_yhk.png>
Package pdftex.def Info: images/logo_yhk.png  used on input line 255.
(pdftex.def)             Requested size: 17.07164pt x 12.43224pt.
[1613

]
\openout4 = `Main_Course_MachineLearning_Presentation.vrb'.

(Main_Course_MachineLearning_Presentation.vrb)
File: images/logo_yhk.png Graphic file (type png)
<use images/logo_yhk.png>
Package pdftex.def Info: images/logo_yhk.png  used on input line 262.
(pdftex.def)             Requested size: 17.07164pt x 12.43224pt.
[1614

]
File: images/logo_yhk.png Graphic file (type png)
<use images/logo_yhk.png>
Package pdftex.def Info: images/logo_yhk.png  used on input line 275.
(pdftex.def)             Requested size: 17.07164pt x 12.43224pt.
[1615

]
File: images/logo_yhk.png Graphic file (type png)
<use images/logo_yhk.png>
Package pdftex.def Info: images/logo_yhk.png  used on input line 287.
(pdftex.def)             Requested size: 17.07164pt x 12.43224pt.
[1616

]
File: images/logo_yhk.png Graphic file (type png)
<use images/logo_yhk.png>
Package pdftex.def Info: images/logo_yhk.png  used on input line 299.
(pdftex.def)             Requested size: 17.07164pt x 12.43224pt.
[1617

]
File: images/logo_yhk.png Graphic file (type png)
<use images/logo_yhk.png>
Package pdftex.def Info: images/logo_yhk.png  used on input line 309.
(pdftex.def)             Requested size: 17.07164pt x 12.43224pt.
[1618

]
<images/predanat21.jpeg, id=12605, 1027.84pt x 745.78625pt>
File: images/predanat21.jpeg Graphic file (type jpg)
<use images/predanat21.jpeg>
Package pdftex.def Info: images/predanat21.jpeg  used on input line 320.
(pdftex.def)             Requested size: 307.28987pt x 222.96378pt.

Overfull \vbox (12.32516pt too high) detected at line 320
 []

File: images/logo_yhk.png Graphic file (type png)
<use images/logo_yhk.png>
Package pdftex.def Info: images/logo_yhk.png  used on input line 320.
(pdftex.def)             Requested size: 17.07164pt x 12.43224pt.
[1619

 <./images/predanat21.jpeg>]
<images/predanat17.png, id=12612, 662.475pt x 310.15875pt>
File: images/predanat17.png Graphic file (type png)
<use images/predanat17.png>
Package pdftex.def Info: images/predanat17.png  used on input line 333.
(pdftex.def)             Requested size: 307.28987pt x 143.86737pt.
File: images/logo_yhk.png Graphic file (type png)
<use images/logo_yhk.png>
Package pdftex.def Info: images/logo_yhk.png  used on input line 333.
(pdftex.def)             Requested size: 17.07164pt x 12.43224pt.
[1620

 <./images/predanat17.png>]
\openout4 = `Main_Course_MachineLearning_Presentation.vrb'.

(Main_Course_MachineLearning_Presentation.vrb)
File: images/logo_yhk.png Graphic file (type png)
<use images/logo_yhk.png>
Package pdftex.def Info: images/logo_yhk.png  used on input line 341.
(pdftex.def)             Requested size: 17.07164pt x 12.43224pt.
[1621

]
File: images/logo_yhk.png Graphic file (type png)
<use images/logo_yhk.png>
Package pdftex.def Info: images/logo_yhk.png  used on input line 352.
(pdftex.def)             Requested size: 17.07164pt x 12.43224pt.
[1622

]
File: images/logo_yhk.png Graphic file (type png)
<use images/logo_yhk.png>
Package pdftex.def Info: images/logo_yhk.png  used on input line 363.
(pdftex.def)             Requested size: 17.07164pt x 12.43224pt.
[1623

]
<images/predanat18.png, id=12638, 601.4972pt x 308.65312pt>
File: images/predanat18.png Graphic file (type png)
<use images/predanat18.png>
Package pdftex.def Info: images/predanat18.png  used on input line 374.
(pdftex.def)             Requested size: 307.28987pt x 157.68887pt.
File: images/logo_yhk.png Graphic file (type png)
<use images/logo_yhk.png>
Package pdftex.def Info: images/logo_yhk.png  used on input line 374.
(pdftex.def)             Requested size: 17.07164pt x 12.43224pt.
[1624

 <./images/predanat18.png>]
<images/predanat19.png, id=12645, 554.82281pt x 330.48468pt>
File: images/predanat19.png Graphic file (type png)
<use images/predanat19.png>
Package pdftex.def Info: images/predanat19.png  used on input line 385.
(pdftex.def)             Requested size: 307.28987pt x 183.03792pt.
File: images/logo_yhk.png Graphic file (type png)
<use images/logo_yhk.png>
Package pdftex.def Info: images/logo_yhk.png  used on input line 385.
(pdftex.def)             Requested size: 17.07164pt x 12.43224pt.
[1625

 <./images/predanat19.png>]
\openout4 = `Main_Course_MachineLearning_Presentation.vrb'.

(Main_Course_MachineLearning_Presentation.vrb)
File: images/logo_yhk.png Graphic file (type png)
<use images/logo_yhk.png>
Package pdftex.def Info: images/logo_yhk.png  used on input line 415.
(pdftex.def)             Requested size: 17.07164pt x 12.43224pt.
[1626

]
<images/predanat20.png, id=12658, 618.81187pt x 328.97906pt>
File: images/predanat20.png Graphic file (type png)
<use images/predanat20.png>
Package pdftex.def Info: images/predanat20.png  used on input line 427.
(pdftex.def)             Requested size: 307.28987pt x 163.3697pt.
File: images/logo_yhk.png Graphic file (type png)
<use images/logo_yhk.png>
Package pdftex.def Info: images/logo_yhk.png  used on input line 427.
(pdftex.def)             Requested size: 17.07164pt x 12.43224pt.
[1627

 <./images/predanat20.png>]
<images/predanat2.png, id=12666, 343.2825pt x 155.07938pt>
File: images/predanat2.png Graphic file (type png)
<use images/predanat2.png>
Package pdftex.def Info: images/predanat2.png  used on input line 439.
(pdftex.def)             Requested size: 307.28987pt x 138.81764pt.
File: images/logo_yhk.png Graphic file (type png)
<use images/logo_yhk.png>
Package pdftex.def Info: images/logo_yhk.png  used on input line 439.
(pdftex.def)             Requested size: 17.07164pt x 12.43224pt.
[1628

 <./images/predanat2.png>]
File: images/logo_yhk.png Graphic file (type png)
<use images/logo_yhk.png>
Package pdftex.def Info: images/logo_yhk.png  used on input line 452.
(pdftex.def)             Requested size: 17.07164pt x 12.43224pt.
[1629

]
File: images/logo_yhk.png Graphic file (type png)
<use images/logo_yhk.png>
Package pdftex.def Info: images/logo_yhk.png  used on input line 468.
(pdftex.def)             Requested size: 17.07164pt x 12.43224pt.
[1630

]
File: images/logo_yhk.png Graphic file (type png)
<use images/logo_yhk.png>
Package pdftex.def Info: images/logo_yhk.png  used on input line 480.
(pdftex.def)             Requested size: 17.07164pt x 12.43224pt.
[1631

]
\openout4 = `Main_Course_MachineLearning_Presentation.vrb'.

(Main_Course_MachineLearning_Presentation.vrb)
File: images/logo_yhk.png Graphic file (type png)
<use images/logo_yhk.png>
Package pdftex.def Info: images/logo_yhk.png  used on input line 487.
(pdftex.def)             Requested size: 17.07164pt x 12.43224pt.
[1632

]
<images/predanat6.png, id=12697, 526.21594pt x 335.75438pt>
File: images/predanat6.png Graphic file (type png)
<use images/predanat6.png>
Package pdftex.def Info: images/predanat6.png  used on input line 500.
(pdftex.def)             Requested size: 307.28987pt x 196.07483pt.
File: images/logo_yhk.png Graphic file (type png)
<use images/logo_yhk.png>
Package pdftex.def Info: images/logo_yhk.png  used on input line 500.
(pdftex.def)             Requested size: 17.07164pt x 12.43224pt.
[1633

 <./images/predanat6.png>]
<images/predanat8.png, id=12705, 722.7pt x 406.51875pt>
File: images/predanat8.png Graphic file (type png)
<use images/predanat8.png>
Package pdftex.def Info: images/predanat8.png  used on input line 512.
(pdftex.def)             Requested size: 307.28987pt x 172.85191pt.
File: images/logo_yhk.png Graphic file (type png)
<use images/logo_yhk.png>
Package pdftex.def Info: images/logo_yhk.png  used on input line 512.
(pdftex.def)             Requested size: 17.07164pt x 12.43224pt.
[1634

 <./images/predanat8.png>]
<images/predanat9.png, id=12713, 722.7pt x 406.51875pt>
File: images/predanat9.png Graphic file (type png)
<use images/predanat9.png>
Package pdftex.def Info: images/predanat9.png  used on input line 524.
(pdftex.def)             Requested size: 307.28987pt x 172.85191pt.
File: images/logo_yhk.png Graphic file (type png)
<use images/logo_yhk.png>
Package pdftex.def Info: images/logo_yhk.png  used on input line 524.
(pdftex.def)             Requested size: 17.07164pt x 12.43224pt.
[1635

 <./images/predanat9.png>]
<images/predanat10.png, id=12721, 722.7pt x 406.51875pt>
File: images/predanat10.png Graphic file (type png)
<use images/predanat10.png>
Package pdftex.def Info: images/predanat10.png  used on input line 536.
(pdftex.def)             Requested size: 307.28987pt x 172.85191pt.
File: images/logo_yhk.png Graphic file (type png)
<use images/logo_yhk.png>
Package pdftex.def Info: images/logo_yhk.png  used on input line 536.
(pdftex.def)             Requested size: 17.07164pt x 12.43224pt.
[1636

 <./images/predanat10.png>]
<images/predanat11.png, id=12729, 722.7pt x 406.51875pt>
File: images/predanat11.png Graphic file (type png)
<use images/predanat11.png>
Package pdftex.def Info: images/predanat11.png  used on input line 548.
(pdftex.def)             Requested size: 307.28987pt x 172.85191pt.
File: images/logo_yhk.png Graphic file (type png)
<use images/logo_yhk.png>
Package pdftex.def Info: images/logo_yhk.png  used on input line 548.
(pdftex.def)             Requested size: 17.07164pt x 12.43224pt.
[1637

 <./images/predanat11.png>]
<images/predanat12.png, id=12737, 722.7pt x 406.51875pt>
File: images/predanat12.png Graphic file (type png)
<use images/predanat12.png>
Package pdftex.def Info: images/predanat12.png  used on input line 560.
(pdftex.def)             Requested size: 307.28987pt x 172.85191pt.
File: images/logo_yhk.png Graphic file (type png)
<use images/logo_yhk.png>
Package pdftex.def Info: images/logo_yhk.png  used on input line 560.
(pdftex.def)             Requested size: 17.07164pt x 12.43224pt.
[1638

 <./images/predanat12.png>]
<images/predanat13.png, id=12745, 722.7pt x 406.51875pt>
File: images/predanat13.png Graphic file (type png)
<use images/predanat13.png>
Package pdftex.def Info: images/predanat13.png  used on input line 572.
(pdftex.def)             Requested size: 307.28987pt x 172.85191pt.
File: images/logo_yhk.png Graphic file (type png)
<use images/logo_yhk.png>
Package pdftex.def Info: images/logo_yhk.png  used on input line 572.
(pdftex.def)             Requested size: 17.07164pt x 12.43224pt.
[1639

 <./images/predanat13.png>]
<images/predanat14.png, id=12754, 722.7pt x 406.51875pt>
File: images/predanat14.png Graphic file (type png)
<use images/predanat14.png>
Package pdftex.def Info: images/predanat14.png  used on input line 584.
(pdftex.def)             Requested size: 307.28987pt x 172.85191pt.
File: images/logo_yhk.png Graphic file (type png)
<use images/logo_yhk.png>
Package pdftex.def Info: images/logo_yhk.png  used on input line 584.
(pdftex.def)             Requested size: 17.07164pt x 12.43224pt.
[1640

 <./images/predanat14.png>]
<images/predanat15.png, id=12762, 722.7pt x 406.51875pt>
File: images/predanat15.png Graphic file (type png)
<use images/predanat15.png>
Package pdftex.def Info: images/predanat15.png  used on input line 596.
(pdftex.def)             Requested size: 307.28987pt x 172.85191pt.
File: images/logo_yhk.png Graphic file (type png)
<use images/logo_yhk.png>
Package pdftex.def Info: images/logo_yhk.png  used on input line 596.
(pdftex.def)             Requested size: 17.07164pt x 12.43224pt.
[1641

 <./images/predanat15.png>]
File: images/logo_yhk.png Graphic file (type png)
<use images/logo_yhk.png>
Package pdftex.def Info: images/logo_yhk.png  used on input line 613.
(pdftex.def)             Requested size: 17.07164pt x 12.43224pt.
[1642

]
\openout4 = `Main_Course_MachineLearning_Presentation.vrb'.

(Main_Course_MachineLearning_Presentation.vrb)
File: images/logo_yhk.png Graphic file (type png)
<use images/logo_yhk.png>
Package pdftex.def Info: images/logo_yhk.png  used on input line 622.
(pdftex.def)             Requested size: 17.07164pt x 12.43224pt.
[1643

]
\openout4 = `Main_Course_MachineLearning_Presentation.vrb'.

(Main_Course_MachineLearning_Presentation.vrb)
File: images/logo_yhk.png Graphic file (type png)
<use images/logo_yhk.png>
Package pdftex.def Info: images/logo_yhk.png  used on input line 633.
(pdftex.def)             Requested size: 17.07164pt x 12.43224pt.
[1644

]) (ml_conclusion.tex
\openout4 = `Main_Course_MachineLearning_Presentation.vrb'.

(Main_Course_MachineLearning_Presentation.vrb)
File: images/logo_yhk.png Graphic file (type png)
<use images/logo_yhk.png>
Package pdftex.def Info: images/logo_yhk.png  used on input line 6.
(pdftex.def)             Requested size: 17.07164pt x 12.43224pt.
[1645

]
\openout4 = `Main_Course_MachineLearning_Presentation.vrb'.

(Main_Course_MachineLearning_Presentation.vrb
<images/xkcdml.jpg, id=12814, 640.3925pt x 494.84875pt>
File: images/xkcdml.jpg Graphic file (type jpg)
<use images/xkcdml.jpg>
Package pdftex.def Info: images/xkcdml.jpg  used on input line 3.
(pdftex.def)             Requested size: 245.83282pt x 189.95482pt.
)
File: images/logo_yhk.png Graphic file (type png)
<use images/logo_yhk.png>
Package pdftex.def Info: images/logo_yhk.png  used on input line 13.
(pdftex.def)             Requested size: 17.07164pt x 12.43224pt.
[1646

 <./images/xkcdml.jpg>]
\openout4 = `Main_Course_MachineLearning_Presentation.vrb'.

(Main_Course_MachineLearning_Presentation.vrb)
File: images/logo_yhk.png Graphic file (type png)
<use images/logo_yhk.png>
Package pdftex.def Info: images/logo_yhk.png  used on input line 22.
(pdftex.def)             Requested size: 17.07164pt x 12.43224pt.
[1647

]
File: images/logo_yhk.png Graphic file (type png)
<use images/logo_yhk.png>
Package pdftex.def Info: images/logo_yhk.png  used on input line 55.
(pdftex.def)             Requested size: 17.07164pt x 12.43224pt.
[1648

]
File: images/logo_yhk.png Graphic file (type png)
<use images/logo_yhk.png>
Package pdftex.def Info: images/logo_yhk.png  used on input line 88.
(pdftex.def)             Requested size: 17.07164pt x 12.43224pt.
[1649

]
File: images/logo_yhk.png Graphic file (type png)
<use images/logo_yhk.png>
Package pdftex.def Info: images/logo_yhk.png  used on input line 123.
(pdftex.def)             Requested size: 17.07164pt x 12.43224pt.
[1650

]
File: images/logo_yhk.png Graphic file (type png)
<use images/logo_yhk.png>
Package pdftex.def Info: images/logo_yhk.png  used on input line 158.
(pdftex.def)             Requested size: 17.07164pt x 12.43224pt.
[1651

]
\openout4 = `Main_Course_MachineLearning_Presentation.vrb'.

(Main_Course_MachineLearning_Presentation.vrb)
File: images/logo_yhk.png Graphic file (type png)
<use images/logo_yhk.png>
Package pdftex.def Info: images/logo_yhk.png  used on input line 179.
(pdftex.def)             Requested size: 17.07164pt x 12.43224pt.
[1652

]
\openout4 = `Main_Course_MachineLearning_Presentation.vrb'.

(Main_Course_MachineLearning_Presentation.vrb
<images/mlall.png, id=12858, 1360.33218pt x 432.86719pt>
File: images/mlall.png Graphic file (type png)
<use images/mlall.png>
Package pdftex.def Info: images/mlall.png  used on input line 3.
(pdftex.def)             Requested size: 307.28987pt x 97.78061pt.
)
File: images/logo_yhk.png Graphic file (type png)
<use images/logo_yhk.png>
Package pdftex.def Info: images/logo_yhk.png  used on input line 187.
(pdftex.def)             Requested size: 17.07164pt x 12.43224pt.
[1653

 <./images/mlall.png>]
\openout4 = `Main_Course_MachineLearning_Presentation.vrb'.

(Main_Course_MachineLearning_Presentation.vrb)
File: images/logo_yhk.png Graphic file (type png)
<use images/logo_yhk.png>
Package pdftex.def Info: images/logo_yhk.png  used on input line 194.
(pdftex.def)             Requested size: 17.07164pt x 12.43224pt.
[1654

]
File: images/logo_yhk.png Graphic file (type png)
<use images/logo_yhk.png>
Package pdftex.def Info: images/logo_yhk.png  used on input line 218.
(pdftex.def)             Requested size: 17.07164pt x 12.43224pt.
[1655

]
File: images/logo_yhk.png Graphic file (type png)
<use images/logo_yhk.png>
Package pdftex.def Info: images/logo_yhk.png  used on input line 243.
(pdftex.def)             Requested size: 17.07164pt x 12.43224pt.
[1656

]
File: images/logo_yhk.png Graphic file (type png)
<use images/logo_yhk.png>
Package pdftex.def Info: images/logo_yhk.png  used on input line 264.
(pdftex.def)             Requested size: 17.07164pt x 12.43224pt.
[1657

]) (ml_conclusion_sklearn.tex
\openout4 = `Main_Course_MachineLearning_Presentation.vrb'.

(Main_Course_MachineLearning_Presentation.vrb)
File: images/logo_yhk.png Graphic file (type png)
<use images/logo_yhk.png>
Package pdftex.def Info: images/logo_yhk.png  used on input line 6.
(pdftex.def)             Requested size: 17.07164pt x 12.43224pt.
[1658

]
\openout4 = `Main_Course_MachineLearning_Presentation.vrb'.

(Main_Course_MachineLearning_Presentation.vrb)
File: images/logo_yhk.png Graphic file (type png)
<use images/logo_yhk.png>
Package pdftex.def Info: images/logo_yhk.png  used on input line 19.
(pdftex.def)             Requested size: 17.07164pt x 12.43224pt.
[1659

]
\openout4 = `Main_Course_MachineLearning_Presentation.vrb'.

(Main_Course_MachineLearning_Presentation.vrb)
File: images/logo_yhk.png Graphic file (type png)
<use images/logo_yhk.png>
Package pdftex.def Info: images/logo_yhk.png  used on input line 41.
(pdftex.def)             Requested size: 17.07164pt x 12.43224pt.
[1660

]
\openout4 = `Main_Course_MachineLearning_Presentation.vrb'.

(Main_Course_MachineLearning_Presentation.vrb)
File: images/logo_yhk.png Graphic file (type png)
<use images/logo_yhk.png>
Package pdftex.def Info: images/logo_yhk.png  used on input line 64.
(pdftex.def)             Requested size: 17.07164pt x 12.43224pt.
[1661

]
\openout4 = `Main_Course_MachineLearning_Presentation.vrb'.

(Main_Course_MachineLearning_Presentation.vrb)
File: images/logo_yhk.png Graphic file (type png)
<use images/logo_yhk.png>
Package pdftex.def Info: images/logo_yhk.png  used on input line 87.
(pdftex.def)             Requested size: 17.07164pt x 12.43224pt.
[1662

]
\openout4 = `Main_Course_MachineLearning_Presentation.vrb'.

(Main_Course_MachineLearning_Presentation.vrb)
File: images/logo_yhk.png Graphic file (type png)
<use images/logo_yhk.png>
Package pdftex.def Info: images/logo_yhk.png  used on input line 109.
(pdftex.def)             Requested size: 17.07164pt x 12.43224pt.
[1663

]
\openout4 = `Main_Course_MachineLearning_Presentation.vrb'.

(Main_Course_MachineLearning_Presentation.vrb)
File: images/logo_yhk.png Graphic file (type png)
<use images/logo_yhk.png>
Package pdftex.def Info: images/logo_yhk.png  used on input line 131.
(pdftex.def)             Requested size: 17.07164pt x 12.43224pt.
[1664

]
\openout4 = `Main_Course_MachineLearning_Presentation.vrb'.

(Main_Course_MachineLearning_Presentation.vrb)
File: images/logo_yhk.png Graphic file (type png)
<use images/logo_yhk.png>
Package pdftex.def Info: images/logo_yhk.png  used on input line 148.
(pdftex.def)             Requested size: 17.07164pt x 12.43224pt.
[1665

]) (ml_refs.tex
File: images/logo_yhk.png Graphic file (type png)
<use images/logo_yhk.png>
Package pdftex.def Info: images/logo_yhk.png  used on input line 12.
(pdftex.def)             Requested size: 17.07164pt x 12.43224pt.
[1666

]
File: images/logo_yhk.png Graphic file (type png)
<use images/logo_yhk.png>
Package pdftex.def Info: images/logo_yhk.png  used on input line 61.
(pdftex.def)             Requested size: 17.07164pt x 12.43224pt.
[1667

]
File: images/logo_yhk.png Graphic file (type png)
<use images/logo_yhk.png>
Package pdftex.def Info: images/logo_yhk.png  used on input line 85.
(pdftex.def)             Requested size: 17.07164pt x 12.43224pt.
[1668

]
Overfull \hbox (8.0897pt too wide) in paragraph at lines 110--110
\OT1/lmss/m/n/8 https://www.kaggle.com/datasets/sudalairajkumar/cryptocurrencyp
ricehistory  
 []

File: images/logo_yhk.png Graphic file (type png)
<use images/logo_yhk.png>
Package pdftex.def Info: images/logo_yhk.png  used on input line 110.
(pdftex.def)             Requested size: 17.07164pt x 12.43224pt.
[1669

]
File: images/logo_yhk.png Graphic file (type png)
<use images/logo_yhk.png>
Package pdftex.def Info: images/logo_yhk.png  used on input line 131.
(pdftex.def)             Requested size: 17.07164pt x 12.43224pt.
[1670

]
File: images/logo_yhk.png Graphic file (type png)
<use images/logo_yhk.png>
Package pdftex.def Info: images/logo_yhk.png  used on input line 160.
(pdftex.def)             Requested size: 17.07164pt x 12.43224pt.
[1671

]
File: images/logo_yhk.png Graphic file (type png)
<use images/logo_yhk.png>
Package pdftex.def Info: images/logo_yhk.png  used on input line 178.
(pdftex.def)             Requested size: 17.07164pt x 12.43224pt.
[1672

]
File: images/logo_yhk.png Graphic file (type png)
<use images/logo_yhk.png>
Package pdftex.def Info: images/logo_yhk.png  used on input line 203.
(pdftex.def)             Requested size: 17.07164pt x 12.43224pt.
[1673

]
File: images/logo_yhk.png Graphic file (type png)
<use images/logo_yhk.png>
Package pdftex.def Info: images/logo_yhk.png  used on input line 223.
(pdftex.def)             Requested size: 17.07164pt x 12.43224pt.
[1674

]))) (ml_course_demo1_data_exploration_churn.tex
\openout4 = `Main_Course_MachineLearning_Presentation.vrb'.

(Main_Course_MachineLearning_Presentation.vrb)
File: images/logo_yhk.png Graphic file (type png)
<use images/logo_yhk.png>
Package pdftex.def Info: images/logo_yhk.png  used on input line 8.
(pdftex.def)             Requested size: 17.07164pt x 12.43224pt.
[1675

]
\openout4 = `Main_Course_MachineLearning_Presentation.vrb'.

(Main_Course_MachineLearning_Presentation.vrb)
File: images/logo_yhk.png Graphic file (type png)
<use images/logo_yhk.png>
Package pdftex.def Info: images/logo_yhk.png  used on input line 22.
(pdftex.def)             Requested size: 17.07164pt x 12.43224pt.
[1676

]
\openout4 = `Main_Course_MachineLearning_Presentation.vrb'.

(Main_Course_MachineLearning_Presentation.vrb
<images/churn1.png, id=13008, 489.32813pt x 115.43124pt>
File: images/churn1.png Graphic file (type png)
<use images/churn1.png>
Package pdftex.def Info: images/churn1.png  used on input line 7.
(pdftex.def)             Requested size: 307.28987pt x 72.48956pt.
)
File: images/logo_yhk.png Graphic file (type png)
<use images/logo_yhk.png>
Package pdftex.def Info: images/logo_yhk.png  used on input line 35.
(pdftex.def)             Requested size: 17.07164pt x 12.43224pt.
[1677

 <./images/churn1.png>]
\openout4 = `Main_Course_MachineLearning_Presentation.vrb'.

(Main_Course_MachineLearning_Presentation.vrb)
File: images/logo_yhk.png Graphic file (type png)
<use images/logo_yhk.png>
Package pdftex.def Info: images/logo_yhk.png  used on input line 45.
(pdftex.def)             Requested size: 17.07164pt x 12.43224pt.
[1678

]
\openout4 = `Main_Course_MachineLearning_Presentation.vrb'.

(Main_Course_MachineLearning_Presentation.vrb)
File: images/logo_yhk.png Graphic file (type png)
<use images/logo_yhk.png>
Package pdftex.def Info: images/logo_yhk.png  used on input line 62.
(pdftex.def)             Requested size: 17.07164pt x 12.43224pt.
[1679

]
\openout4 = `Main_Course_MachineLearning_Presentation.vrb'.

(Main_Course_MachineLearning_Presentation.vrb)
File: images/logo_yhk.png Graphic file (type png)
<use images/logo_yhk.png>
Package pdftex.def Info: images/logo_yhk.png  used on input line 85.
(pdftex.def)             Requested size: 17.07164pt x 12.43224pt.
[1680

]
\openout4 = `Main_Course_MachineLearning_Presentation.vrb'.

(Main_Course_MachineLearning_Presentation.vrb
<images/churn2.png, id=13033, 724.7075pt x 225.34187pt>
File: images/churn2.png Graphic file (type png)
<use images/churn2.png>
Package pdftex.def Info: images/churn2.png  used on input line 7.
(pdftex.def)             Requested size: 307.28987pt x 95.55067pt.
)
File: images/logo_yhk.png Graphic file (type png)
<use images/logo_yhk.png>
Package pdftex.def Info: images/logo_yhk.png  used on input line 97.
(pdftex.def)             Requested size: 17.07164pt x 12.43224pt.
[1681

 <./images/churn2.png>]
\openout4 = `Main_Course_MachineLearning_Presentation.vrb'.

(Main_Course_MachineLearning_Presentation.vrb
<images/churn3.png, id=13041, 263.48438pt x 115.43124pt>
File: images/churn3.png Graphic file (type png)
<use images/churn3.png>
Package pdftex.def Info: images/churn3.png  used on input line 7.
(pdftex.def)             Requested size: 153.64493pt x 67.31476pt.
)
File: images/logo_yhk.png Graphic file (type png)
<use images/logo_yhk.png>
Package pdftex.def Info: images/logo_yhk.png  used on input line 108.
(pdftex.def)             Requested size: 17.07164pt x 12.43224pt.
[1682

 <./images/churn3.png>]
\openout4 = `Main_Course_MachineLearning_Presentation.vrb'.

(Main_Course_MachineLearning_Presentation.vrb)
File: images/logo_yhk.png Graphic file (type png)
<use images/logo_yhk.png>
Package pdftex.def Info: images/logo_yhk.png  used on input line 122.
(pdftex.def)             Requested size: 17.07164pt x 12.43224pt.
[1683

]
\openout4 = `Main_Course_MachineLearning_Presentation.vrb'.

(Main_Course_MachineLearning_Presentation.vrb)
File: images/logo_yhk.png Graphic file (type png)
<use images/logo_yhk.png>
Package pdftex.def Info: images/logo_yhk.png  used on input line 136.
(pdftex.def)             Requested size: 17.07164pt x 12.43224pt.
[1684

]
\openout4 = `Main_Course_MachineLearning_Presentation.vrb'.

(Main_Course_MachineLearning_Presentation.vrb
<images/churn4.png, id=13060, 748.7975pt x 162.6075pt>
File: images/churn4.png Graphic file (type png)
<use images/churn4.png>
Package pdftex.def Info: images/churn4.png  used on input line 7.
(pdftex.def)             Requested size: 307.28987pt x 66.73152pt.
)
File: images/logo_yhk.png Graphic file (type png)
<use images/logo_yhk.png>
Package pdftex.def Info: images/logo_yhk.png  used on input line 147.
(pdftex.def)             Requested size: 17.07164pt x 12.43224pt.
[1685

 <./images/churn4.png>]
\openout4 = `Main_Course_MachineLearning_Presentation.vrb'.

(Main_Course_MachineLearning_Presentation.vrb
<images/churn5.png, id=13067, 748.29562pt x 163.10938pt>
File: images/churn5.png Graphic file (type png)
<use images/churn5.png>
Package pdftex.def Info: images/churn5.png  used on input line 8.
(pdftex.def)             Requested size: 307.28987pt x 66.98228pt.
)
File: images/logo_yhk.png Graphic file (type png)
<use images/logo_yhk.png>
Package pdftex.def Info: images/logo_yhk.png  used on input line 159.
(pdftex.def)             Requested size: 17.07164pt x 12.43224pt.
[1686

 <./images/churn5.png>]
\openout4 = `Main_Course_MachineLearning_Presentation.vrb'.

(Main_Course_MachineLearning_Presentation.vrb)
File: images/logo_yhk.png Graphic file (type png)
<use images/logo_yhk.png>
Package pdftex.def Info: images/logo_yhk.png  used on input line 173.
(pdftex.def)             Requested size: 17.07164pt x 12.43224pt.
[1687

]
\openout4 = `Main_Course_MachineLearning_Presentation.vrb'.

(Main_Course_MachineLearning_Presentation.vrb)
File: images/logo_yhk.png Graphic file (type png)
<use images/logo_yhk.png>
Package pdftex.def Info: images/logo_yhk.png  used on input line 184.
(pdftex.def)             Requested size: 17.07164pt x 12.43224pt.
[1688

]
\openout4 = `Main_Course_MachineLearning_Presentation.vrb'.

(Main_Course_MachineLearning_Presentation.vrb)
File: images/logo_yhk.png Graphic file (type png)
<use images/logo_yhk.png>
Package pdftex.def Info: images/logo_yhk.png  used on input line 206.
(pdftex.def)             Requested size: 17.07164pt x 12.43224pt.
[1689

]
\openout4 = `Main_Course_MachineLearning_Presentation.vrb'.

(Main_Course_MachineLearning_Presentation.vrb)
File: images/logo_yhk.png Graphic file (type png)
<use images/logo_yhk.png>
Package pdftex.def Info: images/logo_yhk.png  used on input line 217.
(pdftex.def)             Requested size: 17.07164pt x 12.43224pt.
[1690

]
\openout4 = `Main_Course_MachineLearning_Presentation.vrb'.

(Main_Course_MachineLearning_Presentation.vrb)
File: images/logo_yhk.png Graphic file (type png)
<use images/logo_yhk.png>
Package pdftex.def Info: images/logo_yhk.png  used on input line 228.
(pdftex.def)             Requested size: 17.07164pt x 12.43224pt.
[1691

]
\openout4 = `Main_Course_MachineLearning_Presentation.vrb'.

(Main_Course_MachineLearning_Presentation.vrb)
File: images/logo_yhk.png Graphic file (type png)
<use images/logo_yhk.png>
Package pdftex.def Info: images/logo_yhk.png  used on input line 237.
(pdftex.def)             Requested size: 17.07164pt x 12.43224pt.
[1692

]
\openout4 = `Main_Course_MachineLearning_Presentation.vrb'.

(Main_Course_MachineLearning_Presentation.vrb
<images/churn6.png, id=13111, 197.73875pt x 156.08313pt>
File: images/churn6.png Graphic file (type png)
<use images/churn6.png>
Package pdftex.def Info: images/churn6.png  used on input line 7.
(pdftex.def)             Requested size: 153.64493pt x 121.27992pt.
)
File: images/logo_yhk.png Graphic file (type png)
<use images/logo_yhk.png>
Package pdftex.def Info: images/logo_yhk.png  used on input line 248.
(pdftex.def)             Requested size: 17.07164pt x 12.43224pt.
[1693

 <./images/churn6.png>]
\openout4 = `Main_Course_MachineLearning_Presentation.vrb'.

(Main_Course_MachineLearning_Presentation.vrb
<images/churn7.png, id=13119, 197.73875pt x 142.5325pt>
File: images/churn7.png Graphic file (type png)
<use images/churn7.png>
Package pdftex.def Info: images/churn7.png  used on input line 7.
(pdftex.def)             Requested size: 153.64493pt x 110.75078pt.
)
File: images/logo_yhk.png Graphic file (type png)
<use images/logo_yhk.png>
Package pdftex.def Info: images/logo_yhk.png  used on input line 259.
(pdftex.def)             Requested size: 17.07164pt x 12.43224pt.
[1694

 <./images/churn7.png>]
\openout4 = `Main_Course_MachineLearning_Presentation.vrb'.

(Main_Course_MachineLearning_Presentation.vrb
<images/churn8.png, id=13126, 753.31438pt x 79.79813pt>
File: images/churn8.png Graphic file (type png)
<use images/churn8.png>
Package pdftex.def Info: images/churn8.png  used on input line 7.
(pdftex.def)             Requested size: 307.28987pt x 32.55061pt.
)
File: images/logo_yhk.png Graphic file (type png)
<use images/logo_yhk.png>
Package pdftex.def Info: images/logo_yhk.png  used on input line 270.
(pdftex.def)             Requested size: 17.07164pt x 12.43224pt.
[1695

 <./images/churn8.png>]
\openout4 = `Main_Course_MachineLearning_Presentation.vrb'.

(Main_Course_MachineLearning_Presentation.vrb)
File: images/logo_yhk.png Graphic file (type png)
<use images/logo_yhk.png>
Package pdftex.def Info: images/logo_yhk.png  used on input line 289.
(pdftex.def)             Requested size: 17.07164pt x 12.43224pt.
[1696

]
\openout4 = `Main_Course_MachineLearning_Presentation.vrb'.

(Main_Course_MachineLearning_Presentation.vrb
<images/churn9.png, id=13139, 753.31438pt x 165.11688pt>
File: images/churn9.png Graphic file (type png)
<use images/churn9.png>
Package pdftex.def Info: images/churn9.png  used on input line 7.
(pdftex.def)             Requested size: 245.83282pt x 53.88153pt.
)
File: images/logo_yhk.png Graphic file (type png)
<use images/logo_yhk.png>
Package pdftex.def Info: images/logo_yhk.png  used on input line 300.
(pdftex.def)             Requested size: 17.07164pt x 12.43224pt.
[1697

 <./images/churn9.png>]
\openout4 = `Main_Course_MachineLearning_Presentation.vrb'.

(Main_Course_MachineLearning_Presentation.vrb
<images/churn10.png, id=13146, 753.31438pt x 160.6pt>
File: images/churn10.png Graphic file (type png)
<use images/churn10.png>
Package pdftex.def Info: images/churn10.png  used on input line 9.
(pdftex.def)             Requested size: 245.83282pt x 52.40756pt.
)
File: images/logo_yhk.png Graphic file (type png)
<use images/logo_yhk.png>
Package pdftex.def Info: images/logo_yhk.png  used on input line 313.
(pdftex.def)             Requested size: 17.07164pt x 12.43224pt.
[1698

 <./images/churn10.png>]
\openout4 = `Main_Course_MachineLearning_Presentation.vrb'.

(Main_Course_MachineLearning_Presentation.vrb
<images/churn11.png, id=13153, 753.31438pt x 160.6pt>
File: images/churn11.png Graphic file (type png)
<use images/churn11.png>
Package pdftex.def Info: images/churn11.png  used on input line 8.
(pdftex.def)             Requested size: 245.83282pt x 52.40756pt.
)
File: images/logo_yhk.png Graphic file (type png)
<use images/logo_yhk.png>
Package pdftex.def Info: images/logo_yhk.png  used on input line 325.
(pdftex.def)             Requested size: 17.07164pt x 12.43224pt.
[1699

 <./images/churn11.png>]
\openout4 = `Main_Course_MachineLearning_Presentation.vrb'.

(Main_Course_MachineLearning_Presentation.vrb)
File: images/logo_yhk.png Graphic file (type png)
<use images/logo_yhk.png>
Package pdftex.def Info: images/logo_yhk.png  used on input line 338.
(pdftex.def)             Requested size: 17.07164pt x 12.43224pt.
[1700

]
\openout4 = `Main_Course_MachineLearning_Presentation.vrb'.

(Main_Course_MachineLearning_Presentation.vrb
<images/churn12.png, id=13167, 753.31438pt x 111.41624pt>
File: images/churn12.png Graphic file (type png)
<use images/churn12.png>
Package pdftex.def Info: images/churn12.png  used on input line 10.
(pdftex.def)             Requested size: 245.83282pt x 36.35774pt.
)
File: images/logo_yhk.png Graphic file (type png)
<use images/logo_yhk.png>
Package pdftex.def Info: images/logo_yhk.png  used on input line 353.
(pdftex.def)             Requested size: 17.07164pt x 12.43224pt.
[1701

 <./images/churn12.png>]
\openout4 = `Main_Course_MachineLearning_Presentation.vrb'.

(Main_Course_MachineLearning_Presentation.vrb
<images/churn13.png, id=13174, 598.235pt x 110.91437pt>
File: images/churn13.png Graphic file (type png)
<use images/churn13.png>
Package pdftex.def Info: images/churn13.png  used on input line 10.
(pdftex.def)             Requested size: 245.83282pt x 45.57841pt.
)
File: images/logo_yhk.png Graphic file (type png)
<use images/logo_yhk.png>
Package pdftex.def Info: images/logo_yhk.png  used on input line 368.
(pdftex.def)             Requested size: 17.07164pt x 12.43224pt.
[1702

 <./images/churn13.png>]
\openout4 = `Main_Course_MachineLearning_Presentation.vrb'.

(Main_Course_MachineLearning_Presentation.vrb
<images/churn14.png, id=13181, 167.12437pt x 99.87312pt>
File: images/churn14.png Graphic file (type png)
<use images/churn14.png>
Package pdftex.def Info: images/churn14.png  used on input line 7.
(pdftex.def)             Requested size: 107.55333pt x 64.27518pt.
)
File: images/logo_yhk.png Graphic file (type png)
<use images/logo_yhk.png>
Package pdftex.def Info: images/logo_yhk.png  used on input line 379.
(pdftex.def)             Requested size: 17.07164pt x 12.43224pt.
[1703

 <./images/churn14.png>]
\openout4 = `Main_Course_MachineLearning_Presentation.vrb'.

(Main_Course_MachineLearning_Presentation.vrb
<images/churn15.png, id=13188, 194.22563pt x 99.87312pt>
File: images/churn15.png Graphic file (type png)
<use images/churn15.png>
Package pdftex.def Info: images/churn15.png  used on input line 6.
(pdftex.def)             Requested size: 107.55333pt x 55.3068pt.
)
File: images/logo_yhk.png Graphic file (type png)
<use images/logo_yhk.png>
Package pdftex.def Info: images/logo_yhk.png  used on input line 390.
(pdftex.def)             Requested size: 17.07164pt x 12.43224pt.
[1704

 <./images/churn15.png>]
\openout4 = `Main_Course_MachineLearning_Presentation.vrb'.

(Main_Course_MachineLearning_Presentation.vrb)
File: images/logo_yhk.png Graphic file (type png)
<use images/logo_yhk.png>
Package pdftex.def Info: images/logo_yhk.png  used on input line 401.
(pdftex.def)             Requested size: 17.07164pt x 12.43224pt.
[1705

]
\openout4 = `Main_Course_MachineLearning_Presentation.vrb'.

(Main_Course_MachineLearning_Presentation.vrb
<images/churn16.png, id=13202, 303.63437pt x 114.92938pt>
File: images/churn16.png Graphic file (type png)
<use images/churn16.png>
Package pdftex.def Info: images/churn16.png  used on input line 8.
(pdftex.def)             Requested size: 153.64493pt x 58.15724pt.
)
File: images/logo_yhk.png Graphic file (type png)
<use images/logo_yhk.png>
Package pdftex.def Info: images/logo_yhk.png  used on input line 413.
(pdftex.def)             Requested size: 17.07164pt x 12.43224pt.
[1706

 <./images/churn16.png>]
\openout4 = `Main_Course_MachineLearning_Presentation.vrb'.

(Main_Course_MachineLearning_Presentation.vrb
<images/churn17.png, id=13209, 751.80875pt x 185.69376pt>
File: images/churn17.png Graphic file (type png)
<use images/churn17.png>
Package pdftex.def Info: images/churn17.png  used on input line 14.
(pdftex.def)             Requested size: 215.10196pt x 53.12727pt.
)
File: images/logo_yhk.png Graphic file (type png)
<use images/logo_yhk.png>
Package pdftex.def Info: images/logo_yhk.png  used on input line 431.
(pdftex.def)             Requested size: 17.07164pt x 12.43224pt.
[1707

 <./images/churn17.png>]
\openout4 = `Main_Course_MachineLearning_Presentation.vrb'.

(Main_Course_MachineLearning_Presentation.vrb
<images/churn18.png, id=13216, 752.8125pt x 167.62625pt>
File: images/churn18.png Graphic file (type png)
<use images/churn18.png>
Package pdftex.def Info: images/churn18.png  used on input line 10.
(pdftex.def)             Requested size: 215.10196pt x 47.89674pt.
)
File: images/logo_yhk.png Graphic file (type png)
<use images/logo_yhk.png>
Package pdftex.def Info: images/logo_yhk.png  used on input line 445.
(pdftex.def)             Requested size: 17.07164pt x 12.43224pt.
[1708

 <./images/churn18.png>]
\openout4 = `Main_Course_MachineLearning_Presentation.vrb'.

(Main_Course_MachineLearning_Presentation.vrb
<images/churn19.png, id=13223, 732.23563pt x 165.11688pt>
File: images/churn19.png Graphic file (type png)
<use images/churn19.png>
Package pdftex.def Info: images/churn19.png  used on input line 10.
(pdftex.def)             Requested size: 215.10196pt x 48.50497pt.
)
File: images/logo_yhk.png Graphic file (type png)
<use images/logo_yhk.png>
Package pdftex.def Info: images/logo_yhk.png  used on input line 459.
(pdftex.def)             Requested size: 17.07164pt x 12.43224pt.
[1709

 <./images/churn19.png>]
\openout4 = `Main_Course_MachineLearning_Presentation.vrb'.

(Main_Course_MachineLearning_Presentation.vrb
<images/churn20.png, id=13230, 198.7425pt x 114.92938pt>
File: images/churn20.png Graphic file (type png)
<use images/churn20.png>
Package pdftex.def Info: images/churn20.png  used on input line 7.
(pdftex.def)             Requested size: 153.64493pt x 88.85188pt.
)
File: images/logo_yhk.png Graphic file (type png)
<use images/logo_yhk.png>
Package pdftex.def Info: images/logo_yhk.png  used on input line 470.
(pdftex.def)             Requested size: 17.07164pt x 12.43224pt.
[1710

 <./images/churn20.png>]
\openout4 = `Main_Course_MachineLearning_Presentation.vrb'.

(Main_Course_MachineLearning_Presentation.vrb
<images/churn21.png, id=13237, 393.47pt x 261.97874pt>
File: images/churn21.png Graphic file (type png)
<use images/churn21.png>
Package pdftex.def Info: images/churn21.png  used on input line 12.
(pdftex.def)             Requested size: 153.64493pt x 102.29921pt.
)
File: images/logo_yhk.png Graphic file (type png)
<use images/logo_yhk.png>
Package pdftex.def Info: images/logo_yhk.png  used on input line 488.
(pdftex.def)             Requested size: 17.07164pt x 12.43224pt.
[1711

 <./images/churn21.png>]
\openout4 = `Main_Course_MachineLearning_Presentation.vrb'.

(Main_Course_MachineLearning_Presentation.vrb
<images/churn22.png, id=13246, 363.3575pt x 114.4275pt>
File: images/churn22.png Graphic file (type png)
<use images/churn22.png>
Package pdftex.def Info: images/churn22.png  used on input line 7.
(pdftex.def)             Requested size: 215.10196pt x 67.74036pt.
)
File: images/logo_yhk.png Graphic file (type png)
<use images/logo_yhk.png>
Package pdftex.def Info: images/logo_yhk.png  used on input line 499.
(pdftex.def)             Requested size: 17.07164pt x 12.43224pt.
[1712

 <./images/churn22.png>]
\openout4 = `Main_Course_MachineLearning_Presentation.vrb'.

(Main_Course_MachineLearning_Presentation.vrb
<images/churn23.png, id=13253, 393.47pt x 261.97874pt>
File: images/churn23.png Graphic file (type png)
<use images/churn23.png>
Package pdftex.def Info: images/churn23.png  used on input line 6.
(pdftex.def)             Requested size: 215.10196pt x 143.2173pt.
)
File: images/logo_yhk.png Graphic file (type png)
<use images/logo_yhk.png>
Package pdftex.def Info: images/logo_yhk.png  used on input line 510.
(pdftex.def)             Requested size: 17.07164pt x 12.43224pt.
[1713

 <./images/churn23.png>]
\openout4 = `Main_Course_MachineLearning_Presentation.vrb'.

(Main_Course_MachineLearning_Presentation.vrb
<images/churn24.png, id=13261, 199.24437pt x 113.42375pt>
File: images/churn24.png Graphic file (type png)
<use images/churn24.png>
Package pdftex.def Info: images/churn24.png  used on input line 9.
(pdftex.def)             Requested size: 153.64493pt x 87.46808pt.
)
File: images/logo_yhk.png Graphic file (type png)
<use images/logo_yhk.png>
Package pdftex.def Info: images/logo_yhk.png  used on input line 523.
(pdftex.def)             Requested size: 17.07164pt x 12.43224pt.
[1714

 <./images/churn24.png>]
\openout4 = `Main_Course_MachineLearning_Presentation.vrb'.

(Main_Course_MachineLearning_Presentation.vrb
<images/churn25.png, id=13268, 393.47pt x 261.97874pt>
File: images/churn25.png Graphic file (type png)
<use images/churn25.png>
Package pdftex.def Info: images/churn25.png  used on input line 6.
(pdftex.def)             Requested size: 153.64493pt x 102.29921pt.
)
File: images/logo_yhk.png Graphic file (type png)
<use images/logo_yhk.png>
Package pdftex.def Info: images/logo_yhk.png  used on input line 533.
(pdftex.def)             Requested size: 17.07164pt x 12.43224pt.
[1715

 <./images/churn25.png>]
\openout4 = `Main_Course_MachineLearning_Presentation.vrb'.

(Main_Course_MachineLearning_Presentation.vrb
<images/churn26.png, id=13276, 108.405pt x 99.87312pt>
File: images/churn26.png Graphic file (type png)
<use images/churn26.png>
Package pdftex.def Info: images/churn26.png  used on input line 7.
(pdftex.def)             Requested size: 92.1879pt x 84.93674pt.
)
File: images/logo_yhk.png Graphic file (type png)
<use images/logo_yhk.png>
Package pdftex.def Info: images/logo_yhk.png  used on input line 549.
(pdftex.def)             Requested size: 17.07164pt x 12.43224pt.
[1716

 <./images/churn26.png>]
\openout4 = `Main_Course_MachineLearning_Presentation.vrb'.

(Main_Course_MachineLearning_Presentation.vrb)
File: images/logo_yhk.png Graphic file (type png)
<use images/logo_yhk.png>
Package pdftex.def Info: images/logo_yhk.png  used on input line 559.
(pdftex.def)             Requested size: 17.07164pt x 12.43224pt.
[1717

]
\openout4 = `Main_Course_MachineLearning_Presentation.vrb'.

(Main_Course_MachineLearning_Presentation.vrb)
File: images/logo_yhk.png Graphic file (type png)
<use images/logo_yhk.png>
Package pdftex.def Info: images/logo_yhk.png  used on input line 568.
(pdftex.def)             Requested size: 17.07164pt x 12.43224pt.
[1718

]) (ml_course_assign1_data_exploration_olympics.tex
\openout4 = `Main_Course_MachineLearning_Presentation.vrb'.

(Main_Course_MachineLearning_Presentation.vrb)
File: images/logo_yhk.png Graphic file (type png)
<use images/logo_yhk.png>
Package pdftex.def Info: images/logo_yhk.png  used on input line 8.
(pdftex.def)             Requested size: 17.07164pt x 12.43224pt.
[1719

]
\openout4 = `Main_Course_MachineLearning_Presentation.vrb'.

(Main_Course_MachineLearning_Presentation.vrb)
File: images/logo_yhk.png Graphic file (type png)
<use images/logo_yhk.png>
Package pdftex.def Info: images/logo_yhk.png  used on input line 34.
(pdftex.def)             Requested size: 17.07164pt x 12.43224pt.
[1720

]
\openout4 = `Main_Course_MachineLearning_Presentation.vrb'.

(Main_Course_MachineLearning_Presentation.vrb)
File: images/logo_yhk.png Graphic file (type png)
<use images/logo_yhk.png>
Package pdftex.def Info: images/logo_yhk.png  used on input line 47.
(pdftex.def)             Requested size: 17.07164pt x 12.43224pt.
[1721

]
\openout4 = `Main_Course_MachineLearning_Presentation.vrb'.

(Main_Course_MachineLearning_Presentation.vrb
<images/olympics1.png, id=13314, 755.82375pt x 215.30438pt>
File: images/olympics1.png Graphic file (type png)
<use images/olympics1.png>
Package pdftex.def Info: images/olympics1.png  used on input line 3.
(pdftex.def)             Requested size: 307.28987pt x 87.53288pt.
)
File: images/logo_yhk.png Graphic file (type png)
<use images/logo_yhk.png>
Package pdftex.def Info: images/logo_yhk.png  used on input line 54.
(pdftex.def)             Requested size: 17.07164pt x 12.43224pt.
[1722

 <./images/olympics1.png>]
\openout4 = `Main_Course_MachineLearning_Presentation.vrb'.

(Main_Course_MachineLearning_Presentation.vrb)
File: images/logo_yhk.png Graphic file (type png)
<use images/logo_yhk.png>
Package pdftex.def Info: images/logo_yhk.png  used on input line 66.
(pdftex.def)             Requested size: 17.07164pt x 12.43224pt.
[1723

]
\openout4 = `Main_Course_MachineLearning_Presentation.vrb'.

(Main_Course_MachineLearning_Presentation.vrb)
File: images/logo_yhk.png Graphic file (type png)
<use images/logo_yhk.png>
Package pdftex.def Info: images/logo_yhk.png  used on input line 84.
(pdftex.def)             Requested size: 17.07164pt x 12.43224pt.
[1724

]
\openout4 = `Main_Course_MachineLearning_Presentation.vrb'.

(Main_Course_MachineLearning_Presentation.vrb)
File: images/logo_yhk.png Graphic file (type png)
<use images/logo_yhk.png>
Package pdftex.def Info: images/logo_yhk.png  used on input line 102.
(pdftex.def)             Requested size: 17.07164pt x 12.43224pt.
[1725

]
\openout4 = `Main_Course_MachineLearning_Presentation.vrb'.

(Main_Course_MachineLearning_Presentation.vrb)
File: images/logo_yhk.png Graphic file (type png)
<use images/logo_yhk.png>
Package pdftex.def Info: images/logo_yhk.png  used on input line 118.
(pdftex.def)             Requested size: 17.07164pt x 12.43224pt.
[1726

]
\openout4 = `Main_Course_MachineLearning_Presentation.vrb'.

(Main_Course_MachineLearning_Presentation.vrb)
File: images/logo_yhk.png Graphic file (type png)
<use images/logo_yhk.png>
Package pdftex.def Info: images/logo_yhk.png  used on input line 131.
(pdftex.def)             Requested size: 17.07164pt x 12.43224pt.
[1727

]
\openout4 = `Main_Course_MachineLearning_Presentation.vrb'.

(Main_Course_MachineLearning_Presentation.vrb)
File: images/logo_yhk.png Graphic file (type png)
<use images/logo_yhk.png>
Package pdftex.def Info: images/logo_yhk.png  used on input line 150.
(pdftex.def)             Requested size: 17.07164pt x 12.43224pt.
[1728

]
\openout4 = `Main_Course_MachineLearning_Presentation.vrb'.

(Main_Course_MachineLearning_Presentation.vrb)
File: images/logo_yhk.png Graphic file (type png)
<use images/logo_yhk.png>
Package pdftex.def Info: images/logo_yhk.png  used on input line 162.
(pdftex.def)             Requested size: 17.07164pt x 12.43224pt.
[1729

]
\openout4 = `Main_Course_MachineLearning_Presentation.vrb'.

(Main_Course_MachineLearning_Presentation.vrb)
File: images/logo_yhk.png Graphic file (type png)
<use images/logo_yhk.png>
Package pdftex.def Info: images/logo_yhk.png  used on input line 180.
(pdftex.def)             Requested size: 17.07164pt x 12.43224pt.
[1730

]
\openout4 = `Main_Course_MachineLearning_Presentation.vrb'.

(Main_Course_MachineLearning_Presentation.vrb)
File: images/logo_yhk.png Graphic file (type png)
<use images/logo_yhk.png>
Package pdftex.def Info: images/logo_yhk.png  used on input line 203.
(pdftex.def)             Requested size: 17.07164pt x 12.43224pt.
[1731

]
\openout4 = `Main_Course_MachineLearning_Presentation.vrb'.

(Main_Course_MachineLearning_Presentation.vrb)
File: images/logo_yhk.png Graphic file (type png)
<use images/logo_yhk.png>
Package pdftex.def Info: images/logo_yhk.png  used on input line 215.
(pdftex.def)             Requested size: 17.07164pt x 12.43224pt.
[1732

]
\openout4 = `Main_Course_MachineLearning_Presentation.vrb'.

(Main_Course_MachineLearning_Presentation.vrb)
File: images/logo_yhk.png Graphic file (type png)
<use images/logo_yhk.png>
Package pdftex.def Info: images/logo_yhk.png  used on input line 229.
(pdftex.def)             Requested size: 17.07164pt x 12.43224pt.
[1733

]
\openout4 = `Main_Course_MachineLearning_Presentation.vrb'.

(Main_Course_MachineLearning_Presentation.vrb)
File: images/logo_yhk.png Graphic file (type png)
<use images/logo_yhk.png>
Package pdftex.def Info: images/logo_yhk.png  used on input line 246.
(pdftex.def)             Requested size: 17.07164pt x 12.43224pt.
[1734

]
\openout4 = `Main_Course_MachineLearning_Presentation.vrb'.

(Main_Course_MachineLearning_Presentation.vrb)
File: images/logo_yhk.png Graphic file (type png)
<use images/logo_yhk.png>
Package pdftex.def Info: images/logo_yhk.png  used on input line 259.
(pdftex.def)             Requested size: 17.07164pt x 12.43224pt.
[1735

]
\openout4 = `Main_Course_MachineLearning_Presentation.vrb'.

(Main_Course_MachineLearning_Presentation.vrb)
File: images/logo_yhk.png Graphic file (type png)
<use images/logo_yhk.png>
Package pdftex.def Info: images/logo_yhk.png  used on input line 278.
(pdftex.def)             Requested size: 17.07164pt x 12.43224pt.
[1736

]
\openout4 = `Main_Course_MachineLearning_Presentation.vrb'.

(Main_Course_MachineLearning_Presentation.vrb)
File: images/logo_yhk.png Graphic file (type png)
<use images/logo_yhk.png>
Package pdftex.def Info: images/logo_yhk.png  used on input line 291.
(pdftex.def)             Requested size: 17.07164pt x 12.43224pt.
[1737

]
\openout4 = `Main_Course_MachineLearning_Presentation.vrb'.

(Main_Course_MachineLearning_Presentation.vrb)
File: images/logo_yhk.png Graphic file (type png)
<use images/logo_yhk.png>
Package pdftex.def Info: images/logo_yhk.png  used on input line 311.
(pdftex.def)             Requested size: 17.07164pt x 12.43224pt.
[1738

]
\openout4 = `Main_Course_MachineLearning_Presentation.vrb'.

(Main_Course_MachineLearning_Presentation.vrb)
File: images/logo_yhk.png Graphic file (type png)
<use images/logo_yhk.png>
Package pdftex.def Info: images/logo_yhk.png  used on input line 321.
(pdftex.def)             Requested size: 17.07164pt x 12.43224pt.
[1739

]
\openout4 = `Main_Course_MachineLearning_Presentation.vrb'.

(Main_Course_MachineLearning_Presentation.vrb)
File: images/logo_yhk.png Graphic file (type png)
<use images/logo_yhk.png>
Package pdftex.def Info: images/logo_yhk.png  used on input line 338.
(pdftex.def)             Requested size: 17.07164pt x 12.43224pt.
[1740

]
\openout4 = `Main_Course_MachineLearning_Presentation.vrb'.

(Main_Course_MachineLearning_Presentation.vrb)
File: images/logo_yhk.png Graphic file (type png)
<use images/logo_yhk.png>
Package pdftex.def Info: images/logo_yhk.png  used on input line 357.
(pdftex.def)             Requested size: 17.07164pt x 12.43224pt.
[1741

]
\openout4 = `Main_Course_MachineLearning_Presentation.vrb'.

(Main_Course_MachineLearning_Presentation.vrb)
File: images/logo_yhk.png Graphic file (type png)
<use images/logo_yhk.png>
Package pdftex.def Info: images/logo_yhk.png  used on input line 369.
(pdftex.def)             Requested size: 17.07164pt x 12.43224pt.
[1742

]
\openout4 = `Main_Course_MachineLearning_Presentation.vrb'.

(Main_Course_MachineLearning_Presentation.vrb)
File: images/logo_yhk.png Graphic file (type png)
<use images/logo_yhk.png>
Package pdftex.def Info: images/logo_yhk.png  used on input line 385.
(pdftex.def)             Requested size: 17.07164pt x 12.43224pt.
[1743

]
\openout4 = `Main_Course_MachineLearning_Presentation.vrb'.

(Main_Course_MachineLearning_Presentation.vrb)
File: images/logo_yhk.png Graphic file (type png)
<use images/logo_yhk.png>
Package pdftex.def Info: images/logo_yhk.png  used on input line 402.
(pdftex.def)             Requested size: 17.07164pt x 12.43224pt.
[1744

]
\openout4 = `Main_Course_MachineLearning_Presentation.vrb'.

(Main_Course_MachineLearning_Presentation.vrb)
File: images/logo_yhk.png Graphic file (type png)
<use images/logo_yhk.png>
Package pdftex.def Info: images/logo_yhk.png  used on input line 430.
(pdftex.def)             Requested size: 17.07164pt x 12.43224pt.
[1745

]
\openout4 = `Main_Course_MachineLearning_Presentation.vrb'.

(Main_Course_MachineLearning_Presentation.vrb)
File: images/logo_yhk.png Graphic file (type png)
<use images/logo_yhk.png>
Package pdftex.def Info: images/logo_yhk.png  used on input line 443.
(pdftex.def)             Requested size: 17.07164pt x 12.43224pt.
[1746

]
\openout4 = `Main_Course_MachineLearning_Presentation.vrb'.

(Main_Course_MachineLearning_Presentation.vrb)
File: images/logo_yhk.png Graphic file (type png)
<use images/logo_yhk.png>
Package pdftex.def Info: images/logo_yhk.png  used on input line 463.
(pdftex.def)             Requested size: 17.07164pt x 12.43224pt.
[1747

]
\openout4 = `Main_Course_MachineLearning_Presentation.vrb'.

(Main_Course_MachineLearning_Presentation.vrb)
File: images/logo_yhk.png Graphic file (type png)
<use images/logo_yhk.png>
Package pdftex.def Info: images/logo_yhk.png  used on input line 475.
(pdftex.def)             Requested size: 17.07164pt x 12.43224pt.
[1748

]
\openout4 = `Main_Course_MachineLearning_Presentation.vrb'.

(Main_Course_MachineLearning_Presentation.vrb)
File: images/logo_yhk.png Graphic file (type png)
<use images/logo_yhk.png>
Package pdftex.def Info: images/logo_yhk.png  used on input line 489.
(pdftex.def)             Requested size: 17.07164pt x 12.43224pt.
[1749

]) (ml_course_demo_regression_housing.tex
\openout4 = `Main_Course_MachineLearning_Presentation.vrb'.

(Main_Course_MachineLearning_Presentation.vrb)
File: images/logo_yhk.png Graphic file (type png)
<use images/logo_yhk.png>
Package pdftex.def Info: images/logo_yhk.png  used on input line 8.
(pdftex.def)             Requested size: 17.07164pt x 12.43224pt.
[1750

]
\openout4 = `Main_Course_MachineLearning_Presentation.vrb'.

(Main_Course_MachineLearning_Presentation.vrb)
File: images/logo_yhk.png Graphic file (type png)
<use images/logo_yhk.png>
Package pdftex.def Info: images/logo_yhk.png  used on input line 18.
(pdftex.def)             Requested size: 17.07164pt x 12.43224pt.
[1751

]
\openout4 = `Main_Course_MachineLearning_Presentation.vrb'.

(Main_Course_MachineLearning_Presentation.vrb)
File: images/logo_yhk.png Graphic file (type png)
<use images/logo_yhk.png>
Package pdftex.def Info: images/logo_yhk.png  used on input line 32.
(pdftex.def)             Requested size: 17.07164pt x 12.43224pt.
[1752

]
\openout4 = `Main_Course_MachineLearning_Presentation.vrb'.

(Main_Course_MachineLearning_Presentation.vrb)
File: images/logo_yhk.png Graphic file (type png)
<use images/logo_yhk.png>
Package pdftex.def Info: images/logo_yhk.png  used on input line 45.
(pdftex.def)             Requested size: 17.07164pt x 12.43224pt.
[1753

]
\openout4 = `Main_Course_MachineLearning_Presentation.vrb'.

(Main_Course_MachineLearning_Presentation.vrb)
File: images/logo_yhk.png Graphic file (type png)
<use images/logo_yhk.png>
Package pdftex.def Info: images/logo_yhk.png  used on input line 64.
(pdftex.def)             Requested size: 17.07164pt x 12.43224pt.
[1754

]
\openout4 = `Main_Course_MachineLearning_Presentation.vrb'.

(Main_Course_MachineLearning_Presentation.vrb)
File: images/logo_yhk.png Graphic file (type png)
<use images/logo_yhk.png>
Package pdftex.def Info: images/logo_yhk.png  used on input line 78.
(pdftex.def)             Requested size: 17.07164pt x 12.43224pt.
[1755

]
\openout4 = `Main_Course_MachineLearning_Presentation.vrb'.

(Main_Course_MachineLearning_Presentation.vrb)
File: images/logo_yhk.png Graphic file (type png)
<use images/logo_yhk.png>
Package pdftex.def Info: images/logo_yhk.png  used on input line 94.
(pdftex.def)             Requested size: 17.07164pt x 12.43224pt.
[1756

]) (ml_course_assign_logisticregression_alice.tex
\openout4 = `Main_Course_MachineLearning_Presentation.vrb'.

(Main_Course_MachineLearning_Presentation.vrb
Overfull \hbox (189.87831pt too wide) in paragraph at lines 8--9
[]\OT1/lmss/m/n/9 https://mlcourse.ai/notebooks/blob/master/jupyter[]english/as
signments[]fall2018/assignment4[]websites[]logistic[]regression.ipynb  
 []

)
File: images/logo_yhk.png Graphic file (type png)
<use images/logo_yhk.png>
Package pdftex.def Info: images/logo_yhk.png  used on input line 13.
(pdftex.def)             Requested size: 17.07164pt x 12.43224pt.
[1757

]
\openout4 = `Main_Course_MachineLearning_Presentation.vrb'.

(Main_Course_MachineLearning_Presentation.vrb)
File: images/logo_yhk.png Graphic file (type png)
<use images/logo_yhk.png>
Package pdftex.def Info: images/logo_yhk.png  used on input line 24.
(pdftex.def)             Requested size: 17.07164pt x 12.43224pt.
[1758

]
\openout4 = `Main_Course_MachineLearning_Presentation.vrb'.

(Main_Course_MachineLearning_Presentation.vrb)
File: images/logo_yhk.png Graphic file (type png)
<use images/logo_yhk.png>
Package pdftex.def Info: images/logo_yhk.png  used on input line 42.
(pdftex.def)             Requested size: 17.07164pt x 12.43224pt.
[1759

]
\openout4 = `Main_Course_MachineLearning_Presentation.vrb'.

(Main_Course_MachineLearning_Presentation.vrb
<images/logreg6.png, id=13550, 742.27313pt x 249.18094pt>
File: images/logreg6.png Graphic file (type png)
<use images/logreg6.png>
Package pdftex.def Info: images/logreg6.png  used on input line 15.
(pdftex.def)             Requested size: 245.83282pt x 82.52652pt.
)
File: images/logo_yhk.png Graphic file (type png)
<use images/logo_yhk.png>
Package pdftex.def Info: images/logo_yhk.png  used on input line 61.
(pdftex.def)             Requested size: 17.07164pt x 12.43224pt.
[1760

 <./images/logreg6.png>]
\openout4 = `Main_Course_MachineLearning_Presentation.vrb'.

(Main_Course_MachineLearning_Presentation.vrb)
File: images/logo_yhk.png Graphic file (type png)
<use images/logo_yhk.png>
Package pdftex.def Info: images/logo_yhk.png  used on input line 75.
(pdftex.def)             Requested size: 17.07164pt x 12.43224pt.
[1761

]
\openout4 = `Main_Course_MachineLearning_Presentation.vrb'.

(Main_Course_MachineLearning_Presentation.vrb)
File: images/logo_yhk.png Graphic file (type png)
<use images/logo_yhk.png>
Package pdftex.def Info: images/logo_yhk.png  used on input line 85.
(pdftex.def)             Requested size: 17.07164pt x 12.43224pt.
[1762

]
\openout4 = `Main_Course_MachineLearning_Presentation.vrb'.

(Main_Course_MachineLearning_Presentation.vrb
<images/logreg7.png, id=13569, 133.24782pt x 136.25906pt>
File: images/logreg7.png Graphic file (type png)
<use images/logreg7.png>
Package pdftex.def Info: images/logreg7.png  used on input line 19.
(pdftex.def)             Requested size: 46.0916pt x 47.13208pt.
)
File: images/logo_yhk.png Graphic file (type png)
<use images/logo_yhk.png>
Package pdftex.def Info: images/logo_yhk.png  used on input line 108.
(pdftex.def)             Requested size: 17.07164pt x 12.43224pt.
[1763

 <./images/logreg7.png>]
\openout4 = `Main_Course_MachineLearning_Presentation.vrb'.

(Main_Course_MachineLearning_Presentation.vrb)
File: images/logo_yhk.png Graphic file (type png)
<use images/logo_yhk.png>
Package pdftex.def Info: images/logo_yhk.png  used on input line 120.
(pdftex.def)             Requested size: 17.07164pt x 12.43224pt.
[1764

]
\openout4 = `Main_Course_MachineLearning_Presentation.vrb'.

(Main_Course_MachineLearning_Presentation.vrb
<images/logreg8.png, id=13582, 114.4275pt x 103.88812pt>
File: images/logreg8.png Graphic file (type png)
<use images/logreg8.png>
Package pdftex.def Info: images/logreg8.png  used on input line 17.
(pdftex.def)             Requested size: 46.0916pt x 41.84618pt.
)
File: images/logo_yhk.png Graphic file (type png)
<use images/logo_yhk.png>
Package pdftex.def Info: images/logo_yhk.png  used on input line 141.
(pdftex.def)             Requested size: 17.07164pt x 12.43224pt.
[1765

 <./images/logreg8.png>]
\openout4 = `Main_Course_MachineLearning_Presentation.vrb'.

(Main_Course_MachineLearning_Presentation.vrb)
File: images/logo_yhk.png Graphic file (type png)
<use images/logo_yhk.png>
Package pdftex.def Info: images/logo_yhk.png  used on input line 153.
(pdftex.def)             Requested size: 17.07164pt x 12.43224pt.
[1766

]
\openout4 = `Main_Course_MachineLearning_Presentation.vrb'.

(Main_Course_MachineLearning_Presentation.vrb
<images/logreg9.png, id=13596, 340.27126pt x 152.06813pt>
File: images/logreg9.png Graphic file (type png)
<use images/logreg9.png>
Package pdftex.def Info: images/logreg9.png  used on input line 18.
(pdftex.def)             Requested size: 153.64493pt x 68.66437pt.
)
File: images/logo_yhk.png Graphic file (type png)
<use images/logo_yhk.png>
Package pdftex.def Info: images/logo_yhk.png  used on input line 176.
(pdftex.def)             Requested size: 17.07164pt x 12.43224pt.
[1767

 <./images/logreg9.png>]
\openout4 = `Main_Course_MachineLearning_Presentation.vrb'.

(Main_Course_MachineLearning_Presentation.vrb)
File: images/logo_yhk.png Graphic file (type png)
<use images/logo_yhk.png>
Package pdftex.def Info: images/logo_yhk.png  used on input line 189.
(pdftex.def)             Requested size: 17.07164pt x 12.43224pt.
[1768

]
\openout4 = `Main_Course_MachineLearning_Presentation.vrb'.

(Main_Course_MachineLearning_Presentation.vrb)
File: images/logo_yhk.png Graphic file (type png)
<use images/logo_yhk.png>
Package pdftex.def Info: images/logo_yhk.png  used on input line 208.
(pdftex.def)             Requested size: 17.07164pt x 12.43224pt.
[1769

]
\openout4 = `Main_Course_MachineLearning_Presentation.vrb'.

(Main_Course_MachineLearning_Presentation.vrb)
File: images/logo_yhk.png Graphic file (type png)
<use images/logo_yhk.png>
Package pdftex.def Info: images/logo_yhk.png  used on input line 218.
(pdftex.def)             Requested size: 17.07164pt x 12.43224pt.
[1770

]
\openout4 = `Main_Course_MachineLearning_Presentation.vrb'.

(Main_Course_MachineLearning_Presentation.vrb
<images/logreg10.png, id=13621, 377.15906pt x 144.54pt>
File: images/logreg10.png Graphic file (type png)
<use images/logreg10.png>
Package pdftex.def Info: images/logreg10.png  used on input line 10.
(pdftex.def)             Requested size: 153.64493pt x 58.88022pt.
)
File: images/logo_yhk.png Graphic file (type png)
<use images/logo_yhk.png>
Package pdftex.def Info: images/logo_yhk.png  used on input line 234.
(pdftex.def)             Requested size: 17.07164pt x 12.43224pt.
[1771

 <./images/logreg10.png>]
\openout4 = `Main_Course_MachineLearning_Presentation.vrb'.

(Main_Course_MachineLearning_Presentation.vrb)
File: images/logo_yhk.png Graphic file (type png)
<use images/logo_yhk.png>
Package pdftex.def Info: images/logo_yhk.png  used on input line 252.
(pdftex.def)             Requested size: 17.07164pt x 12.43224pt.
[1772

]
\openout4 = `Main_Course_MachineLearning_Presentation.vrb'.

(Main_Course_MachineLearning_Presentation.vrb)
File: images/logo_yhk.png Graphic file (type png)
<use images/logo_yhk.png>
Package pdftex.def Info: images/logo_yhk.png  used on input line 267.
(pdftex.def)             Requested size: 17.07164pt x 12.43224pt.
[1773

]
\openout4 = `Main_Course_MachineLearning_Presentation.vrb'.

(Main_Course_MachineLearning_Presentation.vrb)
File: images/logo_yhk.png Graphic file (type png)
<use images/logo_yhk.png>
Package pdftex.def Info: images/logo_yhk.png  used on input line 284.
(pdftex.def)             Requested size: 17.07164pt x 12.43224pt.
[1774

]
\openout4 = `Main_Course_MachineLearning_Presentation.vrb'.

(Main_Course_MachineLearning_Presentation.vrb
<images/logreg11.png, id=13647, 120.45pt x 88.07906pt>
File: images/logreg11.png Graphic file (type png)
<use images/logreg11.png>
Package pdftex.def Info: images/logreg11.png  used on input line 5.
(pdftex.def)             Requested size: 92.1879pt x 67.41383pt.
)
File: images/logo_yhk.png Graphic file (type png)
<use images/logo_yhk.png>
Package pdftex.def Info: images/logo_yhk.png  used on input line 302.
(pdftex.def)             Requested size: 17.07164pt x 12.43224pt.
[1775

 <./images/logreg11.png>]
\openout4 = `Main_Course_MachineLearning_Presentation.vrb'.

(Main_Course_MachineLearning_Presentation.vrb
<images/logreg12.png, id=13654, 222.8325pt x 90.3375pt>
File: images/logreg12.png Graphic file (type png)
<use images/logreg12.png>
Package pdftex.def Info: images/logreg12.png  used on input line 7.
(pdftex.def)             Requested size: 153.64493pt x 62.28882pt.
)
File: images/logo_yhk.png Graphic file (type png)
<use images/logo_yhk.png>
Package pdftex.def Info: images/logo_yhk.png  used on input line 313.
(pdftex.def)             Requested size: 17.07164pt x 12.43224pt.
[1776

 <./images/logreg12.png>]
\openout4 = `Main_Course_MachineLearning_Presentation.vrb'.

(Main_Course_MachineLearning_Presentation.vrb)
File: images/logo_yhk.png Graphic file (type png)
<use images/logo_yhk.png>
Package pdftex.def Info: images/logo_yhk.png  used on input line 339.
(pdftex.def)             Requested size: 17.07164pt x 12.43224pt.
[1777

]
\openout4 = `Main_Course_MachineLearning_Presentation.vrb'.

(Main_Course_MachineLearning_Presentation.vrb)
File: images/logo_yhk.png Graphic file (type png)
<use images/logo_yhk.png>
Package pdftex.def Info: images/logo_yhk.png  used on input line 360.
(pdftex.def)             Requested size: 17.07164pt x 12.43224pt.
[1778

]
\openout4 = `Main_Course_MachineLearning_Presentation.vrb'.

(Main_Course_MachineLearning_Presentation.vrb)
File: images/logo_yhk.png Graphic file (type png)
<use images/logo_yhk.png>
Package pdftex.def Info: images/logo_yhk.png  used on input line 372.
(pdftex.def)             Requested size: 17.07164pt x 12.43224pt.
[1779

]
\openout4 = `Main_Course_MachineLearning_Presentation.vrb'.

(Main_Course_MachineLearning_Presentation.vrb)
File: images/logo_yhk.png Graphic file (type png)
<use images/logo_yhk.png>
Package pdftex.def Info: images/logo_yhk.png  used on input line 382.
(pdftex.def)             Requested size: 17.07164pt x 12.43224pt.
[1780

]
\openout4 = `Main_Course_MachineLearning_Presentation.vrb'.

(Main_Course_MachineLearning_Presentation.vrb)
File: images/logo_yhk.png Graphic file (type png)
<use images/logo_yhk.png>
Package pdftex.def Info: images/logo_yhk.png  used on input line 401.
(pdftex.def)             Requested size: 17.07164pt x 12.43224pt.
[1781

]
\openout4 = `Main_Course_MachineLearning_Presentation.vrb'.

(Main_Course_MachineLearning_Presentation.vrb)
File: images/logo_yhk.png Graphic file (type png)
<use images/logo_yhk.png>
Package pdftex.def Info: images/logo_yhk.png  used on input line 418.
(pdftex.def)             Requested size: 17.07164pt x 12.43224pt.
[1782

]
\openout4 = `Main_Course_MachineLearning_Presentation.vrb'.

(Main_Course_MachineLearning_Presentation.vrb)
File: images/logo_yhk.png Graphic file (type png)
<use images/logo_yhk.png>
Package pdftex.def Info: images/logo_yhk.png  used on input line 439.
(pdftex.def)             Requested size: 17.07164pt x 12.43224pt.
[1783

]
\openout4 = `Main_Course_MachineLearning_Presentation.vrb'.

(Main_Course_MachineLearning_Presentation.vrb)
File: images/logo_yhk.png Graphic file (type png)
<use images/logo_yhk.png>
Package pdftex.def Info: images/logo_yhk.png  used on input line 461.
(pdftex.def)             Requested size: 17.07164pt x 12.43224pt.
[1784

]
\openout4 = `Main_Course_MachineLearning_Presentation.vrb'.

(Main_Course_MachineLearning_Presentation.vrb)
File: images/logo_yhk.png Graphic file (type png)
<use images/logo_yhk.png>
Package pdftex.def Info: images/logo_yhk.png  used on input line 470.
(pdftex.def)             Requested size: 17.07164pt x 12.43224pt.
[1785

]
\openout4 = `Main_Course_MachineLearning_Presentation.vrb'.

(Main_Course_MachineLearning_Presentation.vrb)
File: images/logo_yhk.png Graphic file (type png)
<use images/logo_yhk.png>
Package pdftex.def Info: images/logo_yhk.png  used on input line 484.
(pdftex.def)             Requested size: 17.07164pt x 12.43224pt.
[1786

]
\openout4 = `Main_Course_MachineLearning_Presentation.vrb'.

(Main_Course_MachineLearning_Presentation.vrb)
File: images/logo_yhk.png Graphic file (type png)
<use images/logo_yhk.png>
Package pdftex.def Info: images/logo_yhk.png  used on input line 501.
(pdftex.def)             Requested size: 17.07164pt x 12.43224pt.
[1787

]
\openout4 = `Main_Course_MachineLearning_Presentation.vrb'.

(Main_Course_MachineLearning_Presentation.vrb)
File: images/logo_yhk.png Graphic file (type png)
<use images/logo_yhk.png>
Package pdftex.def Info: images/logo_yhk.png  used on input line 515.
(pdftex.def)             Requested size: 17.07164pt x 12.43224pt.
[1788

]
\openout4 = `Main_Course_MachineLearning_Presentation.vrb'.

(Main_Course_MachineLearning_Presentation.vrb)
File: images/logo_yhk.png Graphic file (type png)
<use images/logo_yhk.png>
Package pdftex.def Info: images/logo_yhk.png  used on input line 535.
(pdftex.def)             Requested size: 17.07164pt x 12.43224pt.
[1789

]
\openout4 = `Main_Course_MachineLearning_Presentation.vrb'.

(Main_Course_MachineLearning_Presentation.vrb)
File: images/logo_yhk.png Graphic file (type png)
<use images/logo_yhk.png>
Package pdftex.def Info: images/logo_yhk.png  used on input line 547.
(pdftex.def)             Requested size: 17.07164pt x 12.43224pt.
[1790

]
\openout4 = `Main_Course_MachineLearning_Presentation.vrb'.

(Main_Course_MachineLearning_Presentation.vrb)
File: images/logo_yhk.png Graphic file (type png)
<use images/logo_yhk.png>
Package pdftex.def Info: images/logo_yhk.png  used on input line 562.
(pdftex.def)             Requested size: 17.07164pt x 12.43224pt.
[1791

]
\openout4 = `Main_Course_MachineLearning_Presentation.vrb'.

(Main_Course_MachineLearning_Presentation.vrb)
File: images/logo_yhk.png Graphic file (type png)
<use images/logo_yhk.png>
Package pdftex.def Info: images/logo_yhk.png  used on input line 575.
(pdftex.def)             Requested size: 17.07164pt x 12.43224pt.
[1792

]
\openout4 = `Main_Course_MachineLearning_Presentation.vrb'.

(Main_Course_MachineLearning_Presentation.vrb)
File: images/logo_yhk.png Graphic file (type png)
<use images/logo_yhk.png>
Package pdftex.def Info: images/logo_yhk.png  used on input line 592.
(pdftex.def)             Requested size: 17.07164pt x 12.43224pt.
[1793

]
\openout4 = `Main_Course_MachineLearning_Presentation.vrb'.

(Main_Course_MachineLearning_Presentation.vrb)
File: images/logo_yhk.png Graphic file (type png)
<use images/logo_yhk.png>
Package pdftex.def Info: images/logo_yhk.png  used on input line 606.
(pdftex.def)             Requested size: 17.07164pt x 12.43224pt.
[1794

]
\openout4 = `Main_Course_MachineLearning_Presentation.vrb'.

(Main_Course_MachineLearning_Presentation.vrb)
File: images/logo_yhk.png Graphic file (type png)
<use images/logo_yhk.png>
Package pdftex.def Info: images/logo_yhk.png  used on input line 616.
(pdftex.def)             Requested size: 17.07164pt x 12.43224pt.
[1795

]
\openout4 = `Main_Course_MachineLearning_Presentation.vrb'.

(Main_Course_MachineLearning_Presentation.vrb)
File: images/logo_yhk.png Graphic file (type png)
<use images/logo_yhk.png>
Package pdftex.def Info: images/logo_yhk.png  used on input line 635.
(pdftex.def)             Requested size: 17.07164pt x 12.43224pt.
[1796

]
\openout4 = `Main_Course_MachineLearning_Presentation.vrb'.

(Main_Course_MachineLearning_Presentation.vrb)
File: images/logo_yhk.png Graphic file (type png)
<use images/logo_yhk.png>
Package pdftex.def Info: images/logo_yhk.png  used on input line 644.
(pdftex.def)             Requested size: 17.07164pt x 12.43224pt.
[1797

]
\openout4 = `Main_Course_MachineLearning_Presentation.vrb'.

(Main_Course_MachineLearning_Presentation.vrb)
File: images/logo_yhk.png Graphic file (type png)
<use images/logo_yhk.png>
Package pdftex.def Info: images/logo_yhk.png  used on input line 655.
(pdftex.def)             Requested size: 17.07164pt x 12.43224pt.
[1798

]
\openout4 = `Main_Course_MachineLearning_Presentation.vrb'.

(Main_Course_MachineLearning_Presentation.vrb)
File: images/logo_yhk.png Graphic file (type png)
<use images/logo_yhk.png>
Package pdftex.def Info: images/logo_yhk.png  used on input line 673.
(pdftex.def)             Requested size: 17.07164pt x 12.43224pt.
[1799

]
\openout4 = `Main_Course_MachineLearning_Presentation.vrb'.

(Main_Course_MachineLearning_Presentation.vrb)
File: images/logo_yhk.png Graphic file (type png)
<use images/logo_yhk.png>
Package pdftex.def Info: images/logo_yhk.png  used on input line 688.
(pdftex.def)             Requested size: 17.07164pt x 12.43224pt.
[1800

]
\openout4 = `Main_Course_MachineLearning_Presentation.vrb'.

(Main_Course_MachineLearning_Presentation.vrb)
File: images/logo_yhk.png Graphic file (type png)
<use images/logo_yhk.png>
Package pdftex.def Info: images/logo_yhk.png  used on input line 704.
(pdftex.def)             Requested size: 17.07164pt x 12.43224pt.
[1801

]
\openout4 = `Main_Course_MachineLearning_Presentation.vrb'.

(Main_Course_MachineLearning_Presentation.vrb)
File: images/logo_yhk.png Graphic file (type png)
<use images/logo_yhk.png>
Package pdftex.def Info: images/logo_yhk.png  used on input line 719.
(pdftex.def)             Requested size: 17.07164pt x 12.43224pt.
[1802

]
\openout4 = `Main_Course_MachineLearning_Presentation.vrb'.

(Main_Course_MachineLearning_Presentation.vrb)
File: images/logo_yhk.png Graphic file (type png)
<use images/logo_yhk.png>
Package pdftex.def Info: images/logo_yhk.png  used on input line 743.
(pdftex.def)             Requested size: 17.07164pt x 12.43224pt.
[1803

]) (ml_course_demo_decisiontree_uciadults.tex
\openout4 = `Main_Course_MachineLearning_Presentation.vrb'.

(Main_Course_MachineLearning_Presentation.vrb)
File: images/logo_yhk.png Graphic file (type png)
<use images/logo_yhk.png>
Package pdftex.def Info: images/logo_yhk.png  used on input line 10.
(pdftex.def)             Requested size: 17.07164pt x 12.43224pt.
[1804

]
\openout4 = `Main_Course_MachineLearning_Presentation.vrb'.

(Main_Course_MachineLearning_Presentation.vrb)
File: images/logo_yhk.png Graphic file (type png)
<use images/logo_yhk.png>
Package pdftex.def Info: images/logo_yhk.png  used on input line 18.
(pdftex.def)             Requested size: 17.07164pt x 12.43224pt.
[1805

]
\openout4 = `Main_Course_MachineLearning_Presentation.vrb'.

(Main_Course_MachineLearning_Presentation.vrb)
File: images/logo_yhk.png Graphic file (type png)
<use images/logo_yhk.png>
Package pdftex.def Info: images/logo_yhk.png  used on input line 39.
(pdftex.def)             Requested size: 17.07164pt x 12.43224pt.
[1806

]
\openout4 = `Main_Course_MachineLearning_Presentation.vrb'.

(Main_Course_MachineLearning_Presentation.vrb
<images/mlcourse14.png, id=13846, 752.31062pt x 220.32312pt>
File: images/mlcourse14.png Graphic file (type png)
<use images/mlcourse14.png>
Package pdftex.def Info: images/mlcourse14.png  used on input line 7.
(pdftex.def)             Requested size: 307.28987pt x 89.9935pt.
)
File: images/logo_yhk.png Graphic file (type png)
<use images/logo_yhk.png>
Package pdftex.def Info: images/logo_yhk.png  used on input line 50.
(pdftex.def)             Requested size: 17.07164pt x 12.43224pt.
[1807

 <./images/mlcourse14.png>]
\openout4 = `Main_Course_MachineLearning_Presentation.vrb'.

(Main_Course_MachineLearning_Presentation.vrb
<images/mlcourse15.png, id=13854, 761.84625pt x 223.83624pt>
File: images/mlcourse15.png Graphic file (type png)
<use images/mlcourse15.png>
Package pdftex.def Info: images/mlcourse15.png  used on input line 7.
(pdftex.def)             Requested size: 307.28987pt x 90.28088pt.
)
File: images/logo_yhk.png Graphic file (type png)
<use images/logo_yhk.png>
Package pdftex.def Info: images/logo_yhk.png  used on input line 61.
(pdftex.def)             Requested size: 17.07164pt x 12.43224pt.
[1808

 <./images/mlcourse15.png>]
\openout4 = `Main_Course_MachineLearning_Presentation.vrb'.

(Main_Course_MachineLearning_Presentation.vrb)
File: images/logo_yhk.png Graphic file (type png)
<use images/logo_yhk.png>
Package pdftex.def Info: images/logo_yhk.png  used on input line 76.
(pdftex.def)             Requested size: 17.07164pt x 12.43224pt.
[1809

]
\openout4 = `Main_Course_MachineLearning_Presentation.vrb'.

(Main_Course_MachineLearning_Presentation.vrb
<images/mlcourse16.png, id=13867, 565.61313pt x 306.64563pt>
File: images/mlcourse16.png Graphic file (type png)
<use images/mlcourse16.png>
Package pdftex.def Info: images/mlcourse16.png  used on input line 6.
(pdftex.def)             Requested size: 215.10196pt x 116.61545pt.
)
File: images/logo_yhk.png Graphic file (type png)
<use images/logo_yhk.png>
Package pdftex.def Info: images/logo_yhk.png  used on input line 86.
(pdftex.def)             Requested size: 17.07164pt x 12.43224pt.
[1810

 <./images/mlcourse16.png>]
\openout4 = `Main_Course_MachineLearning_Presentation.vrb'.

(Main_Course_MachineLearning_Presentation.vrb)
File: images/logo_yhk.png Graphic file (type png)
<use images/logo_yhk.png>
Package pdftex.def Info: images/logo_yhk.png  used on input line 99.
(pdftex.def)             Requested size: 17.07164pt x 12.43224pt.
[1811

]
\openout4 = `Main_Course_MachineLearning_Presentation.vrb'.

(Main_Course_MachineLearning_Presentation.vrb)
File: images/logo_yhk.png Graphic file (type png)
<use images/logo_yhk.png>
Package pdftex.def Info: images/logo_yhk.png  used on input line 117.
(pdftex.def)             Requested size: 17.07164pt x 12.43224pt.
[1812

]
\openout4 = `Main_Course_MachineLearning_Presentation.vrb'.

(Main_Course_MachineLearning_Presentation.vrb
<images/mlcourse17.png, id=13886, 498.86375pt x 336.75812pt>
File: images/mlcourse17.png Graphic file (type png)
<use images/mlcourse17.png>
Package pdftex.def Info: images/mlcourse17.png  used on input line 3.
(pdftex.def)             Requested size: 245.83282pt x 165.94812pt.
)
File: images/logo_yhk.png Graphic file (type png)
<use images/logo_yhk.png>
Package pdftex.def Info: images/logo_yhk.png  used on input line 124.
(pdftex.def)             Requested size: 17.07164pt x 12.43224pt.
[1813

 <./images/mlcourse17.png>]
\openout4 = `Main_Course_MachineLearning_Presentation.vrb'.

(Main_Course_MachineLearning_Presentation.vrb)
File: images/logo_yhk.png Graphic file (type png)
<use images/logo_yhk.png>
Package pdftex.def Info: images/logo_yhk.png  used on input line 149.
(pdftex.def)             Requested size: 17.07164pt x 12.43224pt.
[1814

]
\openout4 = `Main_Course_MachineLearning_Presentation.vrb'.

(Main_Course_MachineLearning_Presentation.vrb)
File: images/logo_yhk.png Graphic file (type png)
<use images/logo_yhk.png>
Package pdftex.def Info: images/logo_yhk.png  used on input line 178.
(pdftex.def)             Requested size: 17.07164pt x 12.43224pt.
[1815

]
\openout4 = `Main_Course_MachineLearning_Presentation.vrb'.

(Main_Course_MachineLearning_Presentation.vrb)
File: images/logo_yhk.png Graphic file (type png)
<use images/logo_yhk.png>
Package pdftex.def Info: images/logo_yhk.png  used on input line 190.
(pdftex.def)             Requested size: 17.07164pt x 12.43224pt.
[1816

]
\openout4 = `Main_Course_MachineLearning_Presentation.vrb'.

(Main_Course_MachineLearning_Presentation.vrb)
File: images/logo_yhk.png Graphic file (type png)
<use images/logo_yhk.png>
Package pdftex.def Info: images/logo_yhk.png  used on input line 215.
(pdftex.def)             Requested size: 17.07164pt x 12.43224pt.
[1817

]
\openout4 = `Main_Course_MachineLearning_Presentation.vrb'.

(Main_Course_MachineLearning_Presentation.vrb)
File: images/logo_yhk.png Graphic file (type png)
<use images/logo_yhk.png>
Package pdftex.def Info: images/logo_yhk.png  used on input line 228.
(pdftex.def)             Requested size: 17.07164pt x 12.43224pt.
[1818

]
\openout4 = `Main_Course_MachineLearning_Presentation.vrb'.

(Main_Course_MachineLearning_Presentation.vrb)
File: images/logo_yhk.png Graphic file (type png)
<use images/logo_yhk.png>
Package pdftex.def Info: images/logo_yhk.png  used on input line 243.
(pdftex.def)             Requested size: 17.07164pt x 12.43224pt.
[1819

]
\openout4 = `Main_Course_MachineLearning_Presentation.vrb'.

(Main_Course_MachineLearning_Presentation.vrb)
File: images/logo_yhk.png Graphic file (type png)
<use images/logo_yhk.png>
Package pdftex.def Info: images/logo_yhk.png  used on input line 255.
(pdftex.def)             Requested size: 17.07164pt x 12.43224pt.
[1820

]
\openout4 = `Main_Course_MachineLearning_Presentation.vrb'.

(Main_Course_MachineLearning_Presentation.vrb)
File: images/logo_yhk.png Graphic file (type png)
<use images/logo_yhk.png>
Package pdftex.def Info: images/logo_yhk.png  used on input line 272.
(pdftex.def)             Requested size: 17.07164pt x 12.43224pt.
[1821

]
\openout4 = `Main_Course_MachineLearning_Presentation.vrb'.

(Main_Course_MachineLearning_Presentation.vrb)
File: images/logo_yhk.png Graphic file (type png)
<use images/logo_yhk.png>
Package pdftex.def Info: images/logo_yhk.png  used on input line 283.
(pdftex.def)             Requested size: 17.07164pt x 12.43224pt.
[1822

]
\openout4 = `Main_Course_MachineLearning_Presentation.vrb'.

(Main_Course_MachineLearning_Presentation.vrb)
File: images/logo_yhk.png Graphic file (type png)
<use images/logo_yhk.png>
Package pdftex.def Info: images/logo_yhk.png  used on input line 300.
(pdftex.def)             Requested size: 17.07164pt x 12.43224pt.
[1823

]
\openout4 = `Main_Course_MachineLearning_Presentation.vrb'.

(Main_Course_MachineLearning_Presentation.vrb)
File: images/logo_yhk.png Graphic file (type png)
<use images/logo_yhk.png>
Package pdftex.def Info: images/logo_yhk.png  used on input line 314.
(pdftex.def)             Requested size: 17.07164pt x 12.43224pt.
[1824

]
\openout4 = `Main_Course_MachineLearning_Presentation.vrb'.

(Main_Course_MachineLearning_Presentation.vrb)
File: images/logo_yhk.png Graphic file (type png)
<use images/logo_yhk.png>
Package pdftex.def Info: images/logo_yhk.png  used on input line 332.
(pdftex.def)             Requested size: 17.07164pt x 12.43224pt.
[1825

]
\openout4 = `Main_Course_MachineLearning_Presentation.vrb'.

(Main_Course_MachineLearning_Presentation.vrb)
File: images/logo_yhk.png Graphic file (type png)
<use images/logo_yhk.png>
Package pdftex.def Info: images/logo_yhk.png  used on input line 343.
(pdftex.def)             Requested size: 17.07164pt x 12.43224pt.
[1826

]
\openout4 = `Main_Course_MachineLearning_Presentation.vrb'.

(Main_Course_MachineLearning_Presentation.vrb)
File: images/logo_yhk.png Graphic file (type png)
<use images/logo_yhk.png>
Package pdftex.def Info: images/logo_yhk.png  used on input line 355.
(pdftex.def)             Requested size: 17.07164pt x 12.43224pt.
[1827

]
\openout4 = `Main_Course_MachineLearning_Presentation.vrb'.

(Main_Course_MachineLearning_Presentation.vrb)
File: images/logo_yhk.png Graphic file (type png)
<use images/logo_yhk.png>
Package pdftex.def Info: images/logo_yhk.png  used on input line 372.
(pdftex.def)             Requested size: 17.07164pt x 12.43224pt.
[1828

]
\openout4 = `Main_Course_MachineLearning_Presentation.vrb'.

(Main_Course_MachineLearning_Presentation.vrb)
File: images/logo_yhk.png Graphic file (type png)
<use images/logo_yhk.png>
Package pdftex.def Info: images/logo_yhk.png  used on input line 384.
(pdftex.def)             Requested size: 17.07164pt x 12.43224pt.
[1829

]) (ml_course_assign_decisiontree_heartdisease.tex
\openout4 = `Main_Course_MachineLearning_Presentation.vrb'.

(Main_Course_MachineLearning_Presentation.vrb)
File: images/logo_yhk.png Graphic file (type png)
<use images/logo_yhk.png>
Package pdftex.def Info: images/logo_yhk.png  used on input line 9.
(pdftex.def)             Requested size: 17.07164pt x 12.43224pt.
[1830

]
\openout4 = `Main_Course_MachineLearning_Presentation.vrb'.

(Main_Course_MachineLearning_Presentation.vrb
Overfull \hbox (26.49167pt too wide) in paragraph at lines 4--5
\OT1/lmss/m/n/9 https://github.com/Yorko/mlcourse.ai/blob/master/data/mlbootcam
p5[]train.csv  
 []

)
File: images/logo_yhk.png Graphic file (type png)
<use images/logo_yhk.png>
Package pdftex.def Info: images/logo_yhk.png  used on input line 19.
(pdftex.def)             Requested size: 17.07164pt x 12.43224pt.
[1831

]
\openout4 = `Main_Course_MachineLearning_Presentation.vrb'.

(Main_Course_MachineLearning_Presentation.vrb
<images/dt21.png, id=14005, 467.49657pt x 143.03438pt>
File: images/dt21.png Graphic file (type png)
<use images/dt21.png>
Package pdftex.def Info: images/dt21.png  used on input line 7.
(pdftex.def)             Requested size: 245.83282pt x 75.2142pt.
)
File: images/logo_yhk.png Graphic file (type png)
<use images/logo_yhk.png>
Package pdftex.def Info: images/logo_yhk.png  used on input line 31.
(pdftex.def)             Requested size: 17.07164pt x 12.43224pt.
[1832

 <./images/dt21.png>]
\openout4 = `Main_Course_MachineLearning_Presentation.vrb'.

(Main_Course_MachineLearning_Presentation.vrb)
File: images/logo_yhk.png Graphic file (type png)
<use images/logo_yhk.png>
Package pdftex.def Info: images/logo_yhk.png  used on input line 41.
(pdftex.def)             Requested size: 17.07164pt x 12.43224pt.
[1833

]
\openout4 = `Main_Course_MachineLearning_Presentation.vrb'.

(Main_Course_MachineLearning_Presentation.vrb
<images/dt22.png, id=14018, 474.27188pt x 158.09062pt>
File: images/dt22.png Graphic file (type png)
<use images/dt22.png>
Package pdftex.def Info: images/dt22.png  used on input line 11.
(pdftex.def)             Requested size: 245.83282pt x 81.94464pt.
)
File: images/logo_yhk.png Graphic file (type png)
<use images/logo_yhk.png>
Package pdftex.def Info: images/logo_yhk.png  used on input line 56.
(pdftex.def)             Requested size: 17.07164pt x 12.43224pt.
[1834

 <./images/dt22.png>]
\openout4 = `Main_Course_MachineLearning_Presentation.vrb'.

(Main_Course_MachineLearning_Presentation.vrb)
File: images/logo_yhk.png Graphic file (type png)
<use images/logo_yhk.png>
Package pdftex.def Info: images/logo_yhk.png  used on input line 67.
(pdftex.def)             Requested size: 17.07164pt x 12.43224pt.
[1835

]
\openout4 = `Main_Course_MachineLearning_Presentation.vrb'.

(Main_Course_MachineLearning_Presentation.vrb)
File: images/logo_yhk.png Graphic file (type png)
<use images/logo_yhk.png>
Package pdftex.def Info: images/logo_yhk.png  used on input line 79.
(pdftex.def)             Requested size: 17.07164pt x 12.43224pt.
[1836

]
\openout4 = `Main_Course_MachineLearning_Presentation.vrb'.

(Main_Course_MachineLearning_Presentation.vrb)
File: images/logo_yhk.png Graphic file (type png)
<use images/logo_yhk.png>
Package pdftex.def Info: images/logo_yhk.png  used on input line 91.
(pdftex.def)             Requested size: 17.07164pt x 12.43224pt.
[1837

]
\openout4 = `Main_Course_MachineLearning_Presentation.vrb'.

(Main_Course_MachineLearning_Presentation.vrb)
File: images/logo_yhk.png Graphic file (type png)
<use images/logo_yhk.png>
Package pdftex.def Info: images/logo_yhk.png  used on input line 104.
(pdftex.def)             Requested size: 17.07164pt x 12.43224pt.
[1838

]
\openout4 = `Main_Course_MachineLearning_Presentation.vrb'.

(Main_Course_MachineLearning_Presentation.vrb)
File: images/logo_yhk.png Graphic file (type png)
<use images/logo_yhk.png>
Package pdftex.def Info: images/logo_yhk.png  used on input line 113.
(pdftex.def)             Requested size: 17.07164pt x 12.43224pt.
[1839

]
\openout4 = `Main_Course_MachineLearning_Presentation.vrb'.

(Main_Course_MachineLearning_Presentation.vrb)
File: images/logo_yhk.png Graphic file (type png)
<use images/logo_yhk.png>
Package pdftex.def Info: images/logo_yhk.png  used on input line 127.
(pdftex.def)             Requested size: 17.07164pt x 12.43224pt.
[1840

]
\openout4 = `Main_Course_MachineLearning_Presentation.vrb'.

(Main_Course_MachineLearning_Presentation.vrb
<images/dt23.png, id=14062, 409.53pt x 266.9975pt>
File: images/dt23.png Graphic file (type png)
<use images/dt23.png>
Package pdftex.def Info: images/dt23.png  used on input line 10.
(pdftex.def)             Requested size: 153.64493pt x 100.17268pt.
)
File: images/logo_yhk.png Graphic file (type png)
<use images/logo_yhk.png>
Package pdftex.def Info: images/logo_yhk.png  used on input line 142.
(pdftex.def)             Requested size: 17.07164pt x 12.43224pt.
[1841

 <./images/dt23.png>]
\openout4 = `Main_Course_MachineLearning_Presentation.vrb'.

(Main_Course_MachineLearning_Presentation.vrb)
File: images/logo_yhk.png Graphic file (type png)
<use images/logo_yhk.png>
Package pdftex.def Info: images/logo_yhk.png  used on input line 154.
(pdftex.def)             Requested size: 17.07164pt x 12.43224pt.
[1842

]
\openout4 = `Main_Course_MachineLearning_Presentation.vrb'.

(Main_Course_MachineLearning_Presentation.vrb)
File: images/logo_yhk.png Graphic file (type png)
<use images/logo_yhk.png>
Package pdftex.def Info: images/logo_yhk.png  used on input line 176.
(pdftex.def)             Requested size: 17.07164pt x 12.43224pt.
[1843

]
\openout4 = `Main_Course_MachineLearning_Presentation.vrb'.

(Main_Course_MachineLearning_Presentation.vrb)
File: images/logo_yhk.png Graphic file (type png)
<use images/logo_yhk.png>
Package pdftex.def Info: images/logo_yhk.png  used on input line 192.
(pdftex.def)             Requested size: 17.07164pt x 12.43224pt.
[1844

]
\openout4 = `Main_Course_MachineLearning_Presentation.vrb'.

(Main_Course_MachineLearning_Presentation.vrb)
File: images/logo_yhk.png Graphic file (type png)
<use images/logo_yhk.png>
Package pdftex.def Info: images/logo_yhk.png  used on input line 206.
(pdftex.def)             Requested size: 17.07164pt x 12.43224pt.
[1845

]
\openout4 = `Main_Course_MachineLearning_Presentation.vrb'.

(Main_Course_MachineLearning_Presentation.vrb)
File: images/logo_yhk.png Graphic file (type png)
<use images/logo_yhk.png>
Package pdftex.def Info: images/logo_yhk.png  used on input line 234.
(pdftex.def)             Requested size: 17.07164pt x 12.43224pt.
[1846

]
\openout4 = `Main_Course_MachineLearning_Presentation.vrb'.

(Main_Course_MachineLearning_Presentation.vrb
<images/dt24.png, id=14101, 472.76625pt x 143.03438pt>
File: images/dt24.png Graphic file (type png)
<use images/dt24.png>
Package pdftex.def Info: images/dt24.png  used on input line 6.
(pdftex.def)             Requested size: 307.28987pt x 92.97122pt.
)
File: images/logo_yhk.png Graphic file (type png)
<use images/logo_yhk.png>
Package pdftex.def Info: images/logo_yhk.png  used on input line 244.
(pdftex.def)             Requested size: 17.07164pt x 12.43224pt.
[1847

 <./images/dt24.png>]
\openout4 = `Main_Course_MachineLearning_Presentation.vrb'.

(Main_Course_MachineLearning_Presentation.vrb)
File: images/logo_yhk.png Graphic file (type png)
<use images/logo_yhk.png>
Package pdftex.def Info: images/logo_yhk.png  used on input line 265.
(pdftex.def)             Requested size: 17.07164pt x 12.43224pt.
[1848

]) (ml_course_demo_svm_digits.tex
\openout4 = `Main_Course_MachineLearning_Presentation.vrb'.

(Main_Course_MachineLearning_Presentation.vrb)
File: images/logo_yhk.png Graphic file (type png)
<use images/logo_yhk.png>
Package pdftex.def Info: images/logo_yhk.png  used on input line 8.
(pdftex.def)             Requested size: 17.07164pt x 12.43224pt.
[1849

]
\openout4 = `Main_Course_MachineLearning_Presentation.vrb'.

(Main_Course_MachineLearning_Presentation.vrb)
File: images/logo_yhk.png Graphic file (type png)
<use images/logo_yhk.png>
Package pdftex.def Info: images/logo_yhk.png  used on input line 18.
(pdftex.def)             Requested size: 17.07164pt x 12.43224pt.
[1850

]
\openout4 = `Main_Course_MachineLearning_Presentation.vrb'.

(Main_Course_MachineLearning_Presentation.vrb)
File: images/logo_yhk.png Graphic file (type png)
<use images/logo_yhk.png>
Package pdftex.def Info: images/logo_yhk.png  used on input line 32.
(pdftex.def)             Requested size: 17.07164pt x 12.43224pt.
[1851

]
\openout4 = `Main_Course_MachineLearning_Presentation.vrb'.

(Main_Course_MachineLearning_Presentation.vrb)
File: images/logo_yhk.png Graphic file (type png)
<use images/logo_yhk.png>
Package pdftex.def Info: images/logo_yhk.png  used on input line 50.
(pdftex.def)             Requested size: 17.07164pt x 12.43224pt.
[1852

]
\openout4 = `Main_Course_MachineLearning_Presentation.vrb'.

(Main_Course_MachineLearning_Presentation.vrb)
File: images/logo_yhk.png Graphic file (type png)
<use images/logo_yhk.png>
Package pdftex.def Info: images/logo_yhk.png  used on input line 69.
(pdftex.def)             Requested size: 17.07164pt x 12.43224pt.
[1853

]
\openout4 = `Main_Course_MachineLearning_Presentation.vrb'.

(Main_Course_MachineLearning_Presentation.vrb)
File: images/logo_yhk.png Graphic file (type png)
<use images/logo_yhk.png>
Package pdftex.def Info: images/logo_yhk.png  used on input line 85.
(pdftex.def)             Requested size: 17.07164pt x 12.43224pt.
[1854

]
\openout4 = `Main_Course_MachineLearning_Presentation.vrb'.

(Main_Course_MachineLearning_Presentation.vrb)
File: images/logo_yhk.png Graphic file (type png)
<use images/logo_yhk.png>
Package pdftex.def Info: images/logo_yhk.png  used on input line 100.
(pdftex.def)             Requested size: 17.07164pt x 12.43224pt.
[1855

]) (ml_course_assign_knn_wine.tex
\openout4 = `Main_Course_MachineLearning_Presentation.vrb'.

(Main_Course_MachineLearning_Presentation.vrb)
File: images/logo_yhk.png Graphic file (type png)
<use images/logo_yhk.png>
Package pdftex.def Info: images/logo_yhk.png  used on input line 8.
(pdftex.def)             Requested size: 17.07164pt x 12.43224pt.
[1856

]
\openout4 = `Main_Course_MachineLearning_Presentation.vrb'.

(Main_Course_MachineLearning_Presentation.vrb)
File: images/logo_yhk.png Graphic file (type png)
<use images/logo_yhk.png>
Package pdftex.def Info: images/logo_yhk.png  used on input line 18.
(pdftex.def)             Requested size: 17.07164pt x 12.43224pt.
[1857

]
\openout4 = `Main_Course_MachineLearning_Presentation.vrb'.

(Main_Course_MachineLearning_Presentation.vrb)
File: images/logo_yhk.png Graphic file (type png)
<use images/logo_yhk.png>
Package pdftex.def Info: images/logo_yhk.png  used on input line 32.
(pdftex.def)             Requested size: 17.07164pt x 12.43224pt.
[1858

]
\openout4 = `Main_Course_MachineLearning_Presentation.vrb'.

(Main_Course_MachineLearning_Presentation.vrb)
File: images/logo_yhk.png Graphic file (type png)
<use images/logo_yhk.png>
Package pdftex.def Info: images/logo_yhk.png  used on input line 50.
(pdftex.def)             Requested size: 17.07164pt x 12.43224pt.
[1859

]
\openout4 = `Main_Course_MachineLearning_Presentation.vrb'.

(Main_Course_MachineLearning_Presentation.vrb)
File: images/logo_yhk.png Graphic file (type png)
<use images/logo_yhk.png>
Package pdftex.def Info: images/logo_yhk.png  used on input line 70.
(pdftex.def)             Requested size: 17.07164pt x 12.43224pt.
[1860

]
\openout4 = `Main_Course_MachineLearning_Presentation.vrb'.

(Main_Course_MachineLearning_Presentation.vrb)
File: images/logo_yhk.png Graphic file (type png)
<use images/logo_yhk.png>
Package pdftex.def Info: images/logo_yhk.png  used on input line 90.
(pdftex.def)             Requested size: 17.07164pt x 12.43224pt.
[1861

]
\openout4 = `Main_Course_MachineLearning_Presentation.vrb'.

(Main_Course_MachineLearning_Presentation.vrb)
File: images/logo_yhk.png Graphic file (type png)
<use images/logo_yhk.png>
Package pdftex.def Info: images/logo_yhk.png  used on input line 101.
(pdftex.def)             Requested size: 17.07164pt x 12.43224pt.
[1862

]) (ml_course_demo_clustering_customers.tex
\openout4 = `Main_Course_MachineLearning_Presentation.vrb'.

(Main_Course_MachineLearning_Presentation.vrb)
File: images/logo_yhk.png Graphic file (type png)
<use images/logo_yhk.png>
Package pdftex.def Info: images/logo_yhk.png  used on input line 8.
(pdftex.def)             Requested size: 17.07164pt x 12.43224pt.
[1863

]
\openout4 = `Main_Course_MachineLearning_Presentation.vrb'.

(Main_Course_MachineLearning_Presentation.vrb)
File: images/logo_yhk.png Graphic file (type png)
<use images/logo_yhk.png>
Package pdftex.def Info: images/logo_yhk.png  used on input line 18.
(pdftex.def)             Requested size: 17.07164pt x 12.43224pt.
[1864

]
\openout4 = `Main_Course_MachineLearning_Presentation.vrb'.

(Main_Course_MachineLearning_Presentation.vrb)
File: images/logo_yhk.png Graphic file (type png)
<use images/logo_yhk.png>
Package pdftex.def Info: images/logo_yhk.png  used on input line 38.
(pdftex.def)             Requested size: 17.07164pt x 12.43224pt.
[1865

]
\openout4 = `Main_Course_MachineLearning_Presentation.vrb'.

(Main_Course_MachineLearning_Presentation.vrb)
File: images/logo_yhk.png Graphic file (type png)
<use images/logo_yhk.png>
Package pdftex.def Info: images/logo_yhk.png  used on input line 59.
(pdftex.def)             Requested size: 17.07164pt x 12.43224pt.
[1866

]
\openout4 = `Main_Course_MachineLearning_Presentation.vrb'.

(Main_Course_MachineLearning_Presentation.vrb)
File: images/logo_yhk.png Graphic file (type png)
<use images/logo_yhk.png>
Package pdftex.def Info: images/logo_yhk.png  used on input line 82.
(pdftex.def)             Requested size: 17.07164pt x 12.43224pt.
[1867

]
\openout4 = `Main_Course_MachineLearning_Presentation.vrb'.

(Main_Course_MachineLearning_Presentation.vrb)
File: images/logo_yhk.png Graphic file (type png)
<use images/logo_yhk.png>
Package pdftex.def Info: images/logo_yhk.png  used on input line 97.
(pdftex.def)             Requested size: 17.07164pt x 12.43224pt.
[1868

]) (ml_course_assign_pca_digits.tex
\openout4 = `Main_Course_MachineLearning_Presentation.vrb'.

(Main_Course_MachineLearning_Presentation.vrb)
File: images/logo_yhk.png Graphic file (type png)
<use images/logo_yhk.png>
Package pdftex.def Info: images/logo_yhk.png  used on input line 8.
(pdftex.def)             Requested size: 17.07164pt x 12.43224pt.
[1869

]
\openout4 = `Main_Course_MachineLearning_Presentation.vrb'.

(Main_Course_MachineLearning_Presentation.vrb)
File: images/logo_yhk.png Graphic file (type png)
<use images/logo_yhk.png>
Package pdftex.def Info: images/logo_yhk.png  used on input line 18.
(pdftex.def)             Requested size: 17.07164pt x 12.43224pt.
[1870

]
\openout4 = `Main_Course_MachineLearning_Presentation.vrb'.

(Main_Course_MachineLearning_Presentation.vrb)
File: images/logo_yhk.png Graphic file (type png)
<use images/logo_yhk.png>
Package pdftex.def Info: images/logo_yhk.png  used on input line 31.
(pdftex.def)             Requested size: 17.07164pt x 12.43224pt.
[1871

]
\openout4 = `Main_Course_MachineLearning_Presentation.vrb'.

(Main_Course_MachineLearning_Presentation.vrb)
File: images/logo_yhk.png Graphic file (type png)
<use images/logo_yhk.png>
Package pdftex.def Info: images/logo_yhk.png  used on input line 53.
(pdftex.def)             Requested size: 17.07164pt x 12.43224pt.
[1872

]
\openout4 = `Main_Course_MachineLearning_Presentation.vrb'.

(Main_Course_MachineLearning_Presentation.vrb)
File: images/logo_yhk.png Graphic file (type png)
<use images/logo_yhk.png>
Package pdftex.def Info: images/logo_yhk.png  used on input line 71.
(pdftex.def)             Requested size: 17.07164pt x 12.43224pt.
[1873

]
\openout4 = `Main_Course_MachineLearning_Presentation.vrb'.

(Main_Course_MachineLearning_Presentation.vrb)
File: images/logo_yhk.png Graphic file (type png)
<use images/logo_yhk.png>
Package pdftex.def Info: images/logo_yhk.png  used on input line 82.
(pdftex.def)             Requested size: 17.07164pt x 12.43224pt.
[1874

]) (ml_titanic_sklearn.tex
\openout4 = `Main_Course_MachineLearning_Presentation.vrb'.

(Main_Course_MachineLearning_Presentation.vrb)
File: images/logo_yhk.png Graphic file (type png)
<use images/logo_yhk.png>
Package pdftex.def Info: images/logo_yhk.png  used on input line 8.
(pdftex.def)             Requested size: 17.07164pt x 12.43224pt.
[1875

]
\openout4 = `Main_Course_MachineLearning_Presentation.vrb'.

(Main_Course_MachineLearning_Presentation.vrb
<images/titanic.jpeg, id=14281, 642.4pt x 439.6425pt>
File: images/titanic.jpeg Graphic file (type jpg)
<use images/titanic.jpeg>
Package pdftex.def Info: images/titanic.jpeg  used on input line 3.
(pdftex.def)             Requested size: 307.28987pt x 210.3082pt.
)
Overfull \vbox (11.86958pt too high) detected at line 16
 []

File: images/logo_yhk.png Graphic file (type png)
<use images/logo_yhk.png>
Package pdftex.def Info: images/logo_yhk.png  used on input line 16.
(pdftex.def)             Requested size: 17.07164pt x 12.43224pt.
[1876

 <./images/titanic.jpeg>]
\openout4 = `Main_Course_MachineLearning_Presentation.vrb'.

(Main_Course_MachineLearning_Presentation.vrb)
File: images/logo_yhk.png Graphic file (type png)
<use images/logo_yhk.png>
Package pdftex.def Info: images/logo_yhk.png  used on input line 26.
(pdftex.def)             Requested size: 17.07164pt x 12.43224pt.
[1877

]
\openout4 = `Main_Course_MachineLearning_Presentation.vrb'.

(Main_Course_MachineLearning_Presentation.vrb)
File: images/logo_yhk.png Graphic file (type png)
<use images/logo_yhk.png>
Package pdftex.def Info: images/logo_yhk.png  used on input line 33.
(pdftex.def)             Requested size: 17.07164pt x 12.43224pt.
[1878

]
\openout4 = `Main_Course_MachineLearning_Presentation.vrb'.

(Main_Course_MachineLearning_Presentation.vrb
<images/titanic_kaggle.png, id=14300, 747.54282pt x 685.8122pt>
File: images/titanic_kaggle.png Graphic file (type png)
<use images/titanic_kaggle.png>
Package pdftex.def Info: images/titanic_kaggle.png  used on input line 3.
(pdftex.def)             Requested size: 307.28987pt x 281.91734pt.
)
Overfull \vbox (71.27873pt too high) detected at line 41
 []

File: images/logo_yhk.png Graphic file (type png)
<use images/logo_yhk.png>
Package pdftex.def Info: images/logo_yhk.png  used on input line 41.
(pdftex.def)             Requested size: 17.07164pt x 12.43224pt.
[1879

 <./images/titanic_kaggle.png>]
\openout4 = `Main_Course_MachineLearning_Presentation.vrb'.

(Main_Course_MachineLearning_Presentation.vrb)
File: images/logo_yhk.png Graphic file (type png)
<use images/logo_yhk.png>
Package pdftex.def Info: images/logo_yhk.png  used on input line 52.
(pdftex.def)             Requested size: 17.07164pt x 12.43224pt.
[1880

]
\openout4 = `Main_Course_MachineLearning_Presentation.vrb'.

(Main_Course_MachineLearning_Presentation.vrb)
File: images/logo_yhk.png Graphic file (type png)
<use images/logo_yhk.png>
Package pdftex.def Info: images/logo_yhk.png  used on input line 62.
(pdftex.def)             Requested size: 17.07164pt x 12.43224pt.
[1881

]
\openout4 = `Main_Course_MachineLearning_Presentation.vrb'.

(Main_Course_MachineLearning_Presentation.vrb)
File: images/logo_yhk.png Graphic file (type png)
<use images/logo_yhk.png>
Package pdftex.def Info: images/logo_yhk.png  used on input line 73.
(pdftex.def)             Requested size: 17.07164pt x 12.43224pt.
[1882

]
\openout4 = `Main_Course_MachineLearning_Presentation.vrb'.

(Main_Course_MachineLearning_Presentation.vrb)
File: images/logo_yhk.png Graphic file (type png)
<use images/logo_yhk.png>
Package pdftex.def Info: images/logo_yhk.png  used on input line 80.
(pdftex.def)             Requested size: 17.07164pt x 12.43224pt.
[1883

]
\openout4 = `Main_Course_MachineLearning_Presentation.vrb'.

(Main_Course_MachineLearning_Presentation.vrb)
File: images/logo_yhk.png Graphic file (type png)
<use images/logo_yhk.png>
Package pdftex.def Info: images/logo_yhk.png  used on input line 99.
(pdftex.def)             Requested size: 17.07164pt x 12.43224pt.
[1884

]
\openout4 = `Main_Course_MachineLearning_Presentation.vrb'.

(Main_Course_MachineLearning_Presentation.vrb)
File: images/logo_yhk.png Graphic file (type png)
<use images/logo_yhk.png>
Package pdftex.def Info: images/logo_yhk.png  used on input line 117.
(pdftex.def)             Requested size: 17.07164pt x 12.43224pt.
[1885

]
\openout4 = `Main_Course_MachineLearning_Presentation.vrb'.

(Main_Course_MachineLearning_Presentation.vrb)
File: images/logo_yhk.png Graphic file (type png)
<use images/logo_yhk.png>
Package pdftex.def Info: images/logo_yhk.png  used on input line 124.
(pdftex.def)             Requested size: 17.07164pt x 12.43224pt.
[1886

]
\openout4 = `Main_Course_MachineLearning_Presentation.vrb'.

(Main_Course_MachineLearning_Presentation.vrb
<images/titk1.png, id=14351, 645.16031pt x 262.73157pt>
File: images/titk1.png Graphic file (type png)
<use images/titk1.png>
Package pdftex.def Info: images/titk1.png  used on input line 5.
(pdftex.def)             Requested size: 307.28987pt x 125.13553pt.
)
File: images/logo_yhk.png Graphic file (type png)
<use images/logo_yhk.png>
Package pdftex.def Info: images/logo_yhk.png  used on input line 138.
(pdftex.def)             Requested size: 17.07164pt x 12.43224pt.
[1887

 <./images/titk1.png>]
\openout4 = `Main_Course_MachineLearning_Presentation.vrb'.

(Main_Course_MachineLearning_Presentation.vrb
<images/titk2.png, id=14358, 642.14906pt x 188.20313pt>
File: images/titk2.png Graphic file (type png)
<use images/titk2.png>
Package pdftex.def Info: images/titk2.png  used on input line 5.
(pdftex.def)             Requested size: 307.28987pt x 90.06364pt.
)
File: images/logo_yhk.png Graphic file (type png)
<use images/logo_yhk.png>
Package pdftex.def Info: images/logo_yhk.png  used on input line 151.
(pdftex.def)             Requested size: 17.07164pt x 12.43224pt.
[1888

 <./images/titk2.png>]
\openout4 = `Main_Course_MachineLearning_Presentation.vrb'.

(Main_Course_MachineLearning_Presentation.vrb)
File: images/logo_yhk.png Graphic file (type png)
<use images/logo_yhk.png>
Package pdftex.def Info: images/logo_yhk.png  used on input line 177.
(pdftex.def)             Requested size: 17.07164pt x 12.43224pt.
[1889

]
\openout4 = `Main_Course_MachineLearning_Presentation.vrb'.

(Main_Course_MachineLearning_Presentation.vrb)
File: images/logo_yhk.png Graphic file (type png)
<use images/logo_yhk.png>
Package pdftex.def Info: images/logo_yhk.png  used on input line 204.
(pdftex.def)             Requested size: 17.07164pt x 12.43224pt.
[1890

]
\openout4 = `Main_Course_MachineLearning_Presentation.vrb'.

(Main_Course_MachineLearning_Presentation.vrb
<images/titk3.png, id=14377, 508.14844pt x 204.01219pt>
File: images/titk3.png Graphic file (type png)
<use images/titk3.png>
Package pdftex.def Info: images/titk3.png  used on input line 8.
(pdftex.def)             Requested size: 307.28987pt x 123.37639pt.
)
File: images/logo_yhk.png Graphic file (type png)
<use images/logo_yhk.png>
Package pdftex.def Info: images/logo_yhk.png  used on input line 217.
(pdftex.def)             Requested size: 17.07164pt x 12.43224pt.
[1891

 <./images/titk3.png>]
\openout4 = `Main_Course_MachineLearning_Presentation.vrb'.

(Main_Course_MachineLearning_Presentation.vrb
<images/titk4.png, id=14385, 224.33812pt x 147.55125pt>
File: images/titk4.png Graphic file (type png)
<use images/titk4.png>
Package pdftex.def Info: images/titk4.png  used on input line 5.
(pdftex.def)             Requested size: 122.91406pt x 80.84273pt.
)
File: images/logo_yhk.png Graphic file (type png)
<use images/logo_yhk.png>
Package pdftex.def Info: images/logo_yhk.png  used on input line 237.
(pdftex.def)             Requested size: 17.07164pt x 12.43224pt.
[1892

 <./images/titk4.png>]
\openout4 = `Main_Course_MachineLearning_Presentation.vrb'.

(Main_Course_MachineLearning_Presentation.vrb
<images/titk5.png, id=14392, 232.61906pt x 148.30406pt>
File: images/titk5.png Graphic file (type png)
<use images/titk5.png>
Package pdftex.def Info: images/titk5.png  used on input line 5.
(pdftex.def)             Requested size: 153.64493pt x 97.9579pt.
)
File: images/logo_yhk.png Graphic file (type png)
<use images/logo_yhk.png>
Package pdftex.def Info: images/logo_yhk.png  used on input line 253.
(pdftex.def)             Requested size: 17.07164pt x 12.43224pt.
[1893

 <./images/titk5.png>]
\openout4 = `Main_Course_MachineLearning_Presentation.vrb'.

(Main_Course_MachineLearning_Presentation.vrb)
File: images/logo_yhk.png Graphic file (type png)
<use images/logo_yhk.png>
Package pdftex.def Info: images/logo_yhk.png  used on input line 276.
(pdftex.def)             Requested size: 17.07164pt x 12.43224pt.
[1894

]
\openout4 = `Main_Course_MachineLearning_Presentation.vrb'.

(Main_Course_MachineLearning_Presentation.vrb
<images/titk6.png, id=14405, 116.68594pt x 115.18031pt>
File: images/titk6.png Graphic file (type png)
<use images/titk6.png>
Package pdftex.def Info: images/titk6.png  used on input line 5.
(pdftex.def)             Requested size: 92.1879pt x 91.00197pt.
)
File: images/logo_yhk.png Graphic file (type png)
<use images/logo_yhk.png>
Package pdftex.def Info: images/logo_yhk.png  used on input line 292.
(pdftex.def)             Requested size: 17.07164pt x 12.43224pt.
[1895

 <./images/titk6.png>]
\openout4 = `Main_Course_MachineLearning_Presentation.vrb'.

(Main_Course_MachineLearning_Presentation.vrb)
File: images/logo_yhk.png Graphic file (type png)
<use images/logo_yhk.png>
Package pdftex.def Info: images/logo_yhk.png  used on input line 305.
(pdftex.def)             Requested size: 17.07164pt x 12.43224pt.
[1896

]
\openout4 = `Main_Course_MachineLearning_Presentation.vrb'.

(Main_Course_MachineLearning_Presentation.vrb
<images/titk7.png, id=14418, 642.14906pt x 368.1253pt>
File: images/titk7.png Graphic file (type png)
<use images/titk7.png>
Package pdftex.def Info: images/titk7.png  used on input line 5.
(pdftex.def)             Requested size: 245.83282pt x 140.92824pt.
)
File: images/logo_yhk.png Graphic file (type png)
<use images/logo_yhk.png>
Package pdftex.def Info: images/logo_yhk.png  used on input line 322.
(pdftex.def)             Requested size: 17.07164pt x 12.43224pt.
[1897

 <./images/titk7.png>]
\openout4 = `Main_Course_MachineLearning_Presentation.vrb'.

(Main_Course_MachineLearning_Presentation.vrb
<images/titk8.png, id=14426, 593.21625pt x 334.24875pt>
File: images/titk8.png Graphic file (type png)
<use images/titk8.png>
Package pdftex.def Info: images/titk8.png  used on input line 4.
(pdftex.def)             Requested size: 122.91406pt x 69.25586pt.
)
File: images/logo_yhk.png Graphic file (type png)
<use images/logo_yhk.png>
Package pdftex.def Info: images/logo_yhk.png  used on input line 340.
(pdftex.def)             Requested size: 17.07164pt x 12.43224pt.
[1898

 <./images/titk8.png>]
\openout4 = `Main_Course_MachineLearning_Presentation.vrb'.

(Main_Course_MachineLearning_Presentation.vrb)
File: images/logo_yhk.png Graphic file (type png)
<use images/logo_yhk.png>
Package pdftex.def Info: images/logo_yhk.png  used on input line 361.
(pdftex.def)             Requested size: 17.07164pt x 12.43224pt.
[1899

]
\openout4 = `Main_Course_MachineLearning_Presentation.vrb'.

(Main_Course_MachineLearning_Presentation.vrb)
File: images/logo_yhk.png Graphic file (type png)
<use images/logo_yhk.png>
Package pdftex.def Info: images/logo_yhk.png  used on input line 377.
(pdftex.def)             Requested size: 17.07164pt x 12.43224pt.
[1900

]
\openout4 = `Main_Course_MachineLearning_Presentation.vrb'.

(Main_Course_MachineLearning_Presentation.vrb)
File: images/logo_yhk.png Graphic file (type png)
<use images/logo_yhk.png>
Package pdftex.def Info: images/logo_yhk.png  used on input line 396.
(pdftex.def)             R