{"loss": [1.3926340341567993, 0.5093422532081604, 0.332528293132782, 0.25064608454704285, 0.1961534023284912, 0.16193240880966187, 0.14591246843338013, 0.12622447311878204, 0.10997208952903748, 0.10591727495193481], "accuracy": [0.5917917490005493, 0.8418664336204529, 0.8951276540756226, 0.9225834012031555, 0.9405078887939453, 0.9505512714385986, 0.9559854865074158, 0.9632833003997803, 0.9678924679756165, 0.9702112674713135], "val_loss": [0.4670976996421814, 0.33370524644851685, 0.22960424423217773, 0.2608007490634918, 0.2714437246322632, 0.21357299387454987, 0.20022274553775787, 0.18895581364631653, 0.3728276193141937, 0.24945156276226044], "val_accuracy": [0.8498747944831848, 0.8961415886878967, 0.9271568655967712, 0.9266446828842163, 0.9191327095031738, 0.9352378845214844, 0.9422376751899719, 0.9466765522956848, 0.9220350384712219, 0.9458798170089722]}