{
  "bounding_box": {
    "min": [
      -24.5,
      -16.799999237060547,
      -1.0
    ],
    "max": [
      24.5,
      16.799999237060547,
      24.0
    ]
  },
  "volume": 18083.19613647461,
  "surface_area": 27307.19849395752,
  "triangle_count": 504,
  "issues": [
    "not_watertight",
    "non_manifold_edges"
  ],
  "is_valid": false
}